{"type":"FeatureCollection","features":[{"type":"Feature","geometry":{"type":"Polygon","coordinates":[[[80.30095245745694,13.143015680591777],[80.24032111177178,13.143015680591777],[80.20184352701004,13.126139865394071],[80.18493670946323,13.056949023083476],[80.18726868429727,13.023759919861321],[80.12780332602912,13.034447936153203],[80.08291281047377,13.036135517672973],[80.07999784193122,13.015884539435724],[80.04385223200353,13.019822229648522],[80.02344745220563,13.040635735059027],[79.99429776678008,13.046823533964853],[79.93658138963747,13.032760354633432],[79.94182833301407,13.008571686183386],[79.89052488666509,12.94500611560536],[79.85263029561186,12.948943805818157],[79.82114863535226,12.96300698514958],[79.8182336668097,13.004633995970588],[79.78966697509266,13.024322447034578],[79.78791799396713,13.05638649591022],[79.74652544066284,13.051323751350907],[79.73836352874368,13.06538693068233],[79.73661454761815,13.167204349041823],[79.69463900060533,13.159328968616226],[79.69172403206278,13.177329838160446],[79.64799950392445,13.199268397917464],[79.63109268637763,13.145828316458061],[79.56929535327544,13.137390408859208],[79.51740891321795,13.143578207765035],[79.48184629699877,13.139640517552237],[79.47543336620514,13.107576468676594],[79.45094763044767,13.093513289345173],[79.43404081290085,13.136265354512695],[79.40139316522422,13.104201305637053],[79.40372514005827,13.080575164360265],[79.33493188245396,13.060324186123019],[79.30345022219436,13.08338780022655],[79.28421142981348,13.12276470235453],[79.30986315298797,13.11207668606265],[79.32910194536885,13.130640082780126],[79.36524755529653,13.130640082780126],[79.35591965596035,13.164391713175538],[79.39206526588805,13.192518071838382],[79.43170883806681,13.189142908798841],[79.45386259899023,13.216706740288426],[79.45327960528172,13.238645300045444],[79.41829998277105,13.2431455174315],[79.41363603310296,13.299960761930443],[79.39847819668167,13.330337229286314],[79.49525515229452,13.344962935790992],[79.53723069930733,13.338775136885168],[79.54014566784988,13.272396930440857],[79.57395930294354,13.258896278282691],[79.60602395691164,13.28814769129205],[79.6713192522649,13.280272310866454],[79.68414511385214,13.244270571778014],[79.7185417426543,13.216706740288426],[79.73253359165857,13.236957718525675],[79.75993429595859,13.207706305516318],[79.79491391846926,13.242020463084987],[79.73486556649262,13.275772093480398],[79.76809620787775,13.314023941261866],[79.79141595621819,13.293772963024619],[79.81706767939268,13.318524158647921],[79.93133444626088,13.351713261870076],[79.95815215685238,13.379277093359661],[79.93949635818002,13.424841794393469],[79.97330999327367,13.42990453895278],[79.97214400585665,13.46928144108076],[80.00770662207583,13.478281875852872],[80.0269454144567,13.513721087768054],[80.02869439558224,13.539034810564612],[80.07708287338866,13.52665921275296],[80.07824886080569,13.488969892144752],[80.14529313728447,13.491220000837778],[80.225746269059,13.485032201931954],[80.24207009289732,13.472656604120303],[80.26422385382074,13.562660951841401],[80.2933735392463,13.495720218223834],[80.32602118692293,13.445092772630716],[80.34642596672082,13.315148995608379],[80.34525997930379,13.279709783693196],[80.3196082561293,13.186330272932556],[80.30095245745694,13.143015680591777]]]},"properties":{"district":"Thiruvallur","st_code":"33","dt_code":"602","year":"2011_c","st_nm":"Tamil Nadu","schemaId":"TN-D01"}},{"type":"Feature","geometry":{"type":"Polygon","coordinates":[[[80.12780332602912,13.034447936153203],[80.18726868429727,13.023759919861321],[80.18493670946323,13.056949023083476],[80.20184352701004,13.126139865394071],[80.24032111177178,13.143015680591777],[80.30095245745694,13.143015680591777],[80.29512252037183,13.092950762171917],[80.25955990415265,12.937130735179764],[80.24964901110796,12.857251876577287],[80.20883945151218,12.871877583081968],[80.18318772833769,12.867377365695912],[80.18843467171429,12.920817447155315],[80.17094486045896,12.966944675362377],[80.13771421907381,12.98269543621357],[80.12780332602912,13.034447936153203]]]},"properties":{"district":"Chennai","st_code":"33","dt_code":"603","year":"2018","st_nm":"Tamil Nadu","schemaId":"TN-D02"}},{"type":"Feature","geometry":{"type":"Polygon","coordinates":[[[78.4120528418808,12.626615735541971],[78.40738889221271,12.601864539918669],[78.42138074121696,12.570363018216284],[78.41555080413185,12.488234050920783],[78.44994743293401,12.449419675966059],[78.43595558392975,12.39372948581363],[78.4592753322702,12.384729051041518],[78.50766381007662,12.399354757546197],[78.5688781494703,12.387541686907802],[78.5846189796001,12.360540382591473],[78.61726662727672,12.347602257606566],[78.61318567131714,12.29472470332042],[78.60152579714692,12.267160871830832],[78.64816529382782,12.258160437058724],[78.67148504216826,12.22103364362377],[78.63300745740652,12.176593996936477],[78.61143669019161,12.182219268669046],[78.57995502993201,12.16703103499111],[78.55488630046602,12.180531687149276],[78.52107266537237,12.179406632802761],[78.49716992332343,12.139467203501525],[78.46685425048084,12.149030165446892],[78.47210119385744,12.17265630672368],[78.3916480620829,12.20472035559932],[78.38581812499778,12.22834649687611],[78.3549194584467,12.22609638818308],[78.3345146786488,12.263785708791293],[78.3024500246807,12.273911197909914],[78.26747040217002,12.263785708791293],[78.26280645250193,12.28909943158785],[78.23540574820191,12.30710030113207],[78.24589963495511,12.327913806542576],[78.22724383628275,12.348727311953079],[78.20509007535932,12.329038860889089],[78.17827236476782,12.3341016054484],[78.16661249059759,12.3627904912845],[78.14270974854864,12.370665871710097],[78.12755191212734,12.402167393412482],[78.1409607674231,12.430856279248582],[78.11647503166563,12.455607474871883],[78.0989852204103,12.446044512926516],[78.04884776147834,12.475858453109131],[78.02727699426343,12.459545165084682],[78.01153616413363,12.502859757425462],[77.98296947241657,12.507359974811516],[77.95323679328251,12.485983942227755],[77.9211721393144,12.491046686787067],[77.97130959824635,12.410042773838079],[77.94973883103144,12.375166089096151],[77.94857284361441,12.336914241314684],[77.9270020763995,12.325101170676291],[77.86695372442286,12.330163915235602],[77.87511563634202,12.303162610919273],[77.86287276846328,12.25703538271221],[77.84421696979092,12.261535600098265],[77.81448429065685,12.234534295781934],[77.79407951085896,12.148467638273633],[77.76084886947383,12.169281143684138],[77.74685702046956,12.155780491525974],[77.73111619033976,12.179969159976018],[77.66523790127799,12.198532556693495],[77.612768467512,12.205845409945834],[77.5189064804417,12.194594866480697],[77.4722669837608,12.209783100158631],[77.47110099634378,12.243534730554044],[77.48859080759911,12.280098996815742],[77.52706839236085,12.278973942469229],[77.56554597712258,12.305975246785557],[77.57837183870983,12.33578918696817],[77.612768467512,12.36110290976473],[77.62734331022477,12.458420110738167],[77.6075215241354,12.475295925935875],[77.61510044234603,12.503984811771975],[77.58711674433751,12.514672828063855],[77.57953782612685,12.573175654082569],[77.59119770029707,12.615365192076835],[77.60577254300986,12.628303317061743],[77.59877661850773,12.667117692016467],[77.6599909579014,12.683993507214172],[77.67864675657376,12.660367365937384],[77.74044408967593,12.673868018095549],[77.76084886947383,12.696931632199082],[77.76084886947383,12.727308099554952],[77.79407951085896,12.757684566910822],[77.79932645423557,12.85162660484472],[77.83605505787176,12.870190001562197],[77.8902734727633,12.869627474388938],[77.92933405123355,12.891003506972702],[77.93866195056972,12.872440110255223],[77.91709118335481,12.838125952686553],[77.94041093169527,12.823500246181876],[77.96431367374421,12.833063208127243],[77.9899653969187,12.821812664662104],[78.01853208863575,12.831375626607471],[78.03077495651449,12.852751659191235],[78.07624846577836,12.839813534206325],[78.09024031478263,12.81731244727605],[78.13454783662948,12.781873235360868],[78.23074179853381,12.760497202777106],[78.24006969787,12.702556903931649],[78.27621530779768,12.701431849585136],[78.29662008759558,12.671055382229266],[78.37940519420417,12.624928154022202],[78.4126358355893,12.62717826271523],[78.4120528418808,12.626615735541971]]]},"properties":{"district":"Krishnagiri","st_code":"33","dt_code":"631","year":"2011_c","st_nm":"Tamil Nadu","schemaId":"TN-D31"}},{"type":"Feature","geometry":{"type":"Polygon","coordinates":[[[78.63300745740652,12.176593996936477],[78.67148504216826,12.22103364362377],[78.64816529382782,12.258160437058724],[78.67556599812784,12.269973507697117],[78.70996262693,12.304287665265786],[78.72920141931085,12.374041034749638],[78.75193817394279,12.386979159734546],[78.76826199778111,12.421293317303215],[78.75835110473642,12.442669349886977],[78.7781728908258,12.46517043681725],[78.82189741896414,12.539424023687157],[78.85804302889183,12.633366061621054],[78.89185666398548,12.67724318113509],[78.91167845007486,12.687368670253715],[78.9717268020515,12.67161790940252],[79.00670642456217,12.702556903931649],[79.023613242109,12.692431414813026],[79.06500579541328,12.746434023445685],[79.13205007189207,12.762184784296878],[79.17227663777935,12.744746441925916],[79.20609027287298,12.745871496272429],[79.20842224770703,12.784685871227152],[79.25214677584538,12.80831201250394],[79.28829238577306,12.775685436455042],[79.2958713039837,12.746996550618942],[79.34309379437312,12.731808316941006],[79.3949802344306,12.689618778946741],[79.35650264966887,12.672180436575779],[79.38273736655186,12.628303317061743],[79.45094763044767,12.671055382229266],[79.46493947945194,12.699744268065366],[79.46902043541152,12.770622691895731],[79.45969253607534,12.783560816880637],[79.45677756753278,12.84431375159238],[79.47251839766258,12.874127691774994],[79.51157897613284,12.856689349404032],[79.55938446023075,12.85331418636449],[79.58561917711376,12.834750789647014],[79.63925459829677,12.81393728423651],[79.64625052279891,12.772310273415501],[79.69813696285641,12.775685436455042],[79.7447764595373,12.7436213875794],[79.74127849728623,12.694118996332797],[79.67073625855639,12.66655516484321],[79.64625052279891,12.670492855056008],[79.63050969266911,12.631115952928027],[79.66548931517978,12.593426632319817],[79.69055804464575,12.601302012745414],[79.7243716797394,12.587238833413991],[79.71446078669472,12.54954951280578],[79.74361047212028,12.532111170434817],[79.755853339999,12.515235355237113],[79.74944040920539,12.456732529218398],[79.7086308496096,12.428043643382297],[79.69755396914789,12.402167393412482],[79.66957027113936,12.39372948581363],[79.66374033405425,12.367853235843812],[79.6404205857138,12.344789621740281],[79.59727905128398,12.350414893472848],[79.52848579367966,12.37010334453684],[79.50691502646475,12.345914676086796],[79.45094763044767,12.374041034749638],[79.44803266190512,12.395979594506656],[79.41538501422849,12.406667610798536],[79.39672921555614,12.435919023807894],[79.32502098940927,12.450544730312572],[79.30869716557095,12.438731659674179],[79.2434018702177,12.445481985753261],[79.22649505267088,12.411167828184592],[79.2486488135943,12.383041469521748],[79.23523995829855,12.368978290190327],[79.24981480101133,12.322288534810006],[79.28945837319009,12.31778831742395],[79.26089168147304,12.276723833776199],[79.24515085134324,12.273911197909914],[79.23349097717302,12.19740750234698],[79.21075422254108,12.165905980644597],[79.27838149272837,12.124841496996845],[79.26030868776452,12.082089431829324],[79.23523995829855,12.06127592641882],[79.2008433294964,12.069713834017673],[79.17285963148785,12.03033693188969],[79.14720790831336,12.044400111221114],[79.12563714109845,12.019086388424554],[79.07899764441756,12.031461986236206],[79.09823643679843,12.069151306844415],[79.08541057521118,12.08096437748281],[79.05217993382604,12.036524730795517],[79.03119216031965,12.06465108945836],[78.95948393417277,12.068588779671158],[78.91342743120039,12.014586171038498],[78.87320086531312,12.026399241676893],[78.83472328055139,12.00727331778616],[78.80382461400029,12.019648915597811],[78.71754154514063,11.984209703682629],[78.69771975905125,11.99264761128148],[78.70937963322149,12.047212747087396],[78.73386536897895,12.113590953531709],[78.72920141931085,12.12765413286313],[78.66623809879165,12.102902937239827],[78.63067548257247,12.134966986115469],[78.64699930641079,12.164218399124827],[78.63300745740652,12.176593996936477]]]},"properties":{"district":"Tiruvannamalai","st_code":"33","dt_code":"606","year":"2011_c","st_nm":"Tamil Nadu","schemaId":"TN-D06"}},{"type":"Feature","geometry":{"type":"Polygon","coordinates":[[[77.74685702046956,12.155780491525974],[77.76084886947383,12.169281143684138],[77.79407951085896,12.148467638273633],[77.81448429065685,12.234534295781934],[77.84421696979092,12.261535600098265],[77.86287276846328,12.25703538271221],[77.87511563634202,12.303162610919273],[77.86695372442286,12.330163915235602],[77.9270020763995,12.325101170676291],[77.94857284361441,12.336914241314684],[77.94973883103144,12.375166089096151],[77.97130959824635,12.410042773838079],[77.9211721393144,12.491046686787067],[77.95323679328251,12.485983942227755],[77.98296947241657,12.507359974811516],[78.01153616413363,12.502859757425462],[78.02727699426343,12.459545165084682],[78.04884776147834,12.475858453109131],[78.0989852204103,12.446044512926516],[78.11647503166563,12.455607474871883],[78.1409607674231,12.430856279248582],[78.12755191212734,12.402167393412482],[78.14270974854864,12.370665871710097],[78.16661249059759,12.3627904912845],[78.17827236476782,12.3341016054484],[78.20509007535932,12.329038860889089],[78.22724383628275,12.348727311953079],[78.24589963495511,12.327913806542576],[78.23540574820191,12.30710030113207],[78.26280645250193,12.28909943158785],[78.26747040217002,12.263785708791293],[78.3024500246807,12.273911197909914],[78.3345146786488,12.263785708791293],[78.3549194584467,12.22609638818308],[78.38581812499778,12.22834649687611],[78.3916480620829,12.20472035559932],[78.47210119385744,12.17265630672368],[78.46685425048084,12.149030165446892],[78.49716992332343,12.139467203501525],[78.52107266537237,12.179406632802761],[78.55488630046602,12.180531687149276],[78.57995502993201,12.16703103499111],[78.61143669019161,12.182219268669046],[78.63300745740652,12.176593996936477],[78.64699930641079,12.164218399124827],[78.63067548257247,12.134966986115469],[78.66623809879165,12.102902937239827],[78.72920141931085,12.12765413286313],[78.73386536897895,12.113590953531709],[78.70937963322149,12.047212747087396],[78.69771975905125,11.99264761128148],[78.71754154514063,11.984209703682629],[78.70471568355339,11.93920752982208],[78.72395447593426,11.91951907875809],[78.70821364580446,11.898143046174328],[78.66040816170654,11.895330410308043],[78.62659452661289,11.869454160338227],[78.59569586006181,11.822764404957907],[78.54672438854686,11.807013644106714],[78.48142909319361,11.817701660398594],[78.44061953359784,11.839640220155612],[78.4330406153872,11.862141307085889],[78.40330793625313,11.873391850551025],[78.38290315645523,11.830639785383504],[78.35083850248712,11.792387937602037],[78.32868474156369,11.798013209334606],[78.36774532003395,11.880704703803364],[78.32285480447858,11.905455899426666],[78.31935684222752,11.932457203742995],[78.25697651541682,11.940332584168592],[78.2348227544934,11.979146959123316],[78.14970567305078,11.968458942831436],[78.06692056644218,11.938645002648823],[78.03893686843365,11.936394893955795],[77.978888516457,11.898143046174328],[77.91709118335481,11.898143046174328],[77.86578773700583,11.91558138854529],[77.83605505787176,11.900955682040612],[77.76259785059936,11.909956116812722],[77.7386951085504,11.93920752982208],[77.6757317880312,11.952145654806987],[77.69613656782909,12.015711225385013],[77.7282012217972,12.06296350793859],[77.75560192609723,12.079839323136296],[77.77542371218661,12.11865369809102],[77.74685702046956,12.155780491525974]]]},"properties":{"district":"Dharmapuri","st_code":"33","dt_code":"630","year":"2011_c","st_nm":"Tamil Nadu","schemaId":"TN-D05"}},{"type":"Feature","geometry":{"type":"Polygon","coordinates":[[[77.6757317880312,11.952145654806987],[77.7386951085504,11.93920752982208],[77.76259785059936,11.909956116812722],[77.83605505787176,11.900955682040612],[77.86578773700583,11.91558138854529],[77.91709118335481,11.898143046174328],[77.978888516457,11.898143046174328],[78.03893686843365,11.936394893955795],[78.06692056644218,11.938645002648823],[78.14970567305078,11.968458942831436],[78.2348227544934,11.979146959123316],[78.25697651541682,11.940332584168592],[78.31935684222752,11.932457203742995],[78.32285480447858,11.905455899426666],[78.36774532003395,11.880704703803364],[78.32868474156369,11.798013209334606],[78.35083850248712,11.792387937602037],[78.38290315645523,11.830639785383504],[78.40330793625313,11.873391850551025],[78.4330406153872,11.862141307085889],[78.44061953359784,11.839640220155612],[78.48142909319361,11.817701660398594],[78.54672438854686,11.807013644106714],[78.59569586006181,11.822764404957907],[78.62659452661289,11.869454160338227],[78.69363880309167,11.851453290794007],[78.69247281567466,11.80420100824043],[78.66507211137463,11.79688815498809],[78.64291835045121,11.76819926915199],[78.6376714070746,11.721509513771672],[78.6528292434959,11.715884242039103],[78.64933128124483,11.66750690513901],[78.65924217428952,11.64781845407502],[78.70063472759381,11.691695573589056],[78.71812453884915,11.683257665990205],[78.78050486565984,11.703508644227451],[78.8044076077088,11.688320410549515],[78.80615658883433,11.661319106233186],[78.78750079016197,11.648943508421535],[78.78633480274496,11.613504296506353],[78.82772735604925,11.576940030244655],[78.81665047558754,11.560626742220206],[78.84288519247053,11.522937421611996],[78.8102375447939,11.50774918793406],[78.78924977128752,11.453746579301402],[78.81956544413009,11.43968339996998],[78.7991606643322,11.385118264164063],[78.78575180903644,11.391868590243146],[78.7414442871896,11.449808889088603],[78.6994687401768,11.455996687994428],[78.68839185971508,11.435745709757182],[78.65108026237037,11.422245057599017],[78.6633231302491,11.373867720698925],[78.64116936932568,11.34236619899654],[78.60444076568947,11.338991035957001],[78.57121012430434,11.315364894680211],[78.5531373193405,11.319865112066267],[78.5531373193405,11.35867948702099],[78.52340464020642,11.370492557659384],[78.50999578491067,11.396931334802456],[78.48609304286171,11.407619351094338],[78.44761545809997,11.400306497842],[78.448781445517,11.431245492371126],[78.43245762167868,11.476247666231675],[78.44236851472337,11.498748753161951],[78.47326718127447,11.520124785745711],[78.45577737001912,11.5437509270225],[78.45169641405955,11.597191008481904],[78.3654133451999,11.57806508459117],[78.32985072898072,11.531937856384106],[78.3030330183892,11.58875310088305],[78.2721343518381,11.578627611764425],[78.24356766012106,11.55275136179461],[78.20975402502742,11.564564432433004],[78.16078255351248,11.538688182463188],[78.07974642802942,11.548251144408555],[78.07508247836134,11.52237489443874],[78.04360081810174,11.5150620411864],[78.02669400055491,11.530250274864336],[77.97772252903998,11.530812802037591],[77.97189259195487,11.46837228580608],[77.91884016448034,11.45205899778163],[77.89843538468246,11.420557476079246],[77.85237888171008,11.414932204346677],[77.82089722145048,11.449246361915346],[77.76084886947383,11.450933943435118],[77.73169918404827,11.44474614452929],[77.69671956153759,11.464434595593282],[77.73111619033976,11.509999296627088],[77.72353727212911,11.534187965077134],[77.74627402676104,11.57075223133883],[77.73636313371635,11.603378807387728],[77.76143186318234,11.650068562768048],[77.74860600159509,11.664131742099471],[77.71479236650144,11.649506035594792],[77.68914064332695,11.652318671461076],[77.69730255524611,11.735572693103093],[77.7223712847121,11.795200573468321],[77.71071141054186,11.810388807146255],[77.66582089498651,11.824451986477678],[77.66173993902693,11.878454595110338],[77.68505968736737,11.877329540763823],[77.6757317880312,11.952145654806987]]]},"properties":{"district":"Salem","st_code":"33","dt_code":"608","year":"2011_c","st_nm":"Tamil Nadu","schemaId":"TN-D08"}},{"type":"Feature","geometry":{"type":"Polygon","coordinates":[[[77.6757317880312,11.952145654806987],[77.68505968736737,11.877329540763823],[77.66173993902693,11.878454595110338],[77.66582089498651,11.824451986477678],[77.71071141054186,11.810388807146255],[77.7223712847121,11.795200573468321],[77.69730255524611,11.735572693103093],[77.68914064332695,11.652318671461076],[77.71479236650144,11.649506035594792],[77.74860600159509,11.664131742099471],[77.76143186318234,11.650068562768048],[77.73636313371635,11.603378807387728],[77.74627402676104,11.57075223133883],[77.72353727212911,11.534187965077134],[77.73111619033976,11.509999296627088],[77.69671956153759,11.464434595593282],[77.68272771253334,11.42337011194553],[77.717707335044,11.378367938084981],[77.74277606450998,11.364304758753558],[77.80923734728024,11.266425030606865],[77.83897002641432,11.261362286047552],[77.86578773700583,11.23998625346379],[77.86170678104625,11.189358807870672],[77.88444353567819,11.156169704648518],[77.89143946018032,11.079666009085583],[77.93283201348461,11.070103047140217],[77.92233812673142,11.04985206890297],[77.88094557342713,11.02453834610641],[77.83022512078665,11.047601960209942],[77.81798225290792,11.070103047140217],[77.77658969960363,11.058289976501822],[77.7381121148419,11.085291280818153],[77.66115694531842,11.10385467753563],[77.61626642976306,11.12691829163916],[77.55855005262045,11.10891742209494],[77.50025068176934,11.10722984057517],[77.48684182647358,11.179233318752049],[77.51074456852254,11.187108699177646],[77.50025068176934,11.22592307413237],[77.46352207813314,11.258549650181267],[77.47518195230336,11.301864242522047],[77.41863156257777,11.3103021501209],[77.38598391490115,11.322115220759294],[77.33468046855216,11.317052476199983],[77.34634034272239,11.277113046898744],[77.28629199074574,11.29230128057668],[77.21808172684993,11.351929160941907],[77.16736127420947,11.317052476199983],[77.14695649441157,11.336178400090716],[77.11489184044346,11.378930465258238],[77.04551558913063,11.402556606535025],[77.01345093516252,11.368804976139614],[76.96331347623057,11.385118264164063],[76.9808032874859,11.401431552188512],[76.98313526231993,11.440245927143236],[77.0122849477455,11.45205899778163],[76.9912971742391,11.481310410790988],[77.012867941454,11.524062475958509],[76.960398507688,11.571314758512086],[76.90443111167093,11.580315193284196],[76.85371065903047,11.577502557417912],[76.84671473452833,11.594378372615619],[76.8344718666496,11.639943073649425],[76.8502126967794,11.686632829029744],[76.88810728783263,11.733885111583321],[76.90851206763051,11.795200573468321],[76.96972640702418,11.7771997039241],[76.98313526231993,11.800825845200889],[77.012867941454,11.814889024532311],[77.0385196646285,11.794075519121806],[77.08282718647534,11.740072910489147],[77.11197687190091,11.742323019182175],[77.11081088448388,11.77382454088456],[77.18893204142438,11.792387937602037],[77.23848650664783,11.794638046295063],[77.24956338710953,11.81320144301254],[77.2938709089564,11.809263752799742],[77.33526346226068,11.771574432191532],[77.39531181423733,11.786200138696211],[77.42795946191396,11.767074214805477],[77.44953022912887,11.796325627814834],[77.46527105925867,11.875079432070795],[77.49033978872465,11.908831062466207],[77.49267176355869,11.941457638515107],[77.53814527282256,11.932457203742995],[77.5608820274545,11.942020165688362],[77.60460655559284,11.938082475475564],[77.6757317880312,11.952145654806987]]]},"properties":{"district":"Erode","st_code":"33","dt_code":"610","year":"2011_c","st_nm":"Tamil Nadu","schemaId":"TN-D10"}},{"type":"Feature","geometry":{"type":"Polygon","coordinates":[[[76.84671473452833,11.594378372615619],[76.85371065903047,11.577502557417912],[76.90443111167093,11.580315193284196],[76.960398507688,11.571314758512086],[77.012867941454,11.524062475958509],[76.9912971742391,11.481310410790988],[77.0122849477455,11.45205899778163],[76.98313526231993,11.440245927143236],[76.9808032874859,11.401431552188512],[76.96331347623057,11.385118264164063],[76.93707875934756,11.359242014194248],[76.9020991368369,11.350804106595394],[76.89102225637518,11.36599234027333],[76.8502126967794,11.340116090303514],[76.86187257094961,11.306926987081358],[76.84205078486023,11.287801063190624],[76.79832625672191,11.29230128057668],[76.78841536367722,11.278238101245257],[76.73244796766014,11.246174052369616],[76.70563025706863,11.240548780637049],[76.62867508754516,11.194421552429985],[76.60069138953662,11.197796715469526],[76.53364711305784,11.185421117657874],[76.49925048425568,11.21129736762769],[76.44911302532371,11.205672095895121],[76.45319398128329,11.239423726290534],[76.5214042451791,11.270925247992919],[76.5423920186855,11.296801497962734],[76.54763896206211,11.359242014194248],[76.46018990578543,11.389055954376861],[76.36865989354918,11.456559215167685],[76.32610135282786,11.454309106474657],[76.28412580581507,11.482997992310757],[76.26488701343419,11.481310410790988],[76.24040127767672,11.52575005747828],[76.23340535317459,11.567939595472545],[76.27887886243846,11.601128698694701],[76.3021986107789,11.571314758512086],[76.33601224587255,11.596065954135389],[76.37798779288536,11.602253753041214],[76.38789868593004,11.629817584530802],[76.4269592644003,11.6337552747436],[76.45669194353437,11.664694269272726],[76.51149335213441,11.70519622574722],[76.53889405643444,11.689445464896028],[76.56979272298553,11.618004513892407],[76.61351725112387,11.607879024773784],[76.67123362826646,11.615754405199379],[76.82281199247937,11.60844155194704],[76.84671473452833,11.594378372615619]]]},"properties":{"district":"Nilgiris","st_code":"33","dt_code":"611","year":"2011_c","st_nm":"Tamil Nadu","schemaId":"TN-D11"}},{"type":"Feature","geometry":{"type":"Polygon","coordinates":[[[77.69671956153759,11.464434595593282],[77.73169918404827,11.44474614452929],[77.76084886947383,11.450933943435118],[77.82089722145048,11.449246361915346],[77.85237888171008,11.414932204346677],[77.89843538468246,11.420557476079246],[77.91884016448034,11.45205899778163],[77.97189259195487,11.46837228580608],[77.97772252903998,11.530812802037591],[78.02669400055491,11.530250274864336],[78.04360081810174,11.5150620411864],[78.07508247836134,11.52237489443874],[78.07974642802942,11.548251144408555],[78.16078255351248,11.538688182463188],[78.20975402502742,11.564564432433004],[78.24356766012106,11.55275136179461],[78.2721343518381,11.578627611764425],[78.3030330183892,11.58875310088305],[78.32985072898072,11.531937856384106],[78.3654133451999,11.57806508459117],[78.45169641405955,11.597191008481904],[78.45577737001912,11.5437509270225],[78.47326718127447,11.520124785745711],[78.44236851472337,11.498748753161951],[78.43245762167868,11.476247666231675],[78.448781445517,11.431245492371126],[78.44761545809997,11.400306497842],[78.48609304286171,11.407619351094338],[78.4645222756468,11.377242883738468],[78.44703246439146,11.332240709877917],[78.46102431339573,11.324365329452322],[78.42196373492548,11.211859894800948],[78.3811541753297,11.187108699177646],[78.3811541753297,11.142106525317097],[78.34559155911052,11.1342311448915],[78.33684665348285,11.104979731882143],[78.35083850248712,11.06954051996696],[78.3240207918956,11.057727449328565],[78.2295758111168,11.09485424276352],[78.23540574820191,11.064477775407648],[78.1829363144359,11.06954051996696],[78.19459618860613,11.022288237413383],[78.16486350947206,11.013287802641273],[78.10190018895285,11.075728318872786],[78.05467769856345,11.074040737353014],[78.02727699426343,11.09091655255072],[77.99054839062723,11.096541824283289],[77.94624086878038,11.065602829754162],[77.93283201348461,11.070103047140217],[77.89143946018032,11.079666009085583],[77.88444353567819,11.156169704648518],[77.86170678104625,11.189358807870672],[77.86578773700583,11.23998625346379],[77.83897002641432,11.261362286047552],[77.80923734728024,11.266425030606865],[77.74277606450998,11.364304758753558],[77.717707335044,11.378367938084981],[77.68272771253334,11.42337011194553],[77.69671956153759,11.464434595593282]]]},"properties":{"district":"Namakkal","st_code":"33","dt_code":"609","year":"2011_c","st_nm":"Tamil Nadu","schemaId":"TN-D09"}},{"type":"Feature","geometry":{"type":"Polygon","coordinates":[[[78.6633231302491,11.373867720698925],[78.65108026237037,11.422245057599017],[78.68839185971508,11.435745709757182],[78.6994687401768,11.455996687994428],[78.7414442871896,11.449808889088603],[78.78575180903644,11.391868590243146],[78.7991606643322,11.385118264164063],[78.81956544413009,11.43968339996998],[78.78924977128752,11.453746579301402],[78.8102375447939,11.50774918793406],[78.84288519247053,11.522937421611996],[78.87728182127269,11.50774918793406],[78.96181590900682,11.40536924240131],[79.03235814773666,11.393556171762917],[79.05567789607711,11.402556606535025],[79.12097319143037,11.396368807629202],[79.16819568181977,11.378367938084981],[79.15711880135805,11.338428508783743],[79.13088408447504,11.332240709877917],[79.10873032355163,11.270362720819662],[79.12213917884738,11.2489866882359],[79.09881943050694,11.230985818691682],[79.09357248713033,11.200046824162554],[79.0550949023686,11.129730927505445],[79.06908675137286,11.110042476441453],[79.05451190866009,11.085291280818153],[79.03177515402815,11.083603699298381],[79.00612343085366,11.05885250367508],[78.97405877688554,11.094291715590263],[78.92683628649614,11.089791498204207],[78.89593761994506,11.099916987322832],[78.80732257625135,11.079103481912327],[78.81082053850243,11.111730057961225],[78.76068307957047,11.120167965560078],[78.73503135639598,11.1055422590554],[78.74261027460662,11.075728318872786],[78.70121772130233,11.068415465620447],[78.68081294150443,11.130293454678702],[78.67498300441932,11.194421552429985],[78.69830275275977,11.191046389390443],[78.71287759547255,11.214110003493975],[78.70996262693,11.2489866882359],[78.73852931864704,11.29398886209645],[78.73328237527043,11.323240275105807],[78.65632720574696,11.333928291397688],[78.6633231302491,11.373867720698925]]]},"properties":{"district":"Perambalur","st_code":"33","dt_code":"615","year":"2011_c","st_nm":"Tamil Nadu","schemaId":"TN-D16"}},{"type":"Feature","geometry":{"type":"Polygon","coordinates":[[[76.96331347623057,11.385118264164063],[77.01345093516252,11.368804976139614],[77.04551558913063,11.402556606535025],[77.11489184044346,11.378930465258238],[77.14695649441157,11.336178400090716],[77.15045445666264,11.306364459908101],[77.11955579011155,11.290051171883652],[77.16444630566691,11.268112612126634],[77.16094834341584,11.167982775286912],[77.20875382751376,11.140418943797325],[77.24315045631592,11.13760630793104],[77.2629722424053,11.113980166654253],[77.1685272616265,11.067290411273932],[77.17902114837969,11.035788889571547],[77.1539524189137,10.99753704179008],[77.17902114837969,10.926658617959715],[77.2110858023478,10.902469949509669],[77.247814405984,10.904720058202697],[77.25947428015422,10.851279976743296],[77.28512600332871,10.839466906104901],[77.2944539026649,10.813028128961829],[77.25422733677763,10.776463862700131],[77.23032459472867,10.777588917046645],[77.19651095963502,10.802902639843204],[77.16094834341584,10.793339677897837],[77.13413063282432,10.75002508555706],[77.14112655732646,10.680271716073207],[77.15220343778817,10.650457775890594],[77.18135312321374,10.64370744981151],[77.15803337487328,10.584079569446283],[77.10206597885622,10.58632967813931],[77.08107820534981,10.572266498807888],[77.07291629343065,10.540202449932247],[77.07816323680726,10.503075656497293],[77.0589244444264,10.477761933700734],[77.07349928713917,10.463136227196056],[77.04143463317105,10.427134488107615],[77.08632514872642,10.378194624034268],[77.07641425568173,10.33656761321326],[77.090406104686,10.314629053456242],[77.05600947588384,10.287065221966657],[77.05134552621574,10.264001607863124],[76.98430124973696,10.222374597042116],[76.9394107341816,10.238125357893308],[76.91026104875604,10.235312722027023],[76.89685219346029,10.262314026343354],[76.82980791698151,10.303378509991106],[76.84846371565386,10.367506607742389],[76.82339498618788,10.394507912058717],[76.81581606797724,10.423196797894818],[76.82805893585598,10.449635575037892],[76.83855282260917,10.595892640084676],[76.81756504910277,10.60264296616376],[76.81406708685171,10.635269542212658],[76.88227735074751,10.639207232425456],[76.8659535269092,10.684209406286005],[76.90384811796243,10.762963210541967],[76.90093314941987,10.807965384402516],[76.87003448286877,10.80909043874903],[76.83097390439853,10.87040590063403],[76.77967045804955,10.891219406044533],[76.73944389216227,10.894594569084074],[76.65899076038774,10.930596308172513],[76.66656967859838,10.968285628780723],[76.71612414382183,11.040289106957603],[76.7464398166644,11.056602394982052],[76.74818879778994,11.134793672064756],[76.70563025706863,11.142106525317097],[76.69513637031542,11.1668577209404],[76.7301159928261,11.193859025256728],[76.73536293620269,11.215797585013746],[76.70563025706863,11.240548780637049],[76.73244796766014,11.246174052369616],[76.78841536367722,11.278238101245257],[76.79832625672191,11.29230128057668],[76.84205078486023,11.287801063190624],[76.86187257094961,11.306926987081358],[76.8502126967794,11.340116090303514],[76.89102225637518,11.36599234027333],[76.9020991368369,11.350804106595394],[76.93707875934756,11.359242014194248],[76.96331347623057,11.385118264164063]]]},"properties":{"district":"Coimbatore","st_code":"33","dt_code":"632","year":"2011_c","st_nm":"Tamil Nadu","schemaId":"TN-D12"}},{"type":"Feature","geometry":{"type":"Polygon","coordinates":[[[78.48609304286171,11.407619351094338],[78.50999578491067,11.396931334802456],[78.52340464020642,11.370492557659384],[78.5531373193405,11.35867948702099],[78.5531373193405,11.319865112066267],[78.57121012430434,11.315364894680211],[78.60444076568947,11.338991035957001],[78.64116936932568,11.34236619899654],[78.6633231302491,11.373867720698925],[78.65632720574696,11.333928291397688],[78.73328237527043,11.323240275105807],[78.73852931864704,11.29398886209645],[78.70996262693,11.2489866882359],[78.71287759547255,11.214110003493975],[78.69830275275977,11.191046389390443],[78.67498300441932,11.194421552429985],[78.68081294150443,11.130293454678702],[78.70121772130233,11.068415465620447],[78.74261027460662,11.075728318872786],[78.73503135639598,11.1055422590554],[78.76068307957047,11.120167965560078],[78.81082053850243,11.111730057961225],[78.80732257625135,11.079103481912327],[78.89593761994506,11.099916987322832],[78.92683628649614,11.089791498204207],[78.97405877688554,11.094291715590263],[79.00612343085366,11.05885250367508],[79.01253636164728,11.009912639601731],[78.98630164476428,11.000912204829621],[78.97872272655364,10.970535737473751],[78.94199412291744,10.973348373340036],[79.00204247489408,10.922158400573661],[79.00437444972813,10.894032041910817],[78.94432609775149,10.888969297351505],[78.92333832424508,10.865905683247973],[78.85221309180672,10.842842069144442],[78.86853691564502,10.825403726773478],[78.86503895339396,10.7207736725477],[78.87320086531312,10.705585438869766],[78.8720348778961,10.688147096498803],[78.8201484378386,10.694897422577885],[78.79041575870453,10.649895248717336],[78.75835110473642,10.653270411756877],[78.73561435010448,10.714585873641877],[78.68897485342359,10.734836851879123],[78.69305580938317,10.691522259538344],[78.66623809879165,10.67239633564761],[78.65865918058101,10.70502291169651],[78.62717752032141,10.703897857349995],[78.59278089151925,10.658895683489446],[78.56538018721922,10.660583265009215],[78.55080534450644,10.686459514979033],[78.52282164649792,10.674083917167382],[78.52690260245748,10.629081743306832],[78.48259508061064,10.638644705252199],[78.4592753322702,10.611643400935868],[78.46918622531489,10.54132750427876],[78.48609304286171,10.539077395585732],[78.51932368424684,10.482824678260046],[78.54963935708942,10.514326199962431],[78.58928292926818,10.474386770661193],[78.58286999847456,10.446822939171607],[78.56129923125965,10.431634705493671],[78.52282164649792,10.436697450052982],[78.50533183524257,10.37594451534124],[78.50591482895109,10.388320113152892],[78.4493644392255,10.409696145736653],[78.43653857763826,10.363006390356333],[78.41555080413185,10.363006390356333],[78.37882220049565,10.310128836070188],[78.33334869123178,10.300565874124821],[78.33801264089988,10.325317069748124],[78.27913027634024,10.3725693523017],[78.31527588626794,10.439510085919267],[78.23423976078489,10.470449080448395],[78.20625606277635,10.473824243487936],[78.19168122006357,10.500825547804265],[78.19984313198273,10.546952776011329],[78.24298466641255,10.554265629263668],[78.26280645250193,10.57901682488697],[78.26513842733598,10.626269107440548],[78.292539131636,10.701647748656967],[78.31644187368497,10.701647748656967],[78.34500856540201,10.721336199720959],[78.37765621307864,10.725836417107013],[78.40680589850419,10.674083917167382],[78.4750161624,10.703897857349995],[78.51699170941279,10.707273020389536],[78.56654617463624,10.740462123611692],[78.57878904251498,10.850154922396781],[78.55080534450644,10.877718753886368],[78.50241686670002,10.887281715831735],[78.4283766657191,10.947472123370218],[78.40272494254461,10.960972775528385],[78.34151060315094,10.960972775528385],[78.24998059091469,10.96884815595398],[78.20683905648487,10.958722666835357],[78.18118733331038,10.981223753765631],[78.16486350947206,11.013287802641273],[78.19459618860613,11.022288237413383],[78.1829363144359,11.06954051996696],[78.23540574820191,11.064477775407648],[78.2295758111168,11.09485424276352],[78.3240207918956,11.057727449328565],[78.35083850248712,11.06954051996696],[78.33684665348285,11.104979731882143],[78.34559155911052,11.1342311448915],[78.3811541753297,11.142106525317097],[78.3811541753297,11.187108699177646],[78.42196373492548,11.211859894800948],[78.46102431339573,11.324365329452322],[78.44703246439146,11.332240709877917],[78.4645222756468,11.377242883738468],[78.48609304286171,11.407619351094338]]]},"properties":{"district":"Tiruchirappalli","st_code":"33","dt_code":"614","year":"2011_c","st_nm":"Tamil Nadu","schemaId":"TN-D15"}},{"type":"Feature","geometry":{"type":"Polygon","coordinates":[[[79.00612343085366,11.05885250367508],[79.03177515402815,11.083603699298381],[79.05451190866009,11.085291280818153],[79.06908675137286,11.110042476441453],[79.0550949023686,11.129730927505445],[79.09357248713033,11.200046824162554],[79.09881943050694,11.230985818691682],[79.12213917884738,11.2489866882359],[79.10873032355163,11.270362720819662],[79.13088408447504,11.332240709877917],[79.15711880135805,11.338428508783743],[79.16819568181977,11.378367938084981],[79.22474607154534,11.391868590243146],[79.29645429769222,11.381743101124522],[79.29237334173264,11.412119568480392],[79.36699653642206,11.418307367386218],[79.38506934138591,11.409306932614108],[79.3891502973455,11.367117394619843],[79.47368438507961,11.314239840333698],[79.49817012083707,11.31367731316044],[79.51041298871581,11.228173182825397],[79.50166808308815,11.203421987202095],[79.45852654865833,11.150544432915948],[79.43112584435829,11.121293019906592],[79.39906119039019,11.066727884100676],[79.3576686370859,11.049289541729713],[79.3116121341135,11.017788020027329],[79.29120735431562,11.014412856987786],[79.2224140967113,10.946347069023705],[79.14137797122825,10.94015927011788],[79.076082675875,10.922158400573661],[79.06325681428775,10.897969732123615],[79.03235814773666,10.886719188658478],[79.00437444972813,10.894032041910817],[79.00204247489408,10.922158400573661],[78.94199412291744,10.973348373340036],[78.97872272655364,10.970535737473751],[78.98630164476428,11.000912204829621],[79.01253636164728,11.009912639601731],[79.00612343085366,11.05885250367508]]]},"properties":{"district":"Ariyalur","st_code":"33","dt_code":"616","year":"2011_c","st_nm":"Tamil Nadu","schemaId":"TN-D16"}},{"type":"Feature","geometry":{"type":"Polygon","coordinates":[[[77.14695649441157,11.336178400090716],[77.16736127420947,11.317052476199983],[77.21808172684993,11.351929160941907],[77.28629199074574,11.29230128057668],[77.34634034272239,11.277113046898744],[77.33468046855216,11.317052476199983],[77.38598391490115,11.322115220759294],[77.41863156257777,11.3103021501209],[77.47518195230336,11.301864242522047],[77.46352207813314,11.258549650181267],[77.50025068176934,11.22592307413237],[77.51074456852254,11.187108699177646],[77.48684182647358,11.179233318752049],[77.50025068176934,11.10722984057517],[77.55855005262045,11.10891742209494],[77.61626642976306,11.12691829163916],[77.66115694531842,11.10385467753563],[77.7381121148419,11.085291280818153],[77.77658969960363,11.058289976501822],[77.79174753602491,11.032976253705264],[77.78125364927172,10.998662096136595],[77.75093797642914,10.981223753765631],[77.77017676881,10.962097829874898],[77.76026587576531,10.903595003856184],[77.77250874364405,10.877156226713112],[77.8331400893292,10.837216797411873],[77.87103468038244,10.840029433278158],[77.87803060488457,10.78940198768504],[77.87103468038244,10.771963645314077],[77.79874346052705,10.805715275709488],[77.77075976251851,10.767463427928021],[77.8273101522441,10.7494625583838],[77.82439518370154,10.71571092798839],[77.80807135986323,10.680834243246464],[77.78883256748236,10.685334460632518],[77.75326995126318,10.667896118261556],[77.7282012217972,10.630206797653345],[77.69846854266314,10.662270846528987],[77.70604746087378,10.716273455161646],[77.69555357412058,10.73539937905238],[77.66465490756948,10.716273455161646],[77.65591000194182,10.673521389994125],[77.63667120956094,10.669021172608069],[77.58595075692048,10.683646879112748],[77.54922215328428,10.639207232425456],[77.54280922249065,10.609955819416099],[77.51599151189914,10.612768455282382],[77.50433163772891,10.642582395464997],[77.4821778768055,10.649895248717336],[77.41746557516075,10.625706580267291],[77.38423493377562,10.590267368352109],[77.36849410364582,10.55032793905087],[77.377822002982,10.525576743427568],[77.38540092119264,10.449635575037892],[77.33293148742663,10.455823373943716],[77.32010562583939,10.417008998988992],[77.31602466987981,10.355131009930737],[77.35217027980751,10.275252151328262],[77.32943352517557,10.27187698828872],[77.28804097187128,10.232500086160739],[77.26472122353083,10.235312722027023],[77.2635552361138,10.264001607863124],[77.22799261989462,10.315191580629499],[77.23498854439676,10.35288090123771],[77.17610617983713,10.358506172970278],[77.12013878382007,10.318004216495783],[77.090406104686,10.314629053456242],[77.07641425568173,10.33656761321326],[77.08632514872642,10.378194624034268],[77.04143463317105,10.427134488107615],[77.07349928713917,10.463136227196056],[77.0589244444264,10.477761933700734],[77.07816323680726,10.503075656497293],[77.07291629343065,10.540202449932247],[77.08107820534981,10.572266498807888],[77.10206597885622,10.58632967813931],[77.15803337487328,10.584079569446283],[77.18135312321374,10.64370744981151],[77.15220343778817,10.650457775890594],[77.14112655732646,10.680271716073207],[77.13413063282432,10.75002508555706],[77.16094834341584,10.793339677897837],[77.19651095963502,10.802902639843204],[77.23032459472867,10.777588917046645],[77.25422733677763,10.776463862700131],[77.2944539026649,10.813028128961829],[77.28512600332871,10.839466906104901],[77.25947428015422,10.851279976743296],[77.247814405984,10.904720058202697],[77.2110858023478,10.902469949509669],[77.17902114837969,10.926658617959715],[77.1539524189137,10.99753704179008],[77.17902114837969,11.035788889571547],[77.1685272616265,11.067290411273932],[77.2629722424053,11.113980166654253],[77.24315045631592,11.13760630793104],[77.20875382751376,11.140418943797325],[77.16094834341584,11.167982775286912],[77.16444630566691,11.268112612126634],[77.11955579011155,11.290051171883652],[77.15045445666264,11.306364459908101],[77.14695649441157,11.336178400090716]]]},"properties":{"district":"Tiruppur","st_code":"33","dt_code":"633","year":"2011_c","st_nm":"Tamil Nadu","schemaId":"TN-D12"}},{"type":"Feature","geometry":{"type":"Polygon","coordinates":[[[78.87320086531312,10.705585438869766],[78.86503895339396,10.7207736725477],[78.86853691564502,10.825403726773478],[78.85221309180672,10.842842069144442],[78.92333832424508,10.865905683247973],[78.94432609775149,10.888969297351505],[79.00437444972813,10.894032041910817],[79.03235814773666,10.886719188658478],[79.06325681428775,10.897969732123615],[79.076082675875,10.922158400573661],[79.14137797122825,10.94015927011788],[79.2224140967113,10.946347069023705],[79.29120735431562,11.014412856987786],[79.3116121341135,11.017788020027329],[79.3576686370859,11.049289541729713],[79.39906119039019,11.066727884100676],[79.43112584435829,11.121293019906592],[79.45852654865833,11.150544432915948],[79.52673681255412,11.183733536138105],[79.55297152943713,11.127480818812417],[79.52965178109667,11.056039867808796],[79.51099598242432,11.041976688477373],[79.53140076222222,11.011037693948246],[79.51565993209242,10.969973210300495],[79.50108508937963,10.941846851637651],[79.48592725295835,10.869280846287515],[79.45561158011577,10.864218101728202],[79.389733291054,10.896282150603845],[79.35883462450292,10.900219840816643],[79.29179034802412,10.937909161424852],[79.27196856193476,10.89909478647013],[79.27371754306029,10.873218536500312],[79.2952883102752,10.864218101728202],[79.30170124106881,10.82877888981302],[79.35358768112631,10.793902205071095],[79.34367678808162,10.739899596438434],[79.30811417186244,10.716835982334903],[79.31802506490713,10.660583265009215],[79.3576686370859,10.644832504158025],[79.34659175662418,10.592517477045135],[79.36116659933695,10.57901682488697],[79.39964418409869,10.577329243367199],[79.43928775627745,10.523889161907798],[79.46902043541152,10.511513564096147],[79.48301228441579,10.489575004339128],[79.47193540395408,10.433884814186698],[79.45444559269875,10.433884814186698],[79.47543336620514,10.372006825128443],[79.50108508937963,10.369194189262158],[79.47659935362216,10.35119331971794],[79.47193540395408,10.315754107802757],[79.37982239800931,10.315754107802757],[79.36641354271356,10.293815548045739],[79.3005352536518,10.265126662209639],[79.26672161855815,10.229124923121198],[79.27838149272837,10.215624270963033],[79.24631683876027,10.18749791230019],[79.22707804637939,10.136870466707071],[79.20259231062192,10.158246499290833],[79.15128886427294,10.159934080810604],[79.16061676360911,10.195373292725787],[79.15012287685592,10.21618679813629],[79.11572624805376,10.23418766768051],[79.13263306560059,10.265126662209639],[79.11864121659632,10.288752803486426],[79.13263306560059,10.309003781723673],[79.12097319143037,10.337692667559773],[79.15245485168997,10.349505738198168],[79.13205007189207,10.42432185224133],[79.15886778248358,10.473824243487936],[79.14021198381123,10.51263861844266],[79.15828478877508,10.533452123853165],[79.18451950565807,10.537952341239219],[79.17694058744743,10.585767150966053],[79.14137797122825,10.58801725965908],[79.12971809705803,10.6347070150394],[79.10056841163247,10.629644270480089],[79.0655887891218,10.648207667197566],[79.06617178283031,10.670146226954582],[79.0288601854856,10.68139677041972],[78.99329756926642,10.721898726894215],[78.98688463847279,10.679146661726694],[78.918674374577,10.67070875412784],[78.87320086531312,10.705585438869766]]]},"properties":{"district":"Thanjavur","st_code":"33","dt_code":"620","year":"2011_c","st_nm":"Tamil Nadu","schemaId":"TN-D21"}},{"type":"Feature","geometry":{"type":"Polygon","coordinates":[[[77.77658969960363,11.058289976501822],[77.81798225290792,11.070103047140217],[77.83022512078665,11.047601960209942],[77.88094557342713,11.02453834610641],[77.92233812673142,11.04985206890297],[77.93283201348461,11.070103047140217],[77.94624086878038,11.065602829754162],[77.99054839062723,11.096541824283289],[78.02727699426343,11.09091655255072],[78.05467769856345,11.074040737353014],[78.10190018895285,11.075728318872786],[78.16486350947206,11.013287802641273],[78.18118733331038,10.981223753765631],[78.20683905648487,10.958722666835357],[78.24998059091469,10.96884815595398],[78.34151060315094,10.960972775528385],[78.40272494254461,10.960972775528385],[78.4283766657191,10.947472123370218],[78.50241686670002,10.887281715831735],[78.55080534450644,10.877718753886368],[78.57878904251498,10.850154922396781],[78.56654617463624,10.740462123611692],[78.51699170941279,10.707273020389536],[78.4750161624,10.703897857349995],[78.40680589850419,10.674083917167382],[78.37765621307864,10.725836417107013],[78.34500856540201,10.721336199720959],[78.31644187368497,10.701647748656967],[78.292539131636,10.701647748656967],[78.26513842733598,10.626269107440548],[78.26280645250193,10.57901682488697],[78.24298466641255,10.554265629263668],[78.19984313198273,10.546952776011329],[78.18002134589335,10.559890900996237],[78.13921178629757,10.562703536862522],[78.13629681775501,10.597017694431191],[78.16544650318058,10.613893509628896],[78.1456247170912,10.649895248717336],[78.1514546541763,10.740462123611692],[78.18060433960186,10.811340547442057],[78.10481515749541,10.805152748536232],[78.09781923299327,10.766900900754765],[78.06983553498473,10.775901335526875],[77.99871030254639,10.774213754007103],[77.98296947241657,10.759588047502426],[77.94624086878038,10.768025955101278],[77.93050003865058,10.743837286651233],[77.99812730883787,10.742712232304719],[78.01503412638469,10.719648618201187],[78.0057062270485,10.675771498687151],[77.96956061712082,10.67239633564761],[77.95964972407613,10.639769759598712],[77.88211156084415,10.649332721544079],[77.87220066779946,10.6347070150394],[77.83080811449517,10.63301943351963],[77.80807135986323,10.680834243246464],[77.82439518370154,10.71571092798839],[77.8273101522441,10.7494625583838],[77.77075976251851,10.767463427928021],[77.79874346052705,10.805715275709488],[77.87103468038244,10.771963645314077],[77.87803060488457,10.78940198768504],[77.87103468038244,10.840029433278158],[77.8331400893292,10.837216797411873],[77.77250874364405,10.877156226713112],[77.76026587576531,10.903595003856184],[77.77017676881,10.962097829874898],[77.75093797642914,10.981223753765631],[77.78125364927172,10.998662096136595],[77.79174753602491,11.032976253705264],[77.77658969960363,11.058289976501822]]]},"properties":{"district":"Karur","st_code":"33","dt_code":"613","year":"2011_c","st_nm":"Tamil Nadu","schemaId":"TN-D14"}},{"type":"Feature","geometry":{"type":"Polygon","coordinates":[[[79.50108508937963,10.369194189262158],[79.47543336620514,10.372006825128443],[79.45444559269875,10.433884814186698],[79.47193540395408,10.433884814186698],[79.48301228441579,10.489575004339128],[79.46902043541152,10.511513564096147],[79.43928775627745,10.523889161907798],[79.39964418409869,10.577329243367199],[79.36116659933695,10.57901682488697],[79.34659175662418,10.592517477045135],[79.3576686370859,10.644832504158025],[79.31802506490713,10.660583265009215],[79.30811417186244,10.716835982334903],[79.34367678808162,10.739899596438434],[79.35358768112631,10.793902205071095],[79.30170124106881,10.82877888981302],[79.2952883102752,10.864218101728202],[79.27371754306029,10.873218536500312],[79.27196856193476,10.89909478647013],[79.29179034802412,10.937909161424852],[79.35883462450292,10.900219840816643],[79.389733291054,10.896282150603845],[79.45561158011577,10.864218101728202],[79.48592725295835,10.869280846287515],[79.50108508937963,10.941846851637651],[79.51565993209242,10.969973210300495],[79.54480961751797,10.965472992914439],[79.59086612049035,10.982911335285403],[79.62118179333294,10.971660791820264],[79.64683351650743,11.011600221121503],[79.70046893769045,11.0155379113343],[79.74827442178837,10.996411987443567],[79.75935130225008,10.960972775528385],[79.72087371748835,10.969410683127236],[79.7243716797394,10.929471253826],[79.66840428372234,10.914283020148064],[79.65266345359254,10.88615666148522],[79.65499542842659,10.83777932458513],[79.72845263569899,10.828216362639763],[79.72961862311601,10.79840242245715],[79.703383906233,10.783214188779214],[79.66665530259681,10.650457775890594],[79.67365122709894,10.624581525920776],[79.66782129001382,10.574516607500916],[79.71446078669472,10.525576743427568],[79.68997505093725,10.450198102211148],[79.63050969266911,10.445697884825092],[79.63400765492018,10.378757151207525],[79.55996745393927,10.386070004459864],[79.5354817181818,10.359068700143535],[79.50108508937963,10.369194189262158]]]},"properties":{"district":"Thiruvarur","st_code":"33","dt_code":"619","year":"2011_c","st_nm":"Tamil Nadu","schemaId":"TN-D20"}},{"type":"Feature","geometry":{"type":"Polygon","coordinates":[[[78.19984313198273,10.546952776011329],[78.19168122006357,10.500825547804265],[78.20625606277635,10.473824243487936],[78.23423976078489,10.470449080448395],[78.31527588626794,10.439510085919267],[78.27913027634024,10.3725693523017],[78.33801264089988,10.325317069748124],[78.33334869123178,10.300565874124821],[78.32868474156369,10.228562395947941],[78.2721343518381,10.183560222087392],[78.28087925746578,10.129557613454732],[78.25814250283385,10.086805548287211],[78.21266899356998,10.075555004822073],[78.15611860384439,10.107619053697714],[78.161365547221,10.154871336251292],[78.14329274225715,10.182435167740879],[78.1199729939167,10.189185493819961],[78.01969807605278,10.184685276433905],[77.97247558566337,10.131245194974504],[77.93341500719313,10.11380685260354],[77.91417621481226,10.075555004822073],[77.89260544759735,10.078367640688358],[77.80457339761216,10.067117097223221],[77.76376383801639,10.055866553758083],[77.7124603916674,10.02605261357547],[77.70254949862272,10.102556309138404],[77.72470325954613,10.153746281904779],[77.69671956153759,10.206061309017667],[77.66290592644395,10.189185493819961],[77.62559432909924,10.21112405357698],[77.56729495824813,10.182997694914135],[77.53581329798851,10.179060004701338],[77.46468806555016,10.130682667801246],[77.35974919801815,10.150933646038494],[77.34284238047132,10.136307939533815],[77.30261581458406,10.136307939533815],[77.26763619207338,10.122244760202394],[77.27463211657552,10.184685276433905],[77.28804097187128,10.232500086160739],[77.32943352517557,10.27187698828872],[77.35217027980751,10.275252151328262],[77.31602466987981,10.355131009930737],[77.32010562583939,10.417008998988992],[77.33293148742663,10.455823373943716],[77.38540092119264,10.449635575037892],[77.377822002982,10.525576743427568],[77.36849410364582,10.55032793905087],[77.38423493377562,10.590267368352109],[77.41746557516075,10.625706580267291],[77.4821778768055,10.649895248717336],[77.50433163772891,10.642582395464997],[77.51599151189914,10.612768455282382],[77.54280922249065,10.609955819416099],[77.54922215328428,10.639207232425456],[77.58595075692048,10.683646879112748],[77.63667120956094,10.669021172608069],[77.65591000194182,10.673521389994125],[77.66465490756948,10.716273455161646],[77.69555357412058,10.73539937905238],[77.70604746087378,10.716273455161646],[77.69846854266314,10.662270846528987],[77.7282012217972,10.630206797653345],[77.75326995126318,10.667896118261556],[77.78883256748236,10.685334460632518],[77.80807135986323,10.680834243246464],[77.83080811449517,10.63301943351963],[77.87220066779946,10.6347070150394],[77.88211156084415,10.649332721544079],[77.95964972407613,10.639769759598712],[77.96956061712082,10.67239633564761],[78.0057062270485,10.675771498687151],[78.01503412638469,10.719648618201187],[77.99812730883787,10.742712232304719],[77.93050003865058,10.743837286651233],[77.94624086878038,10.768025955101278],[77.98296947241657,10.759588047502426],[77.99871030254639,10.774213754007103],[78.06983553498473,10.775901335526875],[78.09781923299327,10.766900900754765],[78.10481515749541,10.805152748536232],[78.18060433960186,10.811340547442057],[78.1514546541763,10.740462123611692],[78.1456247170912,10.649895248717336],[78.16544650318058,10.613893509628896],[78.13629681775501,10.597017694431191],[78.13921178629757,10.562703536862522],[78.18002134589335,10.559890900996237],[78.19984313198273,10.546952776011329]]]},"properties":{"district":"Dindigul","st_code":"33","dt_code":"612","year":"2011_c","st_nm":"Tamil Nadu","schemaId":"TN-D13"}},{"type":"Feature","geometry":{"type":"Polygon","coordinates":[[[78.33334869123178,10.300565874124821],[78.37882220049565,10.310128836070188],[78.38756710612333,10.27018940676895],[78.4126358355893,10.213374162270005],[78.39456303062545,10.173997260142025],[78.40155895512758,10.138558048226843],[78.43712157134676,10.132370249321017],[78.45752635114466,10.101431254791889],[78.45286240147657,10.059241716797624],[78.4277936720106,10.053616445065055],[78.45577737001912,10.018177233149872],[78.45636036372764,9.968674841903269],[78.38873309354034,9.95236155387882],[78.36657933261692,9.933798157161343],[78.31702486739347,9.926485303909002],[78.30944594918283,9.865169842024004],[78.26397243991896,9.869670059410058],[78.24123568528702,9.859544570291435],[78.20975402502742,9.874732803969371],[78.1514546541763,9.874732803969371],[78.1252199372933,9.854481825732124],[78.13454783662948,9.811167233391345],[78.16486350947206,9.828043048589052],[78.1934302011891,9.80666701600529],[78.1456247170912,9.79429141819364],[78.13687981146353,9.761664842144741],[78.10714713232946,9.786416037768042],[78.10073420153583,9.755477043238916],[78.06109062935707,9.741413863907493],[78.08674235253156,9.682348510715522],[78.05934164823154,9.662097532478274],[78.04068584955918,9.678410820502723],[78.01620011380172,9.647471825973597],[77.97539055420593,9.629470956429376],[77.95381978699102,9.649159407493366],[77.84246798866539,9.636221282508458],[77.77600670589511,9.640721499894514],[77.75909988834829,9.681785983542266],[77.71479236650144,9.700349380259741],[77.66815286982055,9.67728576615621],[77.64366713406308,9.704849597645797],[77.60518954930134,9.69528663570043],[77.58595075692048,9.667160277037587],[77.53697928540554,9.659847423785248],[77.47518195230336,9.563092749985065],[77.46410507184164,9.578843510836258],[77.52706839236085,9.663222586824789],[77.56729495824813,9.745914081293549],[77.60052559963326,9.780790766035475],[77.6238453479737,9.824105358376253],[77.61859840459711,9.858419515944922],[77.64541611518861,9.88935851047405],[77.65416102081629,9.918609923483407],[77.67922975028226,9.932673102814828],[77.70021752378867,10.014239542937075],[77.7124603916674,10.02605261357547],[77.76376383801639,10.055866553758083],[77.80457339761216,10.067117097223221],[77.89260544759735,10.078367640688358],[77.91417621481226,10.075555004822073],[77.93341500719313,10.11380685260354],[77.97247558566337,10.131245194974504],[78.01969807605278,10.184685276433905],[78.1199729939167,10.189185493819961],[78.14329274225715,10.182435167740879],[78.161365547221,10.154871336251292],[78.15611860384439,10.107619053697714],[78.21266899356998,10.075555004822073],[78.25814250283385,10.086805548287211],[78.28087925746578,10.129557613454732],[78.2721343518381,10.183560222087392],[78.32868474156369,10.228562395947941],[78.33334869123178,10.300565874124821]]]},"properties":{"district":"Madurai","st_code":"33","dt_code":"623","year":"2011_c","st_nm":"Tamil Nadu","schemaId":"TN-D24"}},{"type":"Feature","geometry":{"type":"Polygon","coordinates":[[[77.26763619207338,10.122244760202394],[77.30261581458406,10.136307939533815],[77.34284238047132,10.136307939533815],[77.35974919801815,10.150933646038494],[77.46468806555016,10.130682667801246],[77.53581329798851,10.179060004701338],[77.56729495824813,10.182997694914135],[77.62559432909924,10.21112405357698],[77.66290592644395,10.189185493819961],[77.69671956153759,10.206061309017667],[77.72470325954613,10.153746281904779],[77.70254949862272,10.102556309138404],[77.7124603916674,10.02605261357547],[77.70021752378867,10.014239542937075],[77.67922975028226,9.932673102814828],[77.65416102081629,9.918609923483407],[77.64541611518861,9.88935851047405],[77.61859840459711,9.858419515944922],[77.6238453479737,9.824105358376253],[77.60052559963326,9.780790766035475],[77.56729495824813,9.745914081293549],[77.52706839236085,9.663222586824789],[77.46410507184164,9.578843510836258],[77.47518195230336,9.563092749985065],[77.45477717250547,9.541716717401306],[77.42795946191396,9.546779461960616],[77.40230773873947,9.525403429376855],[77.38481792748412,9.519215630471031],[77.36557913510326,9.551279679346672],[77.30378180200108,9.599094489073506],[77.26938517319891,9.572655711930432],[77.23440555068825,9.581656146702542],[77.19825994076055,9.61428272275144],[77.16794426791797,9.614845249924699],[77.1796041420882,9.656472260745707],[77.22332867022654,9.730163320442356],[77.24664841856698,9.798229108406437],[77.22682663247761,9.821855249683225],[77.23615453181378,9.860107097464692],[77.21983070797548,9.865169842024004],[77.21808172684993,9.905109271325243],[77.27288313544999,9.976550222328864],[77.25539332419466,10.01142690707079],[77.26180625498827,10.033365466827808],[77.20408987784568,10.08849312980698],[77.20117490930312,10.107056526524458],[77.24431644373294,10.13180772214776],[77.26763619207338,10.122244760202394]]]},"properties":{"district":"Theni","st_code":"33","dt_code":"624","year":"2011_c","st_nm":"Tamil Nadu","schemaId":"TN-D25"}},{"type":"Feature","geometry":{"type":"Polygon","coordinates":[[[77.47518195230336,9.563092749985065],[77.53697928540554,9.659847423785248],[77.58595075692048,9.667160277037587],[77.60518954930134,9.69528663570043],[77.64366713406308,9.704849597645797],[77.66815286982055,9.67728576615621],[77.71479236650144,9.700349380259741],[77.75909988834829,9.681785983542266],[77.77600670589511,9.640721499894514],[77.84246798866539,9.636221282508458],[77.95381978699102,9.649159407493366],[77.97539055420593,9.629470956429376],[78.01620011380172,9.647471825973597],[78.04068584955918,9.678410820502723],[78.05934164823154,9.662097532478274],[78.08674235253156,9.682348510715522],[78.06109062935707,9.741413863907493],[78.10073420153583,9.755477043238916],[78.10714713232946,9.786416037768042],[78.13687981146353,9.761664842144741],[78.18468529556144,9.757727151931942],[78.20800504390188,9.781353293208731],[78.2406526915785,9.756039570412172],[78.27738129521471,9.74028880956098],[78.27330033925513,9.68628620092832],[78.2867091945509,9.676160711809697],[78.31177792401687,9.722850467190018],[78.35841742069776,9.654784679225935],[78.39398003691694,9.645784244453825],[78.39980997400205,9.612032614058414],[78.42954265313612,9.608657451018873],[78.41146984817227,9.587843945608368],[78.37299226341054,9.573218239103689],[78.37532423824459,9.507965087005893],[78.34734054023605,9.511340250045434],[78.32868474156369,9.495026962020985],[78.30128403726367,9.442149407734838],[78.21849893065509,9.447774679467408],[78.22257988661467,9.410085358859197],[78.24298466641255,9.381396473023097],[78.30361601209772,9.384209108889381],[78.30478199951473,9.342582098068373],[78.33742964719136,9.354395168706768],[78.36249837665734,9.349332424147455],[78.35317047732116,9.308830467672962],[78.32227181077008,9.277328945970577],[78.28087925746578,9.28407927204966],[78.21150300615295,9.30545530463342],[78.2085880376104,9.327393864390437],[78.17127644026569,9.342582098068373],[78.16777847801461,9.368458348038189],[78.05700967339749,9.36283307630562],[78.0103701767166,9.308267940499704],[78.00920418929958,9.26776598402521],[77.95673475553357,9.248640060134477],[77.91825717077184,9.201950304754156],[77.87803060488457,9.208138103659982],[77.88036257971861,9.245264897094936],[77.84713193833348,9.244139842748421],[77.78941556119088,9.251452696000761],[77.71187739795889,9.291392125301998],[77.6448331214801,9.288579489435714],[77.59061470658857,9.308830467672962],[77.59119770029707,9.343707152414886],[77.53056635461192,9.37577120129053],[77.52065546156723,9.334706717642778],[77.50666361256296,9.331894081776493],[77.44136831720971,9.354395168706768],[77.4506962165459,9.37014592955796],[77.4197975499948,9.399397342567317],[77.3883158897352,9.392647016488235],[77.33934441822026,9.42021084797782],[77.36616212881177,9.460150277279059],[77.39239684569478,9.459587750105802],[77.40230773873947,9.525403429376855],[77.42795946191396,9.546779461960616],[77.45477717250547,9.541716717401306],[77.47518195230336,9.563092749985065]]]},"properties":{"district":"Virudhunagar","st_code":"33","dt_code":"625","year":"2011_c","st_nm":"Tamil Nadu","schemaId":"TN-D26"}},{"type":"Feature","geometry":{"type":"Polygon","coordinates":[[[77.84713193833348,9.244139842748421],[77.88036257971861,9.245264897094936],[77.87803060488457,9.208138103659982],[77.91825717077184,9.201950304754156],[77.95673475553357,9.248640060134477],[78.00920418929958,9.26776598402521],[78.0103701767166,9.308267940499704],[78.05700967339749,9.36283307630562],[78.16777847801461,9.368458348038189],[78.17127644026569,9.342582098068373],[78.2085880376104,9.327393864390437],[78.21150300615295,9.30545530463342],[78.28087925746578,9.28407927204966],[78.26921938329555,9.201950304754156],[78.29603709388707,9.205325467793697],[78.27504932038067,9.148510223294753],[78.3502555087786,9.117571228765627],[78.38523513128928,9.093945087488837],[78.2721343518381,9.003378212594482],[78.22607784886573,8.971876690892097],[78.1986771445657,8.938687587669943],[78.17185943397419,8.883559924690768],[78.16078255351248,8.805368647608065],[78.16952745914014,8.77555470742545],[78.19517918231463,8.751928566148662],[78.16369752205503,8.723802207485818],[78.13862879258906,8.679925087971782],[78.13513083033799,8.616359517393755],[78.14445872967417,8.59779612067628],[78.1304668806699,8.547731202256418],[78.14329274225715,8.501603974049354],[78.12580293100181,8.474602669733025],[78.06342260419112,8.412162153501512],[78.06517158531665,8.372785251373532],[77.99171437804425,8.350284164443257],[77.97072660453784,8.335095930765322],[77.88969047905479,8.324407914473442],[77.8587918125037,8.34072120249789],[77.8482979257505,8.423975224139907],[77.83197410191218,8.43241313173876],[77.83955302012284,8.484728158851649],[77.81565027807387,8.563481963107611],[77.78125364927172,8.583170414171601],[77.7859175989398,8.61917215326004],[77.81856524661643,8.630985223898435],[77.81215231582281,8.681050142318297],[77.8273101522441,8.7305525335649],[77.82089722145048,8.778367343291734],[77.85062990058455,8.80424359326155],[77.8010754353611,8.87962223447797],[77.76084886947383,8.890872777943109],[77.75968288205681,8.927999571378061],[77.69497058041206,8.927437044204805],[77.69030663074398,8.957813511560676],[77.72936720921422,8.983127234357234],[77.72178829100358,9.002815685421226],[77.68797465590993,9.014628756059619],[77.71129440425038,9.05063049514806],[77.70138351120569,9.06300609295971],[77.74335905821849,9.077631799464388],[77.74102708338445,9.104633103780717],[77.6862256747844,9.10238299508769],[77.67398280690567,9.13838473417613],[77.73636313371635,9.187324598249479],[77.74394205192701,9.162573402626176],[77.78358562410575,9.164260984145946],[77.79874346052705,9.177199109130854],[77.83838703270581,9.168198674358745],[77.85937480621222,9.202512831927413],[77.84713193833348,9.244139842748421]]]},"properties":{"district":"Thoothukkudi","st_code":"33","dt_code":"627","year":"2011_c","st_nm":"Tamil Nadu","schemaId":"TN-D28"}},{"type":"Feature","geometry":{"type":"Polygon","coordinates":[[[77.58944871917154,8.139899001645189],[77.5667119645396,8.118522969061427],[77.55621807778641,8.076895958240419],[77.53348132315448,8.076333431067162],[77.44486627946078,8.09489682778464],[77.3311825063011,8.127523403833537],[77.24898039340103,8.170837996174317],[77.18310210433927,8.219777860247664],[77.15220343778817,8.251841909123305],[77.09798502289664,8.2923438655978],[77.11897279640304,8.3210327514339],[77.1586163685818,8.327783077512983],[77.17494019242011,8.350284164443257],[77.15978235599881,8.368285033987478],[77.19709395334354,8.419475006753853],[77.21283478347334,8.470664979520228],[77.26238924869679,8.506666718608667],[77.2839600159117,8.546606147909905],[77.26880217949041,8.578670196785547],[77.33701244338621,8.55279394681573],[77.37490703443945,8.518479789247062],[77.3883158897352,8.524105060979629],[77.43845334866715,8.507229245781923],[77.44428328575226,8.476290251252795],[77.4722669837608,8.455476745842292],[77.46177309700761,8.428475441525961],[77.4722669837608,8.400911610036376],[77.53348132315448,8.368285033987478],[77.54164323507364,8.310907262315277],[77.56321400228855,8.275468050400093],[77.54164323507364,8.231590930886059],[77.54863915957577,8.18996392006505],[77.53989425394809,8.16127503422895],[77.58944871917154,8.139899001645189]]]},"properties":{"district":"Kanyakumari","st_code":"33","dt_code":"629","year":"2011_c","st_nm":"Tamil Nadu","schemaId":"TN-D30"}},{"type":"Feature","geometry":{"type":"Polygon","coordinates":[[[79.17285963148785,12.03033693188969],[79.2008433294964,12.069713834017673],[79.23523995829855,12.06127592641882],[79.26030868776452,12.082089431829324],[79.27838149272837,12.124841496996845],[79.21075422254108,12.165905980644597],[79.23349097717302,12.19740750234698],[79.24515085134324,12.273911197909914],[79.26089168147304,12.276723833776199],[79.28945837319009,12.31778831742395],[79.24981480101133,12.322288534810006],[79.23523995829855,12.368978290190327],[79.2486488135943,12.383041469521748],[79.22649505267088,12.411167828184592],[79.2434018702177,12.445481985753261],[79.30869716557095,12.438731659674179],[79.32502098940927,12.450544730312572],[79.39672921555614,12.435919023807894],[79.41538501422849,12.406667610798536],[79.44803266190512,12.395979594506656],[79.45094763044767,12.374041034749638],[79.50691502646475,12.345914676086796],[79.52848579367966,12.37010334453684],[79.59727905128398,12.350414893472848],[79.6404205857138,12.344789621740281],[79.67365122709894,12.316663263077437],[79.69988594398194,12.333539078275145],[79.7500234029139,12.325101170676291],[79.79899487442884,12.337476768487942],[79.82756156614589,12.31272557286464],[79.87361806911827,12.242972203380788],[79.90101877341829,12.229471551222623],[79.9278364840098,12.248034947940099],[79.97330999327367,12.233409241435421],[80.00770662207583,12.25478527401918],[79.88469494957998,12.06465108945836],[79.8497153270693,12.051712964473452],[79.84038742773313,12.013461116691985],[79.85729424527996,12.006710790612903],[79.84038742773313,11.956083345019785],[79.80657379263948,11.96789641565818],[79.78442003171605,11.960021035232582],[79.74944040920539,11.922331714624374],[79.74302747841176,11.978021904776803],[79.72029072377983,11.99264761128148],[79.69697097543938,11.942020165688362],[79.74069550357773,11.905455899426666],[79.68472810756064,11.881267230976622],[79.69930295027343,11.831764839730017],[79.68589409497767,11.812638915839283],[79.67481721451595,11.807013644106714],[79.63459064862869,11.801950899547403],[79.59086612049035,11.841327801675384],[79.56521439731586,11.84020274732887],[79.52906878738817,11.857078562526576],[79.4678544479945,11.871704269031255],[79.48126330329026,11.829514731036989],[79.47776534103919,11.806451116933458],[79.4416197311115,11.808138698453227],[79.43170883806681,11.78282497565667],[79.36699653642206,11.818264187571852],[79.36699653642206,11.84751560058121],[79.34542576920715,11.873391850551025],[79.3273529642433,11.853703399487035],[79.30403321590286,11.875079432070795],[79.26788760597518,11.838515165809099],[79.21891613446023,11.875079432070795],[79.21366919108364,11.910518643985979],[79.23698893942408,11.952145654806987],[79.20900524141554,11.974646741737262],[79.17111065036232,11.988709921068683],[79.17285963148785,12.03033693188969]],[[79.6928900194798,12.035399676449003],[79.65674440955212,11.992085084108224],[79.69347301318832,11.989834975415196],[79.6928900194798,12.035399676449003]],[[79.63867160458827,11.986459812375656],[79.61826682479038,11.926269404837171],[79.62526274929252,11.90320579073364],[79.6561614158436,11.907706008119694],[79.66957027113936,11.937519948302308],[79.64741651021593,11.9532707091535],[79.63867160458827,11.986459812375656]]]},"properties":{"district":"Viluppuram","st_code":"33","dt_code":"607","year":"2019","st_nm":"Tamil Nadu","schemaId":"TN-D07"}},{"type":"Feature","geometry":{"type":"Polygon","coordinates":[[[79.16819568181977,11.378367938084981],[79.12097319143037,11.396368807629202],[79.05567789607711,11.402556606535025],[79.03235814773666,11.393556171762917],[78.96181590900682,11.40536924240131],[78.87728182127269,11.50774918793406],[78.90468252557272,11.505499079241034],[78.92392131795359,11.567377068299288],[79.00437444972813,11.574689921551627],[79.01836629873239,11.60675397042727],[79.07141872620691,11.59944111717493],[79.08424458779416,11.634317801916856],[79.11630924176227,11.59944111717493],[79.18335351824105,11.585940465016765],[79.20958823512406,11.61912956823892],[79.23582295200706,11.629255057357543],[79.25039779471983,11.652318671461076],[79.29645429769222,11.636567910609884],[79.3320169139114,11.660756579059928],[79.38506934138591,11.681007557297177],[79.44395170594554,11.66581932361924],[79.43578979402639,11.723759622464698],[79.46260750461789,11.743448073528688],[79.46202451090939,11.765386633285706],[79.43170883806681,11.78282497565667],[79.4416197311115,11.808138698453227],[79.47776534103919,11.806451116933458],[79.48126330329026,11.829514731036989],[79.4678544479945,11.871704269031255],[79.52906878738817,11.857078562526576],[79.56521439731586,11.84020274732887],[79.59086612049035,11.841327801675384],[79.63459064862869,11.801950899547403],[79.67481721451595,11.807013644106714],[79.68589409497767,11.812638915839283],[79.69930295027343,11.831764839730017],[79.68472810756064,11.881267230976622],[79.7401125098692,11.864391415778915],[79.76984518900328,11.87451690489754],[79.79841188072032,11.82782714951722],[79.73661454761815,11.842452856021897],[79.73544856020112,11.809263752799742],[79.71970773007132,11.785075084349696],[79.79549691217777,11.77382454088456],[79.76110028337561,11.623629785624976],[79.75701932741603,11.557251579180665],[79.76634722675222,11.521812367265483],[79.80307583038841,11.454309106474657],[79.8129867234331,11.423932639118787],[79.80307583038841,11.381180573951266],[79.76459824562667,11.382305628297779],[79.75935130225008,11.352491688115165],[79.7243716797394,11.345741362036083],[79.69055804464575,11.316489949026725],[79.6561614158436,11.303551824041817],[79.59611306386695,11.217485166533516],[79.5617164350648,11.208484731761406],[79.52673681255412,11.183733536138105],[79.45852654865833,11.150544432915948],[79.50166808308815,11.203421987202095],[79.51041298871581,11.228173182825397],[79.49817012083707,11.31367731316044],[79.47368438507961,11.314239840333698],[79.3891502973455,11.367117394619843],[79.38506934138591,11.409306932614108],[79.36699653642206,11.418307367386218],[79.29237334173264,11.412119568480392],[79.29645429769222,11.381743101124522],[79.22474607154534,11.391868590243146],[79.16819568181977,11.378367938084981]]]},"properties":{"district":"Cuddalore","st_code":"33","dt_code":"617","year":"2011_c","st_nm":"Tamil Nadu","schemaId":"TN-D18"}},{"type":"Feature","geometry":{"type":"Polygon","coordinates":[[[78.50533183524257,10.37594451534124],[78.52282164649792,10.436697450052982],[78.56129923125965,10.431634705493671],[78.58286999847456,10.446822939171607],[78.58928292926818,10.474386770661193],[78.54963935708942,10.514326199962431],[78.51932368424684,10.482824678260046],[78.48609304286171,10.539077395585732],[78.46918622531489,10.54132750427876],[78.4592753322702,10.611643400935868],[78.48259508061064,10.638644705252199],[78.52690260245748,10.629081743306832],[78.52282164649792,10.674083917167382],[78.55080534450644,10.686459514979033],[78.56538018721922,10.660583265009215],[78.59278089151925,10.658895683489446],[78.62717752032141,10.703897857349995],[78.65865918058101,10.70502291169651],[78.66623809879165,10.67239633564761],[78.69305580938317,10.691522259538344],[78.68897485342359,10.734836851879123],[78.73561435010448,10.714585873641877],[78.75835110473642,10.653270411756877],[78.79041575870453,10.649895248717336],[78.8201484378386,10.694897422577885],[78.8720348778961,10.688147096498803],[78.87320086531312,10.705585438869766],[78.918674374577,10.67070875412784],[78.98688463847279,10.679146661726694],[78.99329756926642,10.721898726894215],[79.0288601854856,10.68139677041972],[79.06617178283031,10.670146226954582],[79.0655887891218,10.648207667197566],[79.10056841163247,10.629644270480089],[79.12971809705803,10.6347070150394],[79.14137797122825,10.58801725965908],[79.17694058744743,10.585767150966053],[79.18451950565807,10.537952341239219],[79.15828478877508,10.533452123853165],[79.14021198381123,10.51263861844266],[79.15886778248358,10.473824243487936],[79.13205007189207,10.42432185224133],[79.15245485168997,10.349505738198168],[79.12097319143037,10.337692667559773],[79.13263306560059,10.309003781723673],[79.11864121659632,10.288752803486426],[79.13263306560059,10.265126662209639],[79.11572624805376,10.23418766768051],[79.15012287685592,10.21618679813629],[79.16061676360911,10.195373292725787],[79.15128886427294,10.159934080810604],[79.20259231062192,10.158246499290833],[79.22707804637939,10.136870466707071],[79.22591205896236,10.101431254791889],[79.25156378213686,10.05080380919877],[79.24456785763472,10.027177667921983],[79.15245485168997,9.928172885428774],[79.12388815997292,9.883733238741481],[79.12155618513887,9.88035807570194],[79.11922421030482,9.852794244212353],[79.11689223547079,9.850544135519325],[79.06675477653882,9.851106662692583],[79.04110305336432,9.864607314850748],[78.99096559443237,9.943923646279966],[78.99854451264302,9.988925820140516],[78.93033424874722,10.02211492336267],[78.9355811921238,10.073304896129045],[78.96006692788129,10.095243455886063],[78.88194577094079,10.154871336251292],[78.84754914213863,10.126182450415191],[78.81665047558754,10.170059569929228],[78.8102375447939,10.212811635096749],[78.76942798519813,10.199310982938584],[78.76709601036409,10.163309243850145],[78.72920141931085,10.16049660798386],[78.70879663951297,10.175684841661795],[78.68664287858955,10.145870901479181],[78.66798707991718,10.154308809078035],[78.67323402329379,10.204936254671154],[78.64699930641079,10.225749760081657],[78.65166325607888,10.253313591571244],[78.57762305509796,10.287065221966657],[78.57062713059582,10.256688754610785],[78.53389852695962,10.254438645917757],[78.49833591074044,10.188622966646705],[78.47268418756595,10.207748890537438],[78.48784202398724,10.234750194853767],[78.45752635114466,10.240375466586336],[78.45286240147657,10.267376770902665],[78.5070808163681,10.26456413503638],[78.52107266537237,10.326442124094637],[78.49775291703193,10.352318374064453],[78.50533183524257,10.37594451534124]]]},"properties":{"district":"Pudukkottai","st_code":"33","dt_code":"621","year":"2011_c","st_nm":"Tamil Nadu","schemaId":"TN-D22"}},{"type":"Feature","geometry":{"type":"Polygon","coordinates":[[[78.37882220049565,10.310128836070188],[78.41555080413185,10.363006390356333],[78.43653857763826,10.363006390356333],[78.4493644392255,10.409696145736653],[78.50591482895109,10.388320113152892],[78.50533183524257,10.37594451534124],[78.49775291703193,10.352318374064453],[78.52107266537237,10.326442124094637],[78.5070808163681,10.26456413503638],[78.45286240147657,10.267376770902665],[78.45752635114466,10.240375466586336],[78.48784202398724,10.234750194853767],[78.47268418756595,10.207748890537438],[78.49833591074044,10.188622966646705],[78.53389852695962,10.254438645917757],[78.57062713059582,10.256688754610785],[78.57762305509796,10.287065221966657],[78.65166325607888,10.253313591571244],[78.64699930641079,10.225749760081657],[78.67323402329379,10.204936254671154],[78.66798707991718,10.154308809078035],[78.68664287858955,10.145870901479181],[78.70879663951297,10.175684841661795],[78.72920141931085,10.16049660798386],[78.76709601036409,10.163309243850145],[78.76942798519813,10.199310982938584],[78.8102375447939,10.212811635096749],[78.81665047558754,10.170059569929228],[78.84754914213863,10.126182450415191],[78.88194577094079,10.154871336251292],[78.96006692788129,10.095243455886063],[78.9355811921238,10.073304896129045],[78.93033424874722,10.02211492336267],[78.99854451264302,9.988925820140516],[78.99096559443237,9.943923646279966],[78.9670628523834,9.94336111910671],[78.94374310404297,9.916922341963636],[78.89593761994506,9.933235629988086],[78.90118456332165,9.895546309379876],[78.86853691564502,9.85335677138561],[78.86620494081099,9.789228673634327],[78.88660972060887,9.7869785649413],[78.88311175835781,9.747601662813318],[78.8306423245918,9.77966571168896],[78.82772735604925,9.844356336613501],[78.80848856366838,9.844356336613501],[78.79333072724708,9.889921037647307],[78.77525792228325,9.873045222449601],[78.7262864507683,9.87135764092983],[78.71112861434702,9.834793374668134],[78.70821364580446,9.799354162752952],[78.73444836268746,9.766165059530795],[78.72512046335129,9.711037396551623],[78.78050486565984,9.718350249803962],[78.79857767062369,9.6969742172202],[78.7944967146641,9.625533266216578],[78.82131442525562,9.599657016246763],[78.77234295374069,9.588406472781625],[78.72745243818532,9.58953152712814],[78.69363880309167,9.576593402143232],[78.65574421203846,9.520340684817544],[78.61493465244267,9.537779027188506],[78.61143669019161,9.55690495107924],[78.57587407397243,9.576030874969973],[78.51990667795536,9.578843510836258],[78.47676514352553,9.613157668404927],[78.42954265313612,9.608657451018873],[78.39980997400205,9.612032614058414],[78.39398003691694,9.645784244453825],[78.35841742069776,9.654784679225935],[78.31177792401687,9.722850467190018],[78.2867091945509,9.676160711809697],[78.27330033925513,9.68628620092832],[78.27738129521471,9.74028880956098],[78.2406526915785,9.756039570412172],[78.20800504390188,9.781353293208731],[78.18468529556144,9.757727151931942],[78.13687981146353,9.761664842144741],[78.1456247170912,9.79429141819364],[78.1934302011891,9.80666701600529],[78.16486350947206,9.828043048589052],[78.13454783662948,9.811167233391345],[78.1252199372933,9.854481825732124],[78.1514546541763,9.874732803969371],[78.20975402502742,9.874732803969371],[78.24123568528702,9.859544570291435],[78.26397243991896,9.869670059410058],[78.30944594918283,9.865169842024004],[78.31702486739347,9.926485303909002],[78.36657933261692,9.933798157161343],[78.38873309354034,9.95236155387882],[78.45636036372764,9.968674841903269],[78.45577737001912,10.018177233149872],[78.4277936720106,10.053616445065055],[78.45286240147657,10.059241716797624],[78.45752635114466,10.101431254791889],[78.43712157134676,10.132370249321017],[78.40155895512758,10.138558048226843],[78.39456303062545,10.173997260142025],[78.4126358355893,10.213374162270005],[78.38756710612333,10.27018940676895],[78.37882220049565,10.310128836070188]]]},"properties":{"district":"Sivaganga","st_code":"33","dt_code":"622","year":"2011_c","st_nm":"Tamil Nadu","schemaId":"TN-D23"}},{"type":"Feature","geometry":{"type":"Polygon","coordinates":[[[78.28087925746578,9.28407927204966],[78.32227181077008,9.277328945970577],[78.35317047732116,9.308830467672962],[78.36249837665734,9.349332424147455],[78.33742964719136,9.354395168706768],[78.30478199951473,9.342582098068373],[78.30361601209772,9.384209108889381],[78.24298466641255,9.381396473023097],[78.22257988661467,9.410085358859197],[78.21849893065509,9.447774679467408],[78.30128403726367,9.442149407734838],[78.32868474156369,9.495026962020985],[78.34734054023605,9.511340250045434],[78.37532423824459,9.507965087005893],[78.37299226341054,9.573218239103689],[78.41146984817227,9.587843945608368],[78.42954265313612,9.608657451018873],[78.47676514352553,9.613157668404927],[78.51990667795536,9.578843510836258],[78.57587407397243,9.576030874969973],[78.61143669019161,9.55690495107924],[78.61493465244267,9.537779027188506],[78.65574421203846,9.520340684817544],[78.69363880309167,9.576593402143232],[78.72745243818532,9.58953152712814],[78.77234295374069,9.588406472781625],[78.82131442525562,9.599657016246763],[78.7944967146641,9.625533266216578],[78.79857767062369,9.6969742172202],[78.78050486565984,9.718350249803962],[78.72512046335129,9.711037396551623],[78.73444836268746,9.766165059530795],[78.70821364580446,9.799354162752952],[78.71112861434702,9.834793374668134],[78.7262864507683,9.87135764092983],[78.77525792228325,9.873045222449601],[78.79333072724708,9.889921037647307],[78.80848856366838,9.844356336613501],[78.82772735604925,9.844356336613501],[78.8306423245918,9.77966571168896],[78.88311175835781,9.747601662813318],[78.88660972060887,9.7869785649413],[78.86620494081099,9.789228673634327],[78.86853691564502,9.85335677138561],[78.90118456332165,9.895546309379876],[78.89593761994506,9.933235629988086],[78.94374310404297,9.916922341963636],[78.9670628523834,9.94336111910671],[78.99096559443237,9.943923646279966],[79.04110305336432,9.864607314850748],[79.06675477653882,9.851106662692583],[79.11689223547079,9.850544135519325],[79.08249560666863,9.8156674507774],[79.05917585832817,9.772915385609878],[79.04110305336432,9.766165059530795],[78.98047170767917,9.689661363967861],[78.96006692788129,9.63228359229566],[78.93091724245572,9.595719326033965],[78.91459341861741,9.492776853327957],[78.90293354444718,9.4635254403186],[78.93383221099828,9.411772940378968],[79.01603432389835,9.33076902742998],[79.06675477653882,9.29814245138108],[79.16119975731763,9.28407927204966],[79.21250320366661,9.283516744876403],[79.26497263743262,9.292517179648513],[79.3116121341135,9.327956391563696],[79.33493188245396,9.308830467672962],[79.31394410894755,9.279016527490347],[79.34659175662418,9.220513701471633],[79.29995225994328,9.245827424268192],[79.25622773180496,9.2587655492531],[79.22358008412833,9.258203022079844],[79.19034944274318,9.281829163356631],[79.09065751858778,9.26045313077287],[78.97988871397065,9.274516310104293],[78.92567029907912,9.267203456851952],[78.90818048782378,9.24976511448099],[78.87494984643865,9.257640494906585],[78.72745243818532,9.209263158006495],[78.7152095703066,9.189012179769248],[78.68547689117253,9.195199978675074],[78.64699930641079,9.184511962383194],[78.64991427495335,9.161448348279661],[78.57937203622349,9.131071880923791],[78.53623050179367,9.137822207002873],[78.41496781042335,9.114196065726084],[78.38523513128928,9.093945087488837],[78.3502555087786,9.117571228765627],[78.27504932038067,9.148510223294753],[78.29603709388707,9.205325467793697],[78.26921938329555,9.201950304754156],[78.28087925746578,9.28407927204966]]]},"properties":{"district":"Ramanathapuram","st_code":"33","dt_code":"626","year":"2011_c","st_nm":"Tamil Nadu","schemaId":"TN-D27"}},{"type":"Feature","geometry":{"type":"Polygon","coordinates":[[[78.71754154514063,11.984209703682629],[78.80382461400029,12.019648915597811],[78.83472328055139,12.00727331778616],[78.87320086531312,12.026399241676893],[78.91342743120039,12.014586171038498],[78.95948393417277,12.068588779671158],[79.03119216031965,12.06465108945836],[79.05217993382604,12.036524730795517],[79.08541057521118,12.08096437748281],[79.09823643679843,12.069151306844415],[79.07899764441756,12.031461986236206],[79.12563714109845,12.019086388424554],[79.14720790831336,12.044400111221114],[79.17285963148785,12.03033693188969],[79.17111065036232,11.988709921068683],[79.20900524141554,11.974646741737262],[79.23698893942408,11.952145654806987],[79.21366919108364,11.910518643985979],[79.21891613446023,11.875079432070795],[79.26788760597518,11.838515165809099],[79.30403321590286,11.875079432070795],[79.3273529642433,11.853703399487035],[79.34542576920715,11.873391850551025],[79.36699653642206,11.84751560058121],[79.36699653642206,11.818264187571852],[79.43170883806681,11.78282497565667],[79.46202451090939,11.765386633285706],[79.46260750461789,11.743448073528688],[79.43578979402639,11.723759622464698],[79.44395170594554,11.66581932361924],[79.38506934138591,11.681007557297177],[79.3320169139114,11.660756579059928],[79.29645429769222,11.636567910609884],[79.25039779471983,11.652318671461076],[79.23582295200706,11.629255057357543],[79.20958823512406,11.61912956823892],[79.18335351824105,11.585940465016765],[79.11630924176227,11.59944111717493],[79.08424458779416,11.634317801916856],[79.07141872620691,11.59944111717493],[79.01836629873239,11.60675397042727],[79.00437444972813,11.574689921551627],[78.92392131795359,11.567377068299288],[78.90468252557272,11.505499079241034],[78.87728182127269,11.50774918793406],[78.84288519247053,11.522937421611996],[78.81665047558754,11.560626742220206],[78.82772735604925,11.576940030244655],[78.78633480274496,11.613504296506353],[78.78750079016197,11.648943508421535],[78.80615658883433,11.661319106233186],[78.8044076077088,11.688320410549515],[78.78050486565984,11.703508644227451],[78.71812453884915,11.683257665990205],[78.70063472759381,11.691695573589056],[78.65924217428952,11.64781845407502],[78.64933128124483,11.66750690513901],[78.6528292434959,11.715884242039103],[78.6376714070746,11.721509513771672],[78.64291835045121,11.76819926915199],[78.66507211137463,11.79688815498809],[78.69247281567466,11.80420100824043],[78.69363880309167,11.851453290794007],[78.62659452661289,11.869454160338227],[78.66040816170654,11.895330410308043],[78.70821364580446,11.898143046174328],[78.72395447593426,11.91951907875809],[78.70471568355339,11.93920752982208],[78.71754154514063,11.984209703682629]]]},"properties":{"district":"Kallakurichi","st_code":"33","dt_code":"729","year":"2019","st_nm":"Tamil Nadu","schemaId":"TN-D07"}},{"type":"Feature","geometry":{"type":"Polygon","coordinates":[[[77.33934441822026,9.42021084797782],[77.3883158897352,9.392647016488235],[77.4197975499948,9.399397342567317],[77.4506962165459,9.37014592955796],[77.44136831720971,9.354395168706768],[77.50666361256296,9.331894081776493],[77.52065546156723,9.334706717642778],[77.53056635461192,9.37577120129053],[77.59119770029707,9.343707152414886],[77.59061470658857,9.308830467672962],[77.6448331214801,9.288579489435714],[77.71187739795889,9.291392125301998],[77.78941556119088,9.251452696000761],[77.84713193833348,9.244139842748421],[77.85937480621222,9.202512831927413],[77.83838703270581,9.168198674358745],[77.79874346052705,9.177199109130854],[77.78358562410575,9.164260984145946],[77.74394205192701,9.162573402626176],[77.73636313371635,9.187324598249479],[77.67398280690567,9.13838473417613],[77.6862256747844,9.10238299508769],[77.74102708338445,9.104633103780717],[77.74335905821849,9.077631799464388],[77.70138351120569,9.06300609295971],[77.6862256747844,9.068631364692278],[77.62442834168222,9.056818294053885],[77.60985349896943,8.951063185481592],[77.59294668142262,8.911123756180356],[77.56437998970557,8.895372995329163],[77.59411266883963,8.868371691012833],[77.56846094566514,8.789055359583616],[77.52007246785871,8.786805250890588],[77.46818602780122,8.81155644651389],[77.44428328575226,8.742365604203295],[77.39706079536286,8.740678022683523],[77.35974919801815,8.751928566148662],[77.30378180200108,8.791867995449898],[77.32302059438194,8.828432261711596],[77.31310970133725,8.872309381225632],[77.2950368963734,8.882434870344255],[77.25597631790316,8.879059707304714],[77.22099669539249,8.903810902928017],[77.17319121129458,8.991565141956087],[77.14928846924562,9.009566011500308],[77.16677828050095,9.04500522341549],[77.19243000367544,9.043317641895719],[77.2058388589712,9.083819598370214],[77.26763619207338,9.153572967854066],[77.25655931161167,9.196887560194845],[77.27521511028404,9.234576880803054],[77.28337702220318,9.292517179648513],[77.33817843080324,9.368458348038189],[77.33934441822026,9.42021084797782]]]},"properties":{"district":"Tenkasi","st_code":"33","dt_code":"0","year":"2019","st_nm":"Tamil Nadu","schemaId":"TN-D29"}},{"type":"Feature","geometry":{"type":"Polygon","coordinates":[[[77.70138351120569,9.06300609295971],[77.71129440425038,9.05063049514806],[77.68797465590993,9.014628756059619],[77.72178829100358,9.002815685421226],[77.72936720921422,8.983127234357234],[77.69030663074398,8.957813511560676],[77.69497058041206,8.927437044204805],[77.75968288205681,8.927999571378061],[77.76084886947383,8.890872777943109],[77.8010754353611,8.87962223447797],[77.85062990058455,8.80424359326155],[77.82089722145048,8.778367343291734],[77.8273101522441,8.7305525335649],[77.81215231582281,8.681050142318297],[77.81856524661643,8.630985223898435],[77.7859175989398,8.61917215326004],[77.78125364927172,8.583170414171601],[77.81565027807387,8.563481963107611],[77.83955302012284,8.484728158851649],[77.83197410191218,8.43241313173876],[77.8482979257505,8.423975224139907],[77.8587918125037,8.34072120249789],[77.88969047905479,8.324407914473442],[77.97072660453784,8.335095930765322],[77.94915583732293,8.311469789488534],[77.89085646647182,8.270405305840782],[77.84130200124837,8.251841909123305],[77.80457339761216,8.202902045049958],[77.79349651715044,8.162400088575463],[77.75793390093126,8.145524273377758],[77.73286517146529,8.164087670095235],[77.63492222843541,8.152837126630097],[77.58944871917154,8.139899001645189],[77.53989425394809,8.16127503422895],[77.54863915957577,8.18996392006505],[77.54164323507364,8.231590930886059],[77.56321400228855,8.275468050400093],[77.54164323507364,8.310907262315277],[77.53348132315448,8.368285033987478],[77.4722669837608,8.400911610036376],[77.46177309700761,8.428475441525961],[77.4722669837608,8.455476745842292],[77.44428328575226,8.476290251252795],[77.43845334866715,8.507229245781923],[77.3883158897352,8.524105060979629],[77.37490703443945,8.518479789247062],[77.33701244338621,8.55279394681573],[77.26880217949041,8.578670196785547],[77.25131236823508,8.620297207606555],[77.21400077089037,8.648986093442655],[77.20700484638823,8.681050142318297],[77.17902114837969,8.7305525335649],[77.2000089218861,8.762616582440542],[77.22974160102017,8.78455514219756],[77.2320735758542,8.807056229127834],[77.26413822982232,8.84193291386976],[77.25597631790316,8.879059707304714],[77.2950368963734,8.882434870344255],[77.31310970133725,8.872309381225632],[77.32302059438194,8.828432261711596],[77.30378180200108,8.791867995449898],[77.35974919801815,8.751928566148662],[77.39706079536286,8.740678022683523],[77.44428328575226,8.742365604203295],[77.46818602780122,8.81155644651389],[77.52007246785871,8.786805250890588],[77.56846094566514,8.789055359583616],[77.59411266883963,8.868371691012833],[77.56437998970557,8.895372995329163],[77.59294668142262,8.911123756180356],[77.60985349896943,8.951063185481592],[77.62442834168222,9.056818294053885],[77.6862256747844,9.068631364692278],[77.70138351120569,9.06300609295971]]]},"properties":{"district":"Tirunelveli","st_code":"33","dt_code":"628","year":"2019","st_nm":"Tamil Nadu","schemaId":"TN-D29"}},{"type":"Feature","geometry":{"type":"Polygon","coordinates":[[[79.20842224770703,12.784685871227152],[79.20609027287298,12.745871496272429],[79.17227663777935,12.744746441925916],[79.13205007189207,12.762184784296878],[79.06500579541328,12.746434023445685],[79.023613242109,12.692431414813026],[79.00670642456217,12.702556903931649],[78.9717268020515,12.67161790940252],[78.91167845007486,12.687368670253715],[78.89185666398548,12.67724318113509],[78.85804302889183,12.633366061621054],[78.80848856366838,12.636178697487338],[78.76826199778111,12.680618344174633],[78.78575180903644,12.741371278886373],[78.80382461400029,12.752059295178253],[78.80732257625135,12.805499376637655],[78.85104710438969,12.816187392929537],[78.89943558219612,12.856689349404032],[78.91284443749187,12.8949411971855],[78.88719271431738,12.893816142838984],[78.81082053850243,12.853876713537748],[78.78283684049389,12.847126387458665],[78.74902320540023,12.817874974449307],[78.7157925640151,12.857814403750545],[78.65982516799804,12.865127257002884],[78.60269178456394,12.844876278765637],[78.63359045111503,12.931505463447195],[78.62076458952778,12.991133343812422],[78.65574421203846,13.01532201226247],[78.70529867726191,13.01532201226247],[78.71462657659808,13.06876209372187],[78.75135518023428,13.055261441563706],[78.78750079016197,13.064261876335816],[78.81315251333646,13.08901307195912],[78.84230219876203,13.078887582840494],[78.89127367027696,13.097450979557971],[78.89185666398548,13.032760354633432],[78.92333832424508,13.080012637187007],[78.95540297821319,13.07607494697421],[78.9822206888047,13.086200436092835],[79.03469012257071,13.069887148068386],[79.06442280170478,13.051323751350907],[79.08074662554309,13.02601002855435],[79.10873032355163,13.038948153539256],[79.16294873844316,13.02038475682178],[79.19209842386871,13.048511115484622],[79.18860046161765,13.087888017612604],[79.23465696459003,13.105326359983568],[79.22882702750492,13.1570788599232],[79.26497263743262,13.109826577369622],[79.29353932914967,13.051886278524165],[79.26730461226666,12.984945544906598],[79.26905359339219,12.956819186243754],[79.2165841596262,12.955131604723984],[79.1862684867836,12.91800481128903],[79.19151543016021,12.883690653720361],[79.17810657486446,12.820125083142335],[79.20842224770703,12.784685871227152]]]},"properties":{"district":"Vellore","st_code":"33","dt_code":"605","year":"2019","st_nm":"Tamil Nadu","schemaId":"TN-D04"}},{"type":"Feature","geometry":{"type":"Polygon","coordinates":[[[79.28421142981348,13.12276470235453],[79.30345022219436,13.08338780022655],[79.33493188245396,13.060324186123019],[79.40372514005827,13.080575164360265],[79.40139316522422,13.104201305637053],[79.43404081290085,13.136265354512695],[79.45094763044767,13.093513289345173],[79.47543336620514,13.107576468676594],[79.48184629699877,13.139640517552237],[79.51740891321795,13.143578207765035],[79.56929535327544,13.137390408859208],[79.63109268637763,13.145828316458061],[79.64799950392445,13.199268397917464],[79.69172403206278,13.177329838160446],[79.69463900060533,13.159328968616226],[79.73661454761815,13.167204349041823],[79.73836352874368,13.06538693068233],[79.74652544066284,13.051323751350907],[79.78791799396713,13.05638649591022],[79.78966697509266,13.024322447034578],[79.65907638438615,12.950631387337928],[79.66199135292871,12.929817881927423],[79.5675463721499,12.898878887398297],[79.55938446023075,12.85331418636449],[79.51157897613284,12.856689349404032],[79.47251839766258,12.874127691774994],[79.45677756753278,12.84431375159238],[79.45969253607534,12.783560816880637],[79.46902043541152,12.770622691895731],[79.46493947945194,12.699744268065366],[79.45094763044767,12.671055382229266],[79.38273736655186,12.628303317061743],[79.35650264966887,12.672180436575779],[79.3949802344306,12.689618778946741],[79.34309379437312,12.731808316941006],[79.2958713039837,12.746996550618942],[79.28829238577306,12.775685436455042],[79.25214677584538,12.80831201250394],[79.20842224770703,12.784685871227152],[79.17810657486446,12.820125083142335],[79.19151543016021,12.883690653720361],[79.1862684867836,12.91800481128903],[79.2165841596262,12.955131604723984],[79.26905359339219,12.956819186243754],[79.26730461226666,12.984945544906598],[79.29353932914967,13.051886278524165],[79.26497263743262,13.109826577369622],[79.22882702750492,13.1570788599232],[79.28421142981348,13.12276470235453]]]},"properties":{"district":"Ranipet","st_code":"33","dt_code":"0","year":"2019","st_nm":"Tamil Nadu","schemaId":"TN-D04"}},{"type":"Feature","geometry":{"type":"Polygon","coordinates":[[[78.64816529382782,12.258160437058724],[78.60152579714692,12.267160871830832],[78.61318567131714,12.29472470332042],[78.61726662727672,12.347602257606566],[78.5846189796001,12.360540382591473],[78.5688781494703,12.387541686907802],[78.50766381007662,12.399354757546197],[78.4592753322702,12.384729051041518],[78.43595558392975,12.39372948581363],[78.44994743293401,12.449419675966059],[78.41555080413185,12.488234050920783],[78.42138074121696,12.570363018216284],[78.40738889221271,12.601864539918669],[78.4120528418808,12.626615735541971],[78.4126358355893,12.62717826271523],[78.47151820014892,12.63224100727454],[78.46802023789786,12.676118126788577],[78.50358285411704,12.681743398521146],[78.50416584782555,12.725057990861924],[78.55488630046602,12.699181740892108],[78.55721827530007,12.757122039737567],[78.59278089151925,12.782435762534124],[78.60793872794054,12.821812664662104],[78.60269178456394,12.844876278765637],[78.65982516799804,12.865127257002884],[78.7157925640151,12.857814403750545],[78.74902320540023,12.817874974449307],[78.78283684049389,12.847126387458665],[78.81082053850243,12.853876713537748],[78.88719271431738,12.893816142838984],[78.91284443749187,12.8949411971855],[78.89943558219612,12.856689349404032],[78.85104710438969,12.816187392929537],[78.80732257625135,12.805499376637655],[78.80382461400029,12.752059295178253],[78.78575180903644,12.741371278886373],[78.76826199778111,12.680618344174633],[78.80848856366838,12.636178697487338],[78.85804302889183,12.633366061621054],[78.82189741896414,12.539424023687157],[78.7781728908258,12.46517043681725],[78.75835110473642,12.442669349886977],[78.76826199778111,12.421293317303215],[78.75193817394279,12.386979159734546],[78.72920141931085,12.374041034749638],[78.70996262693,12.304287665265786],[78.67556599812784,12.269973507697117],[78.64816529382782,12.258160437058724]]]},"properties":{"district":"Tirupathur","st_code":"33","dt_code":"0","year":"2019","st_nm":"Tamil Nadu","schemaId":"TN-D04"}},{"type":"Feature","geometry":{"type":"Polygon","coordinates":[[[79.78966697509266,13.024322447034578],[79.8182336668097,13.004633995970588],[79.82114863535226,12.96300698514958],[79.85263029561186,12.948943805818157],[79.89052488666509,12.94500611560536],[79.94182833301407,13.008571686183386],[79.93658138963747,13.032760354633432],[79.99429776678008,13.046823533964853],[80.02344745220563,13.040635735059027],[80.04385223200353,13.019822229648522],[80.07999784193122,13.015884539435724],[80.06309102438439,13.008571686183386],[80.07183593001206,12.969194784055405],[80.1050665713972,12.954569077550726],[80.05492911246523,12.883128126547104],[80.0531801313397,12.839251007033068],[79.95640317572685,12.79031114295972],[79.90976367904595,12.799311577731832],[79.88236297474593,12.766685001682934],[79.91909157838214,12.751496768004998],[79.95173922605876,12.709869757183988],[79.91675960354809,12.682305925694402],[79.92841947771831,12.637303751833851],[79.82348061018631,12.620427936636148],[79.82056564164375,12.578800925815138],[79.74361047212028,12.532111170434817],[79.71446078669472,12.54954951280578],[79.7243716797394,12.587238833413991],[79.69055804464575,12.601302012745414],[79.66548931517978,12.593426632319817],[79.63050969266911,12.631115952928027],[79.64625052279891,12.670492855056008],[79.67073625855639,12.66655516484321],[79.74127849728623,12.694118996332797],[79.7447764595373,12.7436213875794],[79.69813696285641,12.775685436455042],[79.64625052279891,12.772310273415501],[79.63925459829677,12.81393728423651],[79.58561917711376,12.834750789647014],[79.55938446023075,12.85331418636449],[79.5675463721499,12.898878887398297],[79.66199135292871,12.929817881927423],[79.65907638438615,12.950631387337928],[79.78966697509266,13.024322447034578]]]},"properties":{"district":"Kancheepuram","st_code":"33","dt_code":"604","year":"2019","st_nm":"Tamil Nadu","schemaId":"TN-D03"}},{"type":"Feature","geometry":{"type":"Polygon","coordinates":[[[80.07999784193122,13.015884539435724],[80.08291281047377,13.036135517672973],[80.12780332602912,13.034447936153203],[80.13771421907381,12.98269543621357],[80.17094486045896,12.966944675362377],[80.18843467171429,12.920817447155315],[80.18318772833769,12.867377365695912],[80.20883945151218,12.871877583081968],[80.24964901110796,12.857251876577287],[80.25489595448457,12.782998289707383],[80.16861288562491,12.537173914994131],[80.15637001774618,12.460107692257939],[80.13771421907381,12.410605301011334],[80.05667809359078,12.326226225022804],[80.00770662207583,12.25478527401918],[79.97330999327367,12.233409241435421],[79.9278364840098,12.248034947940099],[79.90101877341829,12.229471551222623],[79.87361806911827,12.242972203380788],[79.82756156614589,12.31272557286464],[79.79899487442884,12.337476768487942],[79.7500234029139,12.325101170676291],[79.69988594398194,12.333539078275145],[79.67365122709894,12.316663263077437],[79.6404205857138,12.344789621740281],[79.66374033405425,12.367853235843812],[79.66957027113936,12.39372948581363],[79.69755396914789,12.402167393412482],[79.7086308496096,12.428043643382297],[79.74944040920539,12.456732529218398],[79.755853339999,12.515235355237113],[79.74361047212028,12.532111170434817],[79.82056564164375,12.578800925815138],[79.82348061018631,12.620427936636148],[79.92841947771831,12.637303751833851],[79.91675960354809,12.682305925694402],[79.95173922605876,12.709869757183988],[79.91909157838214,12.751496768004998],[79.88236297474593,12.766685001682934],[79.90976367904595,12.799311577731832],[79.95640317572685,12.79031114295972],[80.0531801313397,12.839251007033068],[80.05492911246523,12.883128126547104],[80.1050665713972,12.954569077550726],[80.07183593001206,12.969194784055405],[80.06309102438439,13.008571686183386],[80.07999784193122,13.015884539435724]]]},"properties":{"district":"Chengalpattu","st_code":"33","dt_code":"0","year":"2019","st_nm":"Tamil Nadu","schemaId":"TN-D03"}},{"type":"Feature","properties":{"district":"Nagapattinam","st_nm":"Tamil Nadu","dt_code":"618","schemaId":"TN-D19"},"geometry":{"type":"MultiPolygon","coordinates":[[[[79.47193540395408,10.315754107802757],[79.63633962975422,10.294378075218996],[79.68006415789256,10.282002477407344],[79.76867920158625,10.27187698828872],[79.86020921382251,10.2825650045806],[79.88236297474593,10.323066961055096],[79.87128609428422,10.367506607742389],[79.85321328932038,10.635832069385915],[79.85088131448633,10.827653835466506],[79.82114863535226,10.845654705010727],[79.82406360389481,10.88446907996545],[79.77684111350541,10.896844677777102],[79.7243716797394,10.929471253826],[79.66840428372234,10.914283020148064],[79.65266345359254,10.88615666148522],[79.65499542842659,10.83777932458513],[79.72845263569899,10.828216362639763],[79.72961862311601,10.79840242245715],[79.703383906233,10.783214188779214],[79.66665530259681,10.650457775890594],[79.67365122709894,10.624581525920776],[79.66782129001382,10.574516607500916],[79.71446078669472,10.525576743427568],[79.68997505093725,10.450198102211148],[79.63050969266911,10.445697884825092],[79.63400765492018,10.378757151207525],[79.55996745393927,10.386070004459864],[79.5354817181818,10.359068700143535],[79.50108508937963,10.369194189262158],[79.47659935362216,10.35119331971794],[79.47193540395408,10.315754107802757]]],[[[79.5114788837486,11.04234071084071],[79.51179424398542,11.042486791156039],[79.51272290974974,11.043038628314687],[79.51345477799151,11.043689830641618],[79.51351762502712,11.043746589651242],[79.51352984840318,11.043757629160975],[79.51354880734725,11.043774751377113],[79.51355572617157,11.043780999839587],[79.51365657463862,11.043870129685256],[79.5136774209431,11.04388844392506],[79.51368781534924,11.043897632784994],[79.51370434165554,11.043912094967213],[79.51375768990529,11.043958964141453],[79.51385787272073,11.044046455774115],[79.51385851232124,11.044048131845251],[79.51415463297148,11.044304856282183],[79.51519775308614,11.04473468540347],[79.51864245802746,11.047081998909173],[79.51844375964725,11.047590997923251],[79.5114788837486,11.04234071084071]]],[[[79.51195174285048,11.040527505154191],[79.51257348441165,11.039584781981],[79.51227108141634,11.04014097769384],[79.51195174285048,11.040527505154191]]],[[[79.51565993209242,10.969973210300495],[79.515857404569,10.969942723896974],[79.51575907795905,10.970231860815451],[79.51565993209242,10.969973210300495]]],[[[79.51609582828465,10.969905915316206],[79.53021555920958,10.967726068169753],[79.53042789282104,10.96854010171987],[79.5303089010802,10.968838436695707],[79.53028113684972,10.968908045354034],[79.53018990844102,10.969136772252364],[79.52949004088462,10.96938521742482],[79.52914241263261,10.969434847346857],[79.52718018842153,10.969506620051792],[79.52650780482126,10.969583277592143],[79.52573012070341,10.970053208172658],[79.52524531072434,10.969953608996246],[79.52344793185945,10.969306608183118],[79.52253769862648,10.969405790437802],[79.52165024038088,10.969853070562014],[79.52090014622031,10.969753384891893],[79.52044272767091,10.969852699281782],[79.51912515876224,10.970873973884121],[79.51797254299758,10.970823880325478],[79.5170853084325,10.970448375028472],[79.51609582828465,10.969905915316206]]],[[[79.52150212436682,11.02604662349746],[79.52844638934312,11.015517297612131],[79.52856947073768,11.015470996977475],[79.52870675127937,11.015416800206241],[79.52912328300866,11.014924236417492],[79.52928363408347,11.014314057222986],[79.5292927781178,11.01423395038031],[79.52975107369728,11.013539054156645],[79.53219824676891,11.014012175907919],[79.5322942128924,11.014355746322318],[79.53235794207359,11.015323100363249],[79.53243987741068,11.016034456226047],[79.53244175758456,11.01605069300394],[79.5324421779961,11.016054319693705],[79.5324468510322,11.016094652395836],[79.53245390819708,11.016154838853916],[79.53246104621034,11.016215015600286],[79.53246826597028,11.016275182634987],[79.53247141995523,11.01630466522696],[79.53244795596001,11.016447886248761],[79.53187596088938,11.01993924236393],[79.53012118822012,11.026812817573848],[79.53005546927056,11.026804528426307],[79.52895448417686,11.02666565056243],[79.52785675817103,11.026531608928872],[79.52150212436682,11.02604662349746]]],[[[79.52248299941343,10.98777314423793],[79.52418391618184,10.988551593625976],[79.52461164630944,10.989121492418807],[79.5246183154021,10.989130376989223],[79.52461823455373,10.98944682801698],[79.52539583512828,10.989505827667353],[79.5245219369519,10.99036902810857],[79.52436618255636,10.99125956561302],[79.52455357831116,10.991833754593952],[79.52418023608624,10.992200874352688],[79.52248299941343,10.98777314423793]]],[[[79.52637752593589,10.99793313703236],[79.52663331473782,10.997991601413068],[79.52815654215102,10.998109578765261],[79.52946030215715,10.997820622394332],[79.53187482541884,10.998155286830789],[79.53194409001885,10.99816488716383],[79.53480294696953,10.998658414582366],[79.53803231405912,10.999260507355254],[79.5396789071103,11.000124379401877],[79.54073569958356,10.999577631799449],[79.54250137869869,10.99972272157735],[79.544491181189,10.999980874435636],[79.54585432432701,11.00009872489282],[79.5468514794452,11.00041540223964],[79.54721999891748,11.000683876061759],[79.54728598915823,11.000731951383983],[79.54726598816845,11.000767912414736],[79.54688467309325,11.001453509715805],[79.54691590931233,11.002603042581715],[79.54690209142663,11.002928497339674],[79.54654518537433,11.00306400469448],[79.54568047067511,11.003077319015544],[79.54559805563771,11.003285226571458],[79.54542407622168,11.003701041243124],[79.54521814283268,11.00386823128704],[79.54513955012678,11.003880340152412],[79.54492531540626,11.003913349417765],[79.54439459163471,11.00391319598474],[79.5437678325694,11.003763845651385],[79.54338357371505,11.003569362957018],[79.54307704877716,11.003524070177189],[79.54288484973056,11.00365962134808],[79.54251417340328,11.003939767232591],[79.54201545121543,11.00401646432856],[79.54175930379867,11.003808455881671],[79.54142078356533,11.003659186620807],[79.54122859799344,11.003745013941925],[79.54115077424542,11.00389415882566],[79.54116437204388,11.004310026427708],[79.54126025462405,11.004951929559406],[79.54135623871385,11.005263855870508],[79.54148432679528,11.005322658360967],[79.54193721963227,11.00550360259324],[79.5421750270442,11.00584721291542],[79.54237154519068,11.006561470718166],[79.5423683840192,11.006591567127538],[79.54236466229897,11.006627011595524],[79.54216051835404,11.008419231097841],[79.5415977453881,11.00846426564374],[79.54103506944021,11.008197402880006],[79.5406187038993,11.008242478903787],[79.54005131538942,11.008418597094073],[79.53931009658388,11.00849521542685],[79.53850946859531,11.008345800400704],[79.53717351656267,11.008254979984144],[79.5351054887774,11.008267885803697],[79.53508699605896,11.008850991763497],[79.53497719857506,11.008819315427491],[79.53389742719682,11.008832528083296],[79.53380130207151,11.008968104146899],[79.53377375702998,11.009248350797096],[79.53377164778568,11.00927234234862],[79.53376439658469,11.009345953580222],[79.53376677532357,11.009322011414545],[79.5337645735528,11.009347792978987],[79.53372325823628,11.009759122288628],[79.5336408189443,11.010012228739868],[79.5334165401606,11.010278850896778],[79.53306420204154,11.010396263399166],[79.53264331797475,11.01026503781371],[79.53221321000659,11.010350780322844],[79.53175099804682,11.010662524560829],[79.53134829857632,11.010870322713334],[79.53133720425868,11.010871884716279],[79.52637752593589,10.99793313703236]]],[[[79.5267719564529,11.183658180272335],[79.55164149730255,11.13033268575018],[79.55222047364147,11.130310122437589],[79.55264160025341,11.130210788308986],[79.55307183039243,11.13030130560735],[79.55376289086577,11.130645023406236],[79.55436691177458,11.131268970303696],[79.55477868243284,11.131933548155843],[79.55496627491868,11.132209330023121],[79.55519970214526,11.132250071565787],[79.55532787107505,11.132222983107622],[79.55536455377967,11.131974381404117],[79.5552548066014,11.131567533847639],[79.55527450485896,11.130979701872782],[79.55527519027355,11.130978229025732],[79.5552819707573,11.130793910661481],[79.55528239566043,11.130782590621187],[79.55528257532349,11.130778059255558],[79.55528301459967,11.130767481367917],[79.55528738759847,11.130662126432295],[79.55529176059727,11.130556768814293],[79.555291691427,11.130555015674206],[79.5553561554301,11.129095002411564],[79.55552561542193,11.128688225753466],[79.55591930658677,11.12847135582933],[79.55644108762965,11.128521210937794],[79.55707723319136,11.128824224959603],[79.55724187641661,11.129353130332369],[79.55718673962114,11.130171276060477],[79.55746538444585,11.130607567564146],[79.55748413677742,11.13063693199284],[79.5581203119835,11.130845021391574],[79.55831710411618,11.130795356185557],[79.55831714274372,11.130795347371373],[79.55835744565897,11.13078655523551],[79.55831796919378,11.130796271977944],[79.55837530506513,11.13078221337463],[79.55857308714124,11.130734137353306],[79.5585938984114,11.130729153819832],[79.55880216831846,11.130679616399597],[79.55912302138512,11.130604140612187],[79.55915481635628,11.130596661782933],[79.55939733992344,11.130863413037375],[79.55939712342943,11.131735814390018],[79.56085267266747,11.131727123645199],[79.5613012185568,11.131808593638565],[79.56137434231923,11.132269672421035],[79.56115898739957,11.133200785563854],[79.56075600316312,11.13397364698887],[79.56052244657913,11.134457253725872],[79.56062758899324,11.135004224708297],[79.56088837171686,11.135496990153587],[79.56153827228219,11.135786437427866],[79.56206918559826,11.135985451763018],[79.56230253467142,11.13636972401185],[79.56232978506553,11.13726021188873],[79.56254478515072,11.137816248048823],[79.56287884435037,11.138168903132371],[79.56340522297086,11.138209706419959],[79.56366614493336,11.138141962417956],[79.56457707436068,11.137934238725798],[79.56542815443053,11.13923173021895],[79.56619225063143,11.140624124613769],[79.56644395857404,11.140823070417968],[79.56708947356418,11.140325987256011],[79.56718550526465,11.140741867363824],[79.56755618159193,11.141139726945205],[79.56764765344404,11.141483282110244],[79.5680502909308,11.142247283918561],[79.56843471507517,11.142590902116494],[79.56903890217234,11.142704035329054],[79.57020603920354,11.143129178864319],[79.5710710602283,11.143622059231765],[79.57111217162726,11.144028886410952],[79.5707870578512,11.144593847662389],[79.57097920928712,11.145068508431509],[79.57206384324601,11.146090295723791],[79.57251680704991,11.14707579175286],[79.57278210111288,11.14804316975024],[79.57269630571503,11.148043153004327],[79.57258069343628,11.14804313008885],[79.57216415901209,11.147979764354481],[79.57187578902611,11.14793450361084],[79.57149589598404,11.147767179023353],[79.5710152784424,11.147703798245635],[79.57065825111756,11.147635921605634],[79.57004029464375,11.147644834860914],[79.56959628973813,11.147613101273512],[79.56908355922175,11.14787968621563],[79.56885918341996,11.148254817108057],[79.56855695602242,11.14878361665653],[79.56761393158659,11.149081749751339],[79.56715160913403,11.14908165015746],[79.56641003998553,11.149171891888965],[79.56639849932907,11.149247407809531],[79.566107479313,11.151151676796008],[79.5659149218386,11.152489616234748],[79.56583227234088,11.153606088878822],[79.56580933475844,11.153827575073304],[79.56562139013299,11.154989226433523],[79.56555542684167,11.15498470866512],[79.56237595577622,11.154766998151118],[79.56065478728509,11.154802753413252],[79.55978506178319,11.154766382091303],[79.55926781813082,11.15468037343297],[79.55842557209347,11.154589763246863],[79.55805483108752,11.154431463943219],[79.55778934119179,11.154399758418412],[79.55781202185612,11.155213399670265],[79.55770165843354,11.15718418198414],[79.5575456156788,11.158766215759133],[79.55752237626243,11.160140353300516],[79.55742594660823,11.161311062348794],[79.55736170269239,11.161921273253697],[79.5573890087821,11.162545068438023],[79.55690826367969,11.16289300401958],[79.55653285323088,11.163046596873084],[79.55583252933032,11.162815889405799],[79.55504061410171,11.162725281757545],[79.55393280810009,11.162756635608103],[79.55305390540924,11.162711202664843],[79.55174015523883,11.162557164566875],[79.55033487662243,11.162312693111806],[79.54903030813253,11.162072763786167],[79.54892044956318,11.1620546517307],[79.54891481712635,11.162053483097218],[79.54854968070944,11.161977705226882],[79.54652647077204,11.161574834758275],[79.54453069718005,11.161284964562702],[79.54261728921813,11.161117150595366],[79.54192615508292,11.16082313065967],[79.5420542296896,11.161144104163217],[79.54212270197553,11.161767911592957],[79.54236520128815,11.162147682342649],[79.54258021574634,11.162590726144073],[79.54241075934779,11.162857368731505],[79.54217274711999,11.162771412704204],[79.54121145634119,11.162703319253959],[79.54075364522802,11.162838786100087],[79.54008076306273,11.162725575237236],[79.53952691396084,11.162567196641906],[79.53948072618222,11.163859960965029],[79.53976907910018,11.163995656413817],[79.53976893806471,11.164438634821956],[79.53986497156181,11.164750559401398],[79.54010292090754,11.165039926432394],[79.54013028898098,11.165351826570317],[79.53986472542344,11.16552803258535],[79.53931077121865,11.165686069379241],[79.53921438468362,11.16648611566773],[79.5389485767843,11.167421714351764],[79.53906752360939,11.167656802652806],[79.5397402979768,11.168145192591476],[79.53964370033766,11.169614228142974],[79.5383711828388,11.169279337695576],[79.53846722262415,11.169568659671635],[79.53844406944603,11.170395848901407],[79.53848949724994,11.171485232234877],[79.53846618686663,11.172796083202782],[79.53856205058219,11.173641390427298],[79.53834646838871,11.174956700638674],[79.53847905523308,11.175490125880994],[79.53845145359763,11.175905975035406],[79.53835520091157,11.176272082437606],[79.53790177357698,11.176940929390714],[79.53792456383573,11.177248309007096],[79.53793357932794,11.177682249977183],[79.53769522035043,11.178631417630529],[79.53764926523546,11.1791738268335],[79.53793758671242,11.179449649347502],[79.53783191159734,11.180629386610287],[79.53760306398206,11.180475628574445],[79.53664194837475,11.179697849111719],[79.53642217374387,11.179797222724885],[79.53605134290636,11.179851346704709],[79.53574013055935,11.17958455493775],[79.5351725722679,11.179263437916278],[79.53455006313219,11.178996543380888],[79.53437162358078,11.178693631903496],[79.53451364812551,11.178372743907433],[79.53446793914894,11.178160280412095],[79.53427572393264,11.17799296971736],[79.53385462966003,11.177771341568935],[79.53328701657135,11.177626507571434],[79.53270099520589,11.177770960858282],[79.53225684297658,11.178046545000386],[79.53183565977079,11.178091605407529],[79.53139167013654,11.177892567919987],[79.53076451940579,11.17782455292657],[79.53020133770639,11.178104613887777],[79.52980295823409,11.17839377019462],[79.5298393822239,11.17895880735796],[79.52998105283241,11.179659486597938],[79.52943146443992,11.180328286961123],[79.52865284158257,11.181372183576054],[79.52740253223415,11.182827251146406],[79.5267719564529,11.183658180272335]]],[[[79.52677465639383,11.183760314022265],[79.52747986729864,11.184196898417227],[79.5282442204177,11.184689865932635],[79.52867900321857,11.185051632647887],[79.52904956281095,11.185370012747235],[79.52677465639383,11.183760314022265]]],[[[79.52909885219876,11.055623057015252],[79.52916302357852,11.055646383737722],[79.52924602970738,11.055677206003832],[79.52946019974922,11.055756730256753],[79.529838100328,11.055898527588642],[79.52989147193396,11.055918554991617],[79.53039014381618,11.05624870013181],[79.53109918676488,11.056949574710794],[79.53197737888831,11.058143210429616],[79.53258575123637,11.058857607392966],[79.5328097820851,11.059440791938917],[79.53268149637431,11.059901813029827],[79.53229693388941,11.060407951670182],[79.53195808127937,11.061063273194334],[79.53207233710206,11.06149273392403],[79.53226438613001,11.0619267405642],[79.53261665687542,11.062193550120753],[79.53382009392895,11.062433516647904],[79.53473980438818,11.062700508238988],[79.53489987608698,11.062980814720456],[79.53502789859138,11.06331083288797],[79.53520170373423,11.063577582997437],[79.5358284484265,11.06414281281238],[79.53635905811201,11.064830057243281],[79.536967367578,11.065815659288365],[79.5369626604059,11.06606100685666],[79.5369613264077,11.066121893653543],[79.53695907163637,11.06622491620444],[79.5369572875822,11.066302184195852],[79.53695678272899,11.0663240913657],[79.53695613324706,11.066347846391865],[79.53695293165137,11.066465142150161],[79.53695073077895,11.066543334888204],[79.53695031755392,11.066557984618406],[79.53694980192095,11.06657377162601],[79.5369452088349,11.066714228084747],[79.53694287680842,11.066784448354376],[79.53694263156835,11.066791791286542],[79.53694233242936,11.066799662303085],[79.53693372387396,11.067025514015183],[79.53692111422235,11.067334443074882],[79.53717729757169,11.067587656840061],[79.53720920393397,11.067985447748878],[79.53698486855637,11.068301792745364],[79.53653156339266,11.069101729848313],[79.53656339878799,11.069711972396568],[79.53667757286398,11.070426203624406],[79.53683773080104,11.070457896237663],[79.53740056485243,11.07059368012311],[79.53913467806676,11.071484705429702],[79.54023605572424,11.072327484580955],[79.54026931944088,11.072352937950967],[79.5408641595675,11.072592690744386],[79.54189374296914,11.072846133584942],[79.54214992272523,11.073144546174824],[79.54247002659694,11.073917600103359],[79.54287259671007,11.074392344122364],[79.5433392616187,11.074781221766335],[79.54380596964648,11.075034491684612],[79.54449699059397,11.075034693567687],[79.5449455589412,11.07473648743261],[79.54549040692393,11.07382807915133],[79.54590680121096,11.073990926245573],[79.54683105355227,11.074538138366485],[79.54694155621368,11.074605073730908],[79.54694775099587,11.0746088284089],[79.5470648194437,11.074677642418084],[79.54708986716878,11.074692266175381],[79.54710236812426,11.074699615961935],[79.54712173041189,11.074710869413154],[79.54718209360573,11.074746112592411],[79.54729775708847,11.074814002667035],[79.54783285116386,11.075122517980768],[79.54790173038657,11.075162230746903],[79.54903646069391,11.075849621227285],[79.54966329791266,11.07627469380196],[79.5502901647758,11.076600321703744],[79.5511457552867,11.077269547403587],[79.55212954437178,11.0777263538212],[79.55243957273925,11.077790236436341],[79.5525688492918,11.077816874170951],[79.55254595033689,11.077960691977529],[79.55235797786368,11.07914124592504],[79.5525407607695,11.080144784707082],[79.55268858124444,11.081430925624034],[79.55268999968429,11.08144330986576],[79.5526914172258,11.08145569410699],[79.55269283386899,11.081468079229246],[79.55269599773544,11.081478293935366],[79.55287405190957,11.083060420395435],[79.55273670040096,11.0832728351561],[79.55200431742453,11.083833150161443],[79.55068153289731,11.084524389424047],[79.54977063491103,11.085175055253742],[79.54827853681734,11.085771312826871],[79.54698333056933,11.085987920045307],[79.54668954194558,11.086074612783598],[79.54664507174571,11.086089081699585],[79.54663739204837,11.086091347288631],[79.5464181303555,11.08615600031653],[79.54632708340651,11.086182847980242],[79.54631332211467,11.086186843173333],[79.54629511236554,11.086192129839837],[79.54626716667538,11.086200242761405],[79.54619861264278,11.086219790290954],[79.54597876614669,11.086282477430458],[79.5459214787844,11.086298812580772],[79.54589652089084,11.08630579270569],[79.5458634997193,11.08631502519449],[79.54575856661265,11.086343931266107],[79.54553815417792,11.086404648112037],[79.54551067471337,11.086412217992185],[79.54549691342154,11.086415919625601],[79.54548343060743,11.086419544564023],[79.54509766258339,11.086520767777557],[79.54456674836904,11.08666074127124],[79.54383898632643,11.08699502500641],[79.54349136166768,11.08636661181948],[79.54290584066379,11.085480474203147],[79.54244826311256,11.085254327305828],[79.54210983001582,11.084517428650857],[79.54170259225648,11.084300336368177],[79.54135476457847,11.084354474575665],[79.54126561397302,11.084381539267847],[79.54123576565111,11.084390599913746],[79.54105717877597,11.084729562900032],[79.54108454235785,11.085036947301546],[79.54121721993207,11.085168073338718],[79.54125645115712,11.085203108974529],[79.54129508410423,11.085240328217205],[79.54133376017052,11.085277503377405],[79.54137248205083,11.085314632692036],[79.54133601584019,11.085279542413215],[79.5413475025977,11.085289923600023],[79.54155577879298,11.085489111669082],[79.54193526040663,11.086682564933081],[79.54195170855948,11.08673873290968],[79.54227813836742,11.087853406057988],[79.54169231642794,11.087952676149518],[79.54153637158959,11.089055564607818],[79.54252480406636,11.089381316683802],[79.54304636412367,11.089923896610626],[79.54349458841615,11.09084163623363],[79.54378727840034,11.09154235659266],[79.54327914007169,11.091998750197327],[79.54350778826098,11.092595488392725],[79.54417117433535,11.093327958152413],[79.54438604775802,11.09408289887169],[79.54455516100018,11.094824264787743],[79.54504929100028,11.095312592658448],[79.54592788556899,11.095710624429833],[79.54622060699423,11.09633901928963],[79.54631652460867,11.096994479848165],[79.54629675807917,11.097484553904078],[79.54629090555507,11.097636747029396],[79.54629077529935,11.09763955995118],[79.5462905309576,11.09764651688581],[79.54629030637878,11.097652886729778],[79.54628962725243,11.097672255426863],[79.54628533240705,11.097794586190924],[79.54628355643776,11.097850709719118],[79.54628260063028,11.097878769275383],[79.54628187928311,11.097903705615902],[79.54628042580897,11.097949629978716],[79.54627500896781,11.098106458753946],[79.54626574284565,11.09849517968606],[79.54656314269688,11.098780038390904],[79.54731813357407,11.099336238740861],[79.5478259700688,11.099951131640811],[79.54827427431131,11.100692574340453],[79.5485303947786,11.101307395627071],[79.54848685164015,11.1013712334213],[79.54821904768428,11.101763852429997],[79.54761005999025,11.102744569030234],[79.54726181010406,11.104190942601093],[79.54707401459898,11.104701673898786],[79.54623183324031,11.104891283627552],[79.545609387885,11.104904665609384],[79.54560234868013,11.104905048537763],[79.52965178109667,11.056039867808796],[79.52909885219876,11.055623057015252]]],[[[79.52945434680646,11.18565643344416],[79.53109102467221,11.18677917233304],[79.53261521058782,11.187674681182925],[79.53397467422643,11.188339599681155],[79.53505947886521,11.18893662059139],[79.53614422511349,11.18972800360681],[79.5368856891591,11.190306826765525],[79.53771409844614,11.191012239874633],[79.53854253917419,11.191631768122825],[79.53897524686677,11.192008479783587],[79.5390048014396,11.192034209093805],[79.54010325508082,11.192983790617097],[79.54089054937565,11.193454132658642],[79.5418334902681,11.193969721337421],[79.5426436547717,11.1945259476119],[79.5436369120999,11.195208793814198],[79.54435092273212,11.195828271665826],[79.54504204518919,11.196447740260757],[79.54566456690134,11.196832137795454],[79.54585800741968,11.197034263270227],[79.5459025602645,11.197080817028619],[79.54702853020116,11.198007779765355],[79.54810878936463,11.198713236676793],[79.54875877706657,11.199142836378385],[79.54949572977283,11.199653822949191],[79.55032422529811,11.200255237134122],[79.55040128188487,11.20032048427979],[79.55042034593184,11.20033662709266],[79.5515738743848,11.201042090663595],[79.55268166601338,11.201598371198846],[79.55337284057276,11.20213645828073],[79.5545950865517,11.202733443687896],[79.55567996664898,11.203416272286573],[79.556325370248,11.203949819595438],[79.55699366741204,11.2044878917292],[79.55790456090678,11.205247511994369],[79.55846333816632,11.205540246148331],[79.55850882166578,11.205564075290924],[79.55956621241705,11.20640056930073],[79.56048630106702,11.207060740132077],[79.56125073233954,11.207702790560834],[79.56194192756017,11.208281538115399],[79.56254163206407,11.208557409563648],[79.56307268641561,11.208729300597177],[79.56374113180169,11.208729454803775],[79.56424933930064,11.208706969722243],[79.56478045743259,11.208603126108343],[79.565494673779,11.208666569356609],[79.56560668291516,11.208680863868064],[79.56563660040739,11.208684682023415],[79.56620887485407,11.208793292793073],[79.56727103476119,11.208924612407952],[79.56801270811428,11.209051336612443],[79.56842476443677,11.209051425611602],[79.5695784914174,11.209200836595375],[79.57022401808564,11.2093320555708],[79.5708740893309,11.209630522937745],[79.57157923359124,11.209976629051729],[79.57161113905522,11.209992289322066],[79.57226577643705,11.210367597157948],[79.5733049349813,11.211072953431039],[79.57459593441881,11.211674390572782],[79.57602430692452,11.21220804600795],[79.57624866517178,11.212287325030749],[79.5617164350648,11.208484731761406],[79.52945434680646,11.18565643344416]]],[[[79.53207638395872,10.967438788366689],[79.54480961751797,10.965472992914439],[79.55031622076685,10.967557954354358],[79.55021013476545,10.967640805388578],[79.5495651821207,10.967839580187176],[79.54810612675811,10.967766929580042],[79.54617150957235,10.967043182020694],[79.54496428971318,10.965551062053953],[79.54217405955862,10.966472639164573],[79.53889887389794,10.967913953139922],[79.53758143614328,10.96865954333863],[79.53694109544921,10.968641296737532],[79.53573373455453,10.967967394908413],[79.53329114971999,10.968540883087414],[79.53245871238721,10.96849093023815],[79.53216146255465,10.968264813280438],[79.53208380499497,10.967839842113488],[79.53207638395872,10.967438788366689]]],[[[79.54835108170701,11.113325898481255],[79.54847207974362,11.113204600634068],[79.54857274944594,11.113285992947386],[79.54880156292522,11.113394542440567],[79.54896169031956,11.113620597031547],[79.54935522517755,11.113900958708971],[79.54964347928086,11.11423101371685],[79.55014681880927,11.11466509280545],[79.55014672358787,11.115004109683602],[79.54978036186888,11.115740803602973],[79.54955584143836,11.116631225844746],[79.54965184169785,11.117038072220193],[79.5500316413151,11.11735459241952],[79.55028325942621,11.117770520313716],[79.55031061761818,11.118136665661664],[79.55030135868256,11.118511840167525],[79.5501652061938,11.118883539013314],[79.54835108170701,11.113325898481255]]],[[[79.55138303168269,11.1226143945017],[79.55197060994014,11.123443847146168],[79.55184234129733,11.12384611199355],[79.55179542159146,11.123877766937643],[79.55138303168269,11.1226143945017]]],[[[79.55193147268527,11.129710917910712],[79.55297152943713,11.127480818812417],[79.55251110649603,11.12607029532409],[79.5525831908953,11.12618778139723],[79.55311851044783,11.126933757583359],[79.55331054600107,11.127693205345103],[79.55332400186573,11.128714776872146],[79.5532369506231,11.129031168922904],[79.55315445204236,11.129437967137578],[79.55258222610469,11.129736150022318],[79.55210619625922,11.129754105435122],[79.55193147268527,11.129710917910712]]],[[[79.55226591566205,10.968296166005425],[79.56875433445894,10.974539164791251],[79.56810211473956,10.97692516691184],[79.56803377270934,10.976918034269044],[79.56380716516162,10.976476922131694],[79.56391253305286,10.975156884426863],[79.56182222076036,10.975133921024016],[79.55936141180366,10.975133480963374],[79.55756390178475,10.97465846997666],[79.55749471443987,10.97465161860095],[79.55678633534615,10.974581469816947],[79.55734917029584,10.972990275672155],[79.55737669826942,10.972420669400574],[79.55729447097988,10.971719938354603],[79.55729451499734,10.971421569247457],[79.55635689123302,10.971199873716207],[79.55624721142841,10.970575991076412],[79.55533709138314,10.969979075634987],[79.5534024176035,10.969409076405011],[79.55335392205289,10.969416598147884],[79.55308223557836,10.969458740717203],[79.55226591566205,10.968296166005425]]],[[[79.57445997414823,10.976699487263122],[79.59073791727472,10.982862793789135],[79.59073873912618,10.982895193773857],[79.59014867264698,10.983044330682084],[79.58864378703525,10.983071327103557],[79.58746367743304,10.982795457829218],[79.58560203488936,10.982392936875964],[79.5854922113543,10.983242825267823],[79.58025486975448,10.982889653917796],[79.58003993614466,10.982193436393958],[79.57842988655926,10.981723088601116],[79.5782422698189,10.98276735729105],[79.57746468541401,10.982590953930028],[79.57711728084251,10.979779010952884],[79.57709408544356,10.979767257374071],[79.57456506830565,10.978485751148538],[79.5745601096053,10.97840147298819],[79.57445997414823,10.976699487263122]]],[[[79.59355321929726,11.21681534176061],[79.59407654095544,11.216884776409296],[79.59520740221885,11.217160650219935],[79.5961780246968,11.217373218141647],[79.59698381260836,11.217653565981877],[79.59834815140397,11.21822778828366],[79.59883343030361,11.218634659681513],[79.59952472703387,11.219213321021316],[79.60012446657208,11.219683485590366],[79.60070132601999,11.220067763240454],[79.60123240282944,11.2204294346119],[79.6019923901362,11.220985494562465],[79.60257017574715,11.221377470778963],[79.60259214404743,11.221392374411764],[79.60266539267569,11.221478263696055],[79.60344822773341,11.22254510560621],[79.6040479358306,11.22348536233247],[79.60468426734354,11.224520544796091],[79.60471234957764,11.224554183780242],[79.60552206941519,11.22552410158534],[79.60635073562038,11.226315208249003],[79.6069504832434,11.226997808426745],[79.60727482357,11.227277464052403],[79.60727554671382,11.227278087888104],[79.60815455540586,11.228494089972777],[79.60856657130415,11.229307756563385],[79.60868556573995,11.229967713804086],[79.60893731859834,11.23093053367737],[79.60902885063759,11.231463921798621],[79.60926230391532,11.232277573847389],[79.60929891295808,11.232539747584443],[79.60931535033114,11.232585815419572],[79.610063405316,11.234682374336213],[79.61043423256022,11.235410149816612],[79.61059437971751,11.23692442373908],[79.61066297327596,11.23812227787129],[79.61067718676995,11.238359767360006],[79.59611306386695,11.217485166533516],[79.59355321929726,11.21681534176061]]],[[[79.60420491912143,10.981951138006732],[79.60453315993298,10.981645817786632],[79.60459371356966,10.981589493027604],[79.60498250711956,10.981227845841783],[79.60520205268006,10.980377954295566],[79.60523298437025,10.980013287865305],[79.6053895580293,10.978167319141686],[79.6043695452787,10.97794124839088],[79.6044096716308,10.977885145975037],[79.60576873042245,10.9773807814476],[79.60820714727417,10.977294892964801],[79.60833669145505,10.976427777456431],[79.62118179333294,10.971660791820264],[79.62613448604745,10.979372075743624],[79.62536017489217,10.982525293068509],[79.62529669544261,10.982521817646653],[79.6200770614337,10.982236098322195],[79.61799588860089,10.983013692170283],[79.61575913744235,10.982814792655814],[79.61243833892482,10.983045340413389],[79.6110066345677,10.982841891394255],[79.61060408960743,10.982123088336142],[79.6100140222299,10.981833751215655],[79.6091129347448,10.982208956316848],[79.60861434640593,10.981747831095786],[79.60529355956649,10.982235981916183],[79.60423693956973,10.982181697021092],[79.60420491912143,10.981951138006732]]],[[[79.62245243250085,11.255237100509659],[79.62288725664541,11.25522021543765],[79.6231024768178,11.255179541414305],[79.62331770058347,11.255057502570025],[79.62541041497107,11.252833628364904],[79.6262760288839,11.251916050364166],[79.62633999072875,11.251848249265265],[79.62671123568958,11.251460487993926],[79.62914772186166,11.24968566909441],[79.63085571206757,11.248288945371483],[79.63309027043847,11.246643600560143],[79.63361685387487,11.246309105044102],[79.63560824458662,11.246413699858083],[79.63568198100008,11.24641757302142],[79.63785242930413,11.246706831921571],[79.64067768477159,11.247163303137143],[79.64320988643719,11.247466070614985],[79.64360368539988,11.247551940682186],[79.64435922784261,11.247710116799704],[79.64573754801735,11.24850108859589],[79.64695560784705,11.249260421239176],[79.64777531425564,11.250354263352854],[79.64833493862649,11.251459006067945],[79.648461528318,11.251915663583832],[79.64866770065888,11.253913572560185],[79.6487136944014,11.257466430028312],[79.64900236083145,11.260553695198109],[79.64914894073297,11.261317596740621],[79.64912149720104,11.261850979713204],[79.64886966618924,11.262343693972225],[79.64883424921084,11.26241240709415],[79.64834311060062,11.263365282041484],[79.64682295003578,11.266416480805837],[79.6459758530959,11.267994062432665],[79.64510585540448,11.26966656518897],[79.64461134362037,11.271081402274048],[79.64459456309086,11.271147801591601],[79.64403443476512,11.273364113718282],[79.64363612356478,11.275872824829147],[79.64291267882547,11.278806443988051],[79.6427570115665,11.279805407690118],[79.6427471130304,11.279868767431852],[79.64262423787254,11.28065520460351],[79.64257845972566,11.281161465736849],[79.64257438766248,11.281208305440133],[79.64248690702517,11.28221466874611],[79.64241826316106,11.283638525776139],[79.64244699514785,11.28389509225665],[79.62245243250085,11.255237100509659]]],[[[79.6306391075913,10.986706752384617],[79.63073737781502,10.986538723733778],[79.63151386831908,10.987747710255992],[79.63106918411842,10.987728416687435],[79.6306391075913,10.986706752384617]]],[[[79.63147219081276,10.992429961836581],[79.63152245873941,10.991955282030977],[79.6318471799517,10.99145798324446],[79.632222284075,10.991607146689736],[79.63254257659291,10.992529359428522],[79.63474746540666,10.993347478018622],[79.63488522182035,10.992996867745251],[79.63900845694695,10.999416696023891],[79.63872327231022,10.999395937915146],[79.63630346964962,10.999717088565207],[79.63504098812908,11.000114998703427],[79.63410326195684,11.000313971207314],[79.63391570989518,11.00029137924029],[79.63394903110401,11.000208557003962],[79.63407576901757,10.999893544294123],[79.63544319532282,10.997181014978963],[79.63563518955357,10.99608698492197],[79.63558019559018,10.995191882675265],[79.63439536534112,10.994418914358345],[79.63447766090262,10.994048208879803],[79.63216753535167,10.992976932568583],[79.63147219081276,10.992429961836581]]],[[[79.6343407390376,10.992149114498426],[79.6345210191049,10.992429808428946],[79.63439513357581,10.99235293809336],[79.6343407390376,10.992149114498426]]],[[[79.63998902729165,11.00441402211539],[79.64007136237902,11.003681738648638],[79.64073017333365,11.003003682408929],[79.64093664195313,11.00241885725143],[79.64576391358644,11.009934862036145],[79.64534227671591,11.01002799586076],[79.64393309042804,11.010181741337977],[79.64337722011675,11.009829044025645],[79.64337031386883,11.009824661572644],[79.6428075337164,11.009322933759321],[79.64204344110875,11.008753408215625],[79.6409911042793,11.007989516426436],[79.64038257023446,11.007153285961895],[79.6403276247801,11.005589280353888],[79.63998902729165,11.00441402211539]]],[[[79.64681365939448,11.01156930383172],[79.64683351650743,11.011600221121503],[79.69985445154947,11.015492798309923],[79.69585950833388,11.016110411255124],[79.69584500503365,11.016108376147338],[79.69575144010689,11.016095244058496],[79.69562658955377,11.016077719909683],[79.6949057517254,11.015974993670685],[79.69365899970549,11.015788224771173],[79.68930308865575,11.016758108283938],[79.6892229194065,11.016762872436043],[79.68914939858873,11.016767239795875],[79.68764027382717,11.01687660276725],[79.68575834912102,11.017080820116616],[79.68277860408594,11.0170349977138],[79.68270572197031,11.01702634059692],[79.67920628357705,11.016610666423384],[79.67736149791969,11.016605867880143],[79.675572288334,11.016746812931327],[79.67392509610656,11.016426104976349],[79.67100838585495,11.017258215979242],[79.66929673501424,11.016396813738783],[79.66929608373569,11.016396485723472],[79.66929456468453,11.016395721236151],[79.66899163660106,11.016172476745407],[79.66843910802262,11.015762330904959],[79.66837861996297,11.015764219642408],[79.6678580345777,11.015780480242798],[79.6673730323592,11.015685610415145],[79.66716250678246,11.015188407227592],[79.66673241408566,11.01513873297898],[79.66560230830542,11.015256386028662],[79.66464150621013,11.015518664274609],[79.66456853965289,11.015517885676783],[79.66338327282261,11.01550523500489],[79.66262373377515,11.015261217219216],[79.66165827571174,11.014746003233393],[79.66054642639301,11.01438900924445],[79.6594163170195,11.014474996565674],[79.65809860617699,11.01443894991336],[79.6568220318863,11.013874022991978],[79.65578337011043,11.013187027893613],[79.65507418343128,11.013101196269712],[79.65425520465809,11.013223303077929],[79.65296039726208,11.01348104819048],[79.65149627629962,11.013377178270506],[79.65008703790944,11.012893597208608],[79.64917651721558,11.012414501816206],[79.64876014718307,11.012156870400585],[79.64872125013125,11.012132802369722],[79.64834377715057,11.011899237877747],[79.64758427044245,11.011849553374605],[79.64686135840408,11.011677819661694],[79.64681365939448,11.01156930383172]]],[[[79.6560018068559,11.303323058195176],[79.65636934476352,11.303594253146285],[79.65723039343804,11.303915112778162],[79.6588929486535,11.304452867765203],[79.65990055836498,11.304760144928082],[79.66088527271484,11.305071941585298],[79.66211271904093,11.305329470122011],[79.66290048584958,11.305519237301032],[79.66363328833923,11.30564572431277],[79.6643788702621,11.305584685226032],[79.66440728936445,11.305582358811447],[79.66472331757969,11.305690807941435],[79.66559350661228,11.305713310994234],[79.66825451141825,11.306214736796154],[79.67100255039885,11.306774890017417],[79.67207428724521,11.306982674633659],[79.67367167238172,11.307297752788651],[79.67372311799973,11.30730789963032],[79.67512002611431,11.307452345198561],[79.67589864268345,11.307605916587722],[79.67713202058543,11.308067736642112],[79.67715362596631,11.308075825729453],[79.67913234683927,11.309142276036791],[79.68091415700195,11.31029462918482],[79.68380902381911,11.31199371833932],[79.68870111231249,11.315120773829781],[79.68950529223966,11.315677887429322],[79.68951647985823,11.31568563717335],[79.69086779757382,11.31662556470683],[79.69350642085448,11.318889628349357],[79.6958885248159,11.320832790602553],[79.69691467665317,11.321691399347674],[79.69897157700699,11.323404080766759],[79.70255407093644,11.3265402364281],[79.70527540390198,11.329120582006789],[79.70578394256572,11.329661529877521],[79.69055804464575,11.316489949026725],[79.6561614158436,11.303551824041817],[79.6560018068559,11.303323058195176]]],[[[79.7243065962243,11.34568505975521],[79.72438023682757,11.345743013372813],[79.7243716797394,11.345741362036083],[79.7243065962243,11.34568505975521]]],[[[79.74680132238272,11.002575421867748],[79.74697950232101,11.001992225888188],[79.74747179167314,11.00142614726339],[79.74858746062843,10.997897675573054],[79.74828244755518,10.997525607649832],[79.74813292459118,10.99646859736344],[79.74827442178837,10.996411987443567],[79.76934317018672,10.997406346105926],[79.76927269628295,10.997421986949892],[79.76885999137681,10.997632804084505],[79.7684286446319,10.997924922835015],[79.76782971896735,10.997800427897456],[79.76756012197418,10.997708913767557],[79.76711274389467,10.997453922002023],[79.76680659624924,10.99734869724878],[79.76668768176349,10.997334650759434],[79.76656645591252,10.997876682155203],[79.76596164179129,10.998046026253569],[79.76497223015086,10.998290573280652],[79.7649425165762,10.998832975044497],[79.76485958770242,10.998968269119688],[79.76414135139511,10.998924659897373],[79.76326661419225,10.999101942359788],[79.76292314064844,11.000244362018215],[79.76287992270012,11.000732455778444],[79.76281480382515,11.000985368050765],[79.7625437910871,11.001232919601245],[79.76214518164606,11.001353364714813],[79.76178451883928,11.00115296967572],[79.76139828997952,11.000500369859676],[79.76111722958498,10.999866281341557],[79.76069454888761,10.999177273022521],[79.76033377558804,10.999004001975845],[79.76006832162494,10.99901648316645],[79.75994373607483,10.999264630712409],[79.75996780822949,11.000073990109877],[79.7598470207564,11.00050751427775],[79.75924909761171,11.00143432337254],[79.75885277258644,11.001904970414268],[79.75815559907761,11.002272843359345],[79.75771117106551,11.002406657071122],[79.75721694225071,11.002391072957387],[79.75693809799998,11.002322116793668],[79.75680879629464,11.002624494200434],[79.75676539509,11.003153274741098],[79.75667261079923,11.003433198011502],[79.75645650129469,11.003680968837527],[79.75583830137744,11.00378694262319],[79.75563014016652,11.003769587047477],[79.75556209098713,11.003763912668127],[79.75498289502117,11.003715622681423],[79.75464974761154,11.003501678624945],[79.75444892563651,11.003356183315521],[79.75421355535394,11.002785572201173],[79.75406775788504,11.002613176260633],[79.7539216531923,11.002535718685134],[79.75355949469055,11.002692468847078],[79.75312829886259,11.002943785139527],[79.7526743549967,11.003163542434876],[79.75245891294041,11.003230381197469],[79.75109634562254,11.002998731974063],[79.75031879625195,11.00289146165588],[79.74987945539931,11.002903307784408],[79.74870383018697,11.003265753762122],[79.74833883839882,11.00311731841043],[79.7478172477988,11.003036140646467],[79.74719491922447,11.002927874787519],[79.74680132238272,11.002575421867748]]],[[[79.75216932752656,11.351105719148212],[79.75344117668615,11.351128329934713],[79.75460920215117,11.35115602756159],[79.75594670198109,11.351323845283368],[79.75782445491105,11.352029779387317],[79.75863451556157,11.352353363469863],[79.75216932752656,11.351105719148212]]],[[[79.76453192330511,11.381928774654455],[79.76473826393509,11.381860985592313],[79.76576433222903,11.38211448374386],[79.76687297635883,11.382114968100241],[79.76845815339065,11.381889562642737],[79.77016694040223,11.381750071383596],[79.77161475155236,11.381411660633901],[79.7731542375739,11.38082456580786],[79.77406592697598,11.380540110681423],[79.77491833116254,11.379839870167844],[79.77611426189357,11.379080918915749],[79.77837802000279,11.377232928329512],[79.78123797828803,11.374713584102597],[79.78130162662083,11.374657516187076],[79.78233702122404,11.374368522961774],[79.78662057028272,11.373497614598444],[79.79031771259865,11.372680642410144],[79.79156839744286,11.37242792494704],[79.79247983441836,11.373214690692452],[79.79497583307966,11.375263042045127],[79.79780248632572,11.377415268677865],[79.79783832641063,11.377442556884786],[79.79901537455437,11.37831981859203],[79.8013191175752,11.380340987960816],[79.80214357158005,11.381014665036421],[79.80336671677257,11.381100938034379],[79.80373759791573,11.381634391056885],[79.80436023101892,11.383234700093105],[79.8051245949178,11.385752598636433],[79.80609514463221,11.388419752026085],[79.80660302065282,11.390725163673348],[79.80691881171286,11.391904978028885],[79.80663395593626,11.395064427293363],[79.80660165407585,11.396389722448248],[79.80307583038841,11.381180573951266],[79.76459824562667,11.382305628297779],[79.76453192330511,11.381928774654455]]],[[[79.77135699800795,10.997501390533847],[79.77447448054751,10.997648522945767],[79.77430067921759,10.997668537102552],[79.77392537926157,10.99773619631963],[79.77251007364995,10.99799134656802],[79.77202498070157,10.998002858684973],[79.77160056984899,10.99772536142816],[79.77135699800795,10.997501390533847]]],[[[79.77698984976598,10.997767238074172],[79.77957780482366,10.997889378956996],[79.77993161137093,10.998179647002864],[79.78005408228687,10.998419753978462],[79.77986571006336,10.99860436021716],[79.77979775071547,10.998610010005022],[79.77908753636365,10.99866905103127],[79.77860707243394,10.998667120738919],[79.7781821315753,10.998516218397953],[79.77746093711576,10.998079207244754],[79.77698984976598,10.997767238074172]]],[[[79.80656521773577,10.999163074351541],[79.81112046871033,10.99937806354692],[79.80995583872036,10.999732239850855],[79.80899235156069,10.999860663322957],[79.80814954407627,10.999883760600706],[79.8070412359164,10.999429654896344],[79.80656521773577,10.999163074351541]]],[[[79.81244922502133,11.42161406227368],[79.81287900157062,11.422687561024162],[79.81303672327664,11.422073814372585],[79.81319735103261,11.42117435316827],[79.8134220520245,11.420351717958201],[79.81354129170036,11.419741588757791],[79.81366509302124,11.419199195898113],[79.81372484266576,11.418629610207482],[79.81384869429229,11.417983284600998],[79.81400919358916,11.417237488318262],[79.81415146067901,11.416338017061742],[79.81427537518763,11.415574164416542],[79.81429841158476,11.414810266568333],[79.81439939659575,11.414258849227279],[79.81444066340327,11.4138519942059],[79.8145049648113,11.413422653733432],[79.8145233488336,11.412993255375582],[79.81458306074883,11.412581922686195],[79.81472981402523,11.411935550724259],[79.81494990306646,11.411131036150104],[79.81509215757993,11.410367129865563],[79.81523426207471,11.40991520123401],[79.81537180312786,11.409327633411358],[79.81543151234817,11.40891630685782],[79.81547744141203,11.408364826113758],[79.81557834287968,11.40793545268642],[79.81566088907114,11.407374924825342],[79.81582144765682,11.406705977237895],[79.81594528940187,11.405982856045929],[79.81616997512242,11.405142157563539],[79.81618701436673,11.405017558583447],[79.81621493939566,11.404813352697689],[79.81626640387829,11.404437015571286],[79.81649112642975,11.403496895732934],[79.81659659583063,11.402787266603616],[79.81681677829667,11.401756725274733],[79.81701853901116,11.400916009882058],[79.81711947730975,11.400246997770749],[79.81724334959753,11.39956000587893],[79.81742219518748,11.398854895822705],[79.81760556559145,11.398109085401869],[79.81778440489317,11.397544107852532],[79.81788991920982,11.396929415673915],[79.81801375825994,11.396124905269112],[79.81819262271448,11.395261570670252],[79.81843571581352,11.394145169818193],[79.81867865440233,11.393417460368921],[79.81888506479673,11.392563173799475],[79.81914640178086,11.391446806383097],[79.81944901186073,11.390452431600465],[79.81972865740869,11.389566548110375],[79.8199303022405,11.389272773254202],[79.82001285921174,11.388960924991903],[79.82016870433712,11.388373330574293],[79.82047128117934,11.387324662905234],[79.8208151383038,11.386113410236101],[79.82107648157614,11.38525011921836],[79.8212598447936,11.384621771678372],[79.82128276261317,11.384404860226407],[79.82149830078917,11.38366813096807],[79.82162204641449,11.383121209652957],[79.8217046788442,11.382533624310513],[79.82184682555982,11.381941520908835],[79.82226854775479,11.38077082225601],[79.8226901774233,11.379595713748294],[79.82309362429211,11.378501902853174],[79.82347396739016,11.377625092605822],[79.82411557740372,11.376269175716521],[79.82465636140816,11.375170863270302],[79.82510091877764,11.37423533627382],[79.82539891780515,11.373430742325056],[79.8255822262254,11.3729607257849],[79.82620098489478,11.371383270806486],[79.8268242351406,11.37006805237406],[79.82728252505582,11.368929041411745],[79.82782330816194,11.367934752660611],[79.82826781163249,11.367152861949672],[79.82858397998496,11.366678243105977],[79.8290650862101,11.365810492318353],[79.82974784265693,11.364594682977163],[79.83018777100777,11.3639529049241],[79.83062309908603,11.363189107974037],[79.83100196625206,11.36233817779746],[79.83108595873111,11.36214953072615],[79.83138830829955,11.361616185653045],[79.83164950784146,11.361150687060023],[79.83179169587957,11.36047271708688],[79.83183292585619,11.36011555175745],[79.8318513422178,11.359609334265622],[79.8317781313188,11.359333614940988],[79.83163616426623,11.359017204356935],[79.83218634195356,11.356481459375907],[79.83415614255577,11.3558534825852],[79.83538843978444,11.355446849657666],[79.83688183324873,11.35485952078697],[79.83809124589551,11.354190720157689],[79.83913111680378,11.353666506644956],[79.84004275769682,11.35315582822341],[79.8405237552258,11.352984121359253],[79.84094521241778,11.352848632999358],[79.84132086900499,11.352550292397922],[79.8416003366865,11.352261117348183],[79.84202182442115,11.351782019810521],[79.84233790384042,11.351393297153402],[79.84249832139058,11.351153781665342],[79.84255785723605,11.350959446397459],[79.84259907733117,11.350742487303878],[79.84256252578056,11.350471236240951],[79.84228316769354,11.350195479901506],[79.8420449650229,11.349919680139028],[79.8417106507017,11.349273246015747],[79.84145422929879,11.348658506028494],[79.8412985593449,11.34811150344021],[79.84113835020385,11.347465177078318],[79.84098729309893,11.346954376586272],[79.84066677420556,11.346226565974574],[79.84029580233258,11.345652397832763],[79.83983786994685,11.344929113665804],[79.8396272383689,11.344418340344612],[79.8393891497843,11.343591129615664],[79.83913274275443,11.342904004609057],[79.83905496212556,11.34255140698602],[79.83895875525359,11.342117482021491],[79.83866117573933,11.341453002562714],[79.83823071832651,11.340508167903687],[79.83783694541499,11.339486572828823],[79.83758055275815,11.338722652268107],[79.83736540984087,11.33810788516715],[79.8372463686927,11.337777844691988],[79.83679767637794,11.336381092608208],[79.83650005464285,11.335694023367017],[79.83638566227627,11.335219389199636],[79.83632616236342,11.33492552487202],[79.8362254504403,11.3345323021923],[79.83599197560301,11.333845130738476],[79.83569900534442,11.332864278796338],[79.83542434903957,11.331603076953213],[79.83517266714811,11.330134012924034],[79.83498049505097,11.32872363959822],[79.8349028329997,11.327683995004733],[79.83490289318681,11.327331414719103],[79.83483909393702,11.326972818010796],[79.83481596860668,11.326842840928329],[79.8347106932419,11.326251124014934],[79.83457801476936,11.325518802834845],[79.83447735944011,11.324637333183302],[79.83444081417771,11.323850837849337],[79.83444552224812,11.323127598929405],[79.83430825338448,11.322422469853349],[79.83429467175571,11.321735405832568],[79.83435422466917,11.321224625422492],[79.83441845241535,11.320695754341704],[79.83444150408384,11.319814356155089],[79.83448752208092,11.318575827838687],[79.83448762628548,11.318263955153684],[79.83443276078118,11.317391565835916],[79.8344742090484,11.316234341948993],[79.8345338661664,11.315258018879288],[79.83464402297643,11.313784515086388],[79.83474962981956,11.312451011613012],[79.83485065525473,11.310982013989413],[79.83495612465562,11.310136756186989],[79.83507988195903,11.309178535411359],[79.8351212619543,11.30845078458232],[79.83516252067696,11.307822519942967],[79.83526803858689,11.306782898981115],[79.8353277298409,11.306073183422132],[79.83543313366475,11.305503696741965],[79.8355111236011,11.30497487238565],[79.83557533787254,11.304522826076399],[79.83567615130531,11.304052727002984],[79.83571283041665,11.303740824411161],[79.83577868231689,11.303231290963069],[79.83583666856845,11.302782625412496],[79.83598337872571,11.30184246130815],[79.83602935001038,11.300626519946372],[79.83611744779029,11.299908018009345],[79.83613021644373,11.299803883991085],[79.83633186576715,11.299216247052996],[79.83645557366324,11.298664800904666],[79.83659776529461,11.297530279924537],[79.83666203526161,11.296490648065507],[79.83666199932904,11.29629178301264],[79.83680421790984,11.295130083432975],[79.8368685211145,11.293679139603478],[79.83713434608183,11.292422619089631],[79.83719858820105,11.291401012760184],[79.8374462680979,11.289520709924952],[79.83776698911223,11.288264091918771],[79.83786787441022,11.287640351605159],[79.8379916353069,11.286876475093408],[79.8381108121007,11.286130690252692],[79.83827581734705,11.285271801437467],[79.83841790657048,11.284584829839483],[79.83850044737206,11.283658155133777],[79.83864248539152,11.283011788100977],[79.8387662867124,11.282284111835246],[79.83879517563362,11.282135903364223],[79.8388078993713,11.282070631566754],[79.83890373973064,11.281578958052652],[79.83898631287158,11.2806975743964],[79.83916959973224,11.279870408665762],[79.83925218904284,11.279129100315103],[79.83939422616396,11.278166324435125],[79.83945846019837,11.277443092723704],[79.83971980796231,11.275603408397258],[79.83986639415204,11.275033848035317],[79.84000388040798,11.2744462757992],[79.84012759908383,11.273854188213328],[79.8401276673558,11.273483493920224],[79.84021474015796,11.27295464932735],[79.84037518914917,11.271833664440399],[79.84070055535182,11.270522847108682],[79.84108079963518,11.26899056520991],[79.84126407391946,11.268149841572155],[79.84160775227917,11.266762185748663],[79.84186894732949,11.265722622238174],[79.84198806842772,11.265071676794085],[79.842194270413,11.26426717503183],[79.84241421392717,11.263326950903444],[79.84259745407545,11.262422961670703],[79.84273954689216,11.2618534227765],[79.84278082268283,11.261247765342898],[79.84288627142244,11.2602669153096],[79.84304665663329,11.259566250969149],[79.84332617102719,11.258115374238924],[79.84339036373908,11.25764071916338],[79.8435370199974,11.256741207984067],[79.84363781366723,11.2559953898955],[79.84373874028773,11.254973868174886],[79.84390371858461,11.253834775638175],[79.84404577097712,11.253287845851375],[79.8442243443775,11.252858511738644],[79.84434346457745,11.25234774180225],[79.84450837999225,11.251818840737393],[79.84466875801655,11.251430172825978],[79.84469422076327,11.251435977183556],[79.84516620604231,11.250175343824651],[79.83455749064802,11.321552693586037],[79.84330239627569,11.35136663376865],[79.82348061018631,11.378930465258238],[79.8129867234331,11.423932639118787],[79.81244922502133,11.42161406227368]]],[[[79.81379625949624,10.99950434991649],[79.8189558981925,10.999747863737781],[79.8181149085609,11.00113985543797],[79.81791215161478,11.001471004753357],[79.81710499107749,11.002789293407137],[79.81666162397576,11.003303423413692],[79.81619161463931,11.003751259727682],[79.81587068431752,11.003834640910926],[79.81579043691488,11.003855491052965],[79.81578087704364,11.003855885217199],[79.81549604641988,11.003867635190828],[79.81520276085266,11.003628410044206],[79.81495028844371,11.003230563730279],[79.81493756111277,11.003071822746758],[79.81412136082879,11.003121444359037],[79.81457975494862,11.00223709767241],[79.81486200201762,11.001894324382276],[79.81488959916145,11.001469719079735],[79.81467882385309,11.00087509708866],[79.81432105990973,11.000053574432904],[79.81401464366799,10.999734905567013],[79.81382824324652,10.999522590855047],[79.81379625949624,10.99950434991649]]],[[[79.82190859008726,10.99988721870597],[79.82415007131442,10.999993007442566],[79.82382936157781,11.000355279582735],[79.82345388285702,11.000578797078132],[79.8229983902956,11.000762127751546],[79.82239677058348,11.000706900084884],[79.82203689739583,11.00038803263637],[79.82190859008726,10.99988721870597]]],[[[79.82832946962014,11.000190257930834],[79.84013439389167,11.000747402023398],[79.84013150855196,11.001478589169226],[79.84013105310609,11.001595680674463],[79.84013102885157,11.001595692137933],[79.83981056475547,11.001628886838454],[79.83951549962565,11.001659454635913],[79.83833894555531,11.001535893344673],[79.8377503073974,11.001546903575544],[79.83676757742602,11.001831441976751],[79.83639781288878,11.001938501929397],[79.83630578408119,11.001961990565674],[79.83476434512225,11.00235546043716],[79.83327549084507,11.002759721281823],[79.8319510686891,11.002820731423085],[79.83116892443581,11.002563872893662],[79.83066020399883,11.002396832016336],[79.83065413318415,11.002394838258535],[79.8306499281703,11.002393458235986],[79.8303613910977,11.002298716366488],[79.82941231561011,11.002136278357401],[79.82898572724127,11.001790758126397],[79.82882955782406,11.001475125434151],[79.82844167786078,11.000690752405598],[79.82832946962014,11.000190257930834]]],[[[79.85486282908094,11.001452819261441],[79.85486307195845,11.001442535324339],[79.85554526415442,11.00147473200288],[79.855599671048,11.01780126450829],[79.85543756041993,11.017042857719682],[79.85543574402644,11.017023856679781],[79.8554301115896,11.016964933079613],[79.85529585837038,11.015560202421698],[79.85523647344189,11.014511499087236],[79.8551587503052,11.01388317840114],[79.85503531100538,11.012838987293398],[79.8549988070655,11.011772204040915],[79.85504472355292,11.009995749139218],[79.85517755024748,11.00844983434402],[79.85526922781379,11.006551335411478],[79.85527387210382,11.005796453366996],[79.85520988959769,11.005037044013058],[79.85519622262895,11.004386127332099],[79.85500414934648,11.003468498244208],[79.85486485568023,11.001481728399584],[79.85486282908094,11.001452819261441]]],[[[79.8555563239887,11.019217108572098],[79.85560399696553,11.019099394733852],[79.85560670576182,11.019912255896832],[79.85559744077757,11.01990419099618],[79.8555563239887,11.019217108572098]]],[[[79.85565059768619,11.03928701786074],[79.85566960974708,11.038788613144982],[79.85568364648914,11.043000787566358],[79.855654870972,11.042636518585347],[79.8556595547879,11.041438654691952],[79.85565059768619,11.03928701786074]]]]}},{"type":"Feature","geometry":{"type":"Polygon","coordinates":[[[79.74813215311995,10.996463143665896],[79.74828244755518,10.997525607649832],[79.74858746062843,10.997897675573054],[79.74747179167314,11.00142614726339],[79.74697950232101,11.001992225888188],[79.74680132238272,11.002575421867748],[79.74719491922447,11.002927874787519],[79.7478172477988,11.003036140646467],[79.74833883839882,11.00311731841043],[79.74870383018697,11.003265753762122],[79.74987945539931,11.002903307784408],[79.75031879625195,11.00289146165588],[79.75109634562254,11.002998731974063],[79.75245891294041,11.003230381197469],[79.7526743549967,11.003163542434876],[79.75312829886259,11.002943785139527],[79.75355949469055,11.002692468847078],[79.7539216531923,11.002535718685134],[79.75406775788504,11.002613176260633],[79.75421355535394,11.002785572201173],[79.75444892563651,11.003356183315521],[79.75464974761154,11.003501678624945],[79.75498289502117,11.003715622681423],[79.75556209098713,11.003763912668127],[79.75563014016652,11.003769587047477],[79.75583830137744,11.00378694262319],[79.75645650129469,11.003680968837527],[79.75667261079923,11.003433198011502],[79.75676539509,11.003153274741098],[79.75680879629464,11.002624494200434],[79.75693809799998,11.002322116793668],[79.75721694225071,11.002391072957387],[79.75771117106551,11.002406657071122],[79.75815559907761,11.002272843359345],[79.75885277258644,11.001904970414268],[79.75924909761171,11.00143432337254],[79.7598470207564,11.00050751427775],[79.75996780822949,11.000073990109877],[79.75994373607483,10.999264630712409],[79.76006832162494,10.99901648316645],[79.76033377558804,10.999004001975845],[79.76069454888761,10.999177273022521],[79.76111722958498,10.999866281341557],[79.76139828997952,11.000500369859676],[79.76178451883928,11.00115296967572],[79.76214518164606,11.001353364714813],[79.7625437910871,11.001232919601245],[79.76281480382515,11.000985368050765],[79.76287992270012,11.000732455778444],[79.76292314064844,11.000244362018215],[79.76326661419225,10.999101942359788],[79.76414135139511,10.998924659897373],[79.76485958770242,10.998968269119688],[79.7649425165762,10.998832975044497],[79.76497223015086,10.998290573280652],[79.76596164179129,10.998046026253569],[79.76656645591252,10.997876682155203],[79.76668768176349,10.997334650759434],[79.76680659624924,10.99734869724878],[79.76711274389467,10.997453922002023],[79.76756012197418,10.997708913767557],[79.76782971896735,10.997800427897456],[79.7684286446319,10.997924922835015],[79.76885999137681,10.997632804084505],[79.76927269628295,10.997421986949892],[79.77009253564216,10.9972400333641],[79.77073341173217,10.997179331586228],[79.77106722120017,10.997234932923194],[79.77160056984899,10.99772536142816],[79.77202498070157,10.998002858684973],[79.77251007364995,10.99799134656802],[79.77392537926157,10.99773619631963],[79.77430067921759,10.997668537102552],[79.77562832183389,10.997515651923305],[79.77633735130784,10.997572850169144],[79.77679467283923,10.997637985645751],[79.77746093711576,10.998079207244754],[79.7781821315753,10.998516218397953],[79.77860707243394,10.998667120738919],[79.77908753636365,10.99866905103127],[79.77979775071547,10.998610010005022],[79.77986571006336,10.99860436021716],[79.78005408228687,10.998419753978462],[79.77993161137093,10.998179647002864],[79.77946643766565,10.997798011718091],[79.77907047915303,10.997276500103009],[79.77884293409495,10.996972586371045],[79.77894404936163,10.996864486712568],[79.77942553377751,10.996617763932504],[79.78031891371744,10.9963546981466],[79.78133561887121,10.996146285709182],[79.7821978003213,10.99570215825452],[79.78300095886402,10.995122159403168],[79.78359264590402,10.994780926327236],[79.78388533139663,10.994822786619311],[79.78401775115432,10.994891133431818],[79.78409963259249,10.995009097915386],[79.7840712521177,10.995235037427994],[79.78405672905453,10.995429383647432],[79.78397315968195,10.995722918143997],[79.78385294713063,10.996025348174797],[79.78355738882574,10.99668423910561],[79.78412860775198,10.996871887828402],[79.78455786591387,10.997086094188406],[79.78510168712225,10.997260068290142],[79.78558192826975,10.997316330094085],[79.78607589657315,10.997372555732753],[79.78654776272727,10.99723880939936],[79.78681397486845,10.997040945030722],[79.78698920743429,10.996711607289093],[79.78696293440717,10.996422153964433],[79.78695083320198,10.996024252951123],[79.78715410937437,10.995550353171923],[79.78818986959189,10.994058012167116],[79.78852693006293,10.99331781059034],[79.78885066492504,10.992500788918386],[79.7890544342725,10.991904819914327],[79.78904339936754,10.991244701370892],[79.78823969105588,10.990843646092461],[79.78765517706344,10.990551879236296],[79.7872935827037,10.990577562794757],[79.78642317627882,10.990822749174677],[79.7861533178759,10.990794546225725],[79.78606276410198,10.990559090033361],[79.78605012839921,10.990292296598033],[79.78610616440832,10.990016735662797],[79.78640984438171,10.989606532252223],[79.78702961724906,10.989107165993335],[79.78807583205986,10.988410571595981],[79.78855279255995,10.988145728625291],[79.78827642406617,10.98747099032954],[79.78865255406551,10.987246433782294],[79.78949889103069,10.987290493592317],[79.78973721317723,10.987196499087867],[79.78988437159381,10.987038847375626],[79.79000861578415,10.986867541014584],[79.79019717665385,10.986633194584146],[79.79083983410305,10.986129390222828],[79.79114873598316,10.985944356414722],[79.7912297226993,10.98589584392864],[79.79126665962714,10.985814612040361],[79.79136414659841,10.985471398136932],[79.79161902739061,10.984681223143214],[79.7919679528099,10.984415865348721],[79.7931377578375,10.98367905237961],[79.79392717215636,10.983089921148613],[79.7942890333157,10.982996412094069],[79.79469190885601,10.982943846087238],[79.79573513497188,10.98297510279125],[79.79622967101052,10.982886637068363],[79.79655018541234,10.982833652157519],[79.79778699757361,10.982494939344605],[79.79889743204575,10.98285657880538],[79.7994740184058,10.982845290090333],[79.79915488830788,10.984819834196964],[79.79902023713498,10.985280452844275],[79.79899165004772,10.985560647053296],[79.79908177532522,10.985904605136776],[79.79924095499693,10.986144849972856],[79.79956471501187,10.986421913671009],[79.79989810137334,10.986581466983207],[79.80033693018629,10.986691702724483],[79.80087153827311,10.986879266091519],[79.8011772708969,10.987088440821065],[79.80140467042794,10.987432938578838],[79.80184131184315,10.988085695179054],[79.80208324342051,10.98823132236356],[79.80247143240423,10.988418306261483],[79.80297933717094,10.98842030540484],[79.80337886558848,10.988064711644995],[79.80358201869167,10.987613401718717],[79.80373072041391,10.987071456402942],[79.80386871870955,10.986891155192062],[79.80394656132216,10.986877898342284],[79.80406974011056,10.986968803828848],[79.80411960020209,10.987086549254307],[79.80413236256733,10.987326216399243],[79.80414960932247,10.987697027327815],[79.80420386936228,10.988863666918983],[79.80368154124538,10.989033414785636],[79.80365392344028,10.989073994574909],[79.80376246687607,10.989390898930127],[79.80389212072102,10.990146519636054],[79.80402354334876,10.990463513668718],[79.80434388257909,10.9904557314375],[79.80455852603309,10.990560559177025],[79.80467583882267,10.990972439398226],[79.80459730540558,10.99115749474482],[79.8043952419588,10.99131493878852],[79.80404626264063,10.991616479157871],[79.80380710056926,10.99191845219992],[79.8038292323629,10.992103902896675],[79.80400252995763,10.992249259138456],[79.80464584227869,10.992717461411486],[79.80511226374387,10.992796243433068],[79.80535520143438,10.992693211899102],[79.805530627138,10.99230960919764],[79.80570630886147,10.9918853172528],[79.8059706489136,10.992125972563276],[79.80616991231163,10.992642159080791],[79.80627391835691,10.992950001427078],[79.80611249199866,10.993265844303366],[79.80569454721945,10.993648495148816],[79.80489212170203,10.994056760852493],[79.80345680881244,10.994792572607123],[79.80325383177905,10.995198672728316],[79.80313347459897,10.995541801242542],[79.80323775912198,10.996007249647375],[79.80366233256963,10.996842247209283],[79.80427440418008,10.997638287227435],[79.80496659742897,10.998447841562193],[79.80596759464164,10.998980924910901],[79.80649408285664,10.999123237270519],[79.8070412359164,10.999429654896344],[79.80814954407627,10.999883760600706],[79.80899235156069,10.999860663322957],[79.80995583872036,10.999732239850855],[79.81120138609943,10.999353455712637],[79.81249982268922,10.99906764422601],[79.81317436134786,10.999149669623776],[79.81382824324652,10.999522590855047],[79.81401464366799,10.999734905567013],[79.81432105990973,11.000053574432904],[79.81467882385309,11.00087509708866],[79.81488959916145,11.001469719079735],[79.81486200201762,11.001894324382276],[79.81457975494862,11.00223709767241],[79.81412136082879,11.003121444359037],[79.81493756111277,11.003071822746758],[79.81495028844371,11.003230563730279],[79.81520276085266,11.003628410044206],[79.81549604641988,11.003867635190828],[79.81578087704364,11.003855885217199],[79.81579043691488,11.003855491052965],[79.81587068431752,11.003834640910926],[79.81619161463931,11.003751259727682],[79.81666162397576,11.003303423413692],[79.81710499107749,11.002789293407137],[79.81791215161478,11.001471004753357],[79.8181149085609,11.00113985543797],[79.81932675384552,10.999134029783619],[79.81990432835238,10.998514621430722],[79.82068154893958,10.998160560091753],[79.82112288944202,10.99817547424882],[79.82136331903624,10.998242594560015],[79.82153646930726,10.998428451323898],[79.82169531121244,10.99885233439266],[79.82181303093883,10.999514228630487],[79.82203689739583,11.00038803263637],[79.82239677058348,11.000706900084884],[79.8229983902956,11.000762127751546],[79.82345388285702,11.000578797078132],[79.82382936157781,11.000355279582735],[79.8242727511374,10.999854428918267],[79.82487756615696,10.999102827700401],[79.8253881002925,10.998562538380014],[79.82579031107949,10.99831271920221],[79.82615103856497,10.998208318371708],[79.82793019690095,10.998135883346043],[79.82819727411974,10.998269201591777],[79.82831662788166,10.998520945808876],[79.82840884084388,10.998878560425712],[79.82825766965293,10.999870000820746],[79.82844167786078,11.000690752405598],[79.82882955782406,11.001475125434151],[79.82898572724127,11.001790758126397],[79.82941231561011,11.002136278357401],[79.8303613910977,11.002298716366488],[79.8306499281703,11.002393458235986],[79.83065413318415,11.002394838258535],[79.83066020399883,11.002396832016336],[79.83116892443581,11.002563872893662],[79.8319510686891,11.002820731423085],[79.83327549084507,11.002759721281823],[79.83476434512225,11.00235546043716],[79.83630578408119,11.001961990565674],[79.83639781288878,11.001938501929397],[79.83676757742602,11.001831441976751],[79.8377503073974,11.001546903575544],[79.83833894555531,11.001535893344673],[79.83951549962565,11.001659454635913],[79.83981056475547,11.001628886838454],[79.84013102885157,11.001595692137933],[79.84013105310609,11.001595680674463],[79.84013150855196,11.001478589169226],[79.84013575398998,11.00040273328285],[79.84013805098216,10.999823346837658],[79.84002292738693,10.998486911270284],[79.83999230381887,10.99837936771084],[79.83999217625812,10.998378917984924],[79.83965344941225,10.997189192087687],[79.8394415997188,10.995841726199531],[79.84241725202946,10.9957737711369],[79.84254981372096,10.995643691583245],[79.84263211557068,10.995562935036626],[79.84263213892687,10.995562908581917],[79.84280784759984,10.995002935717812],[79.8428352767587,10.994915530028456],[79.84298297865604,10.994770645995944],[79.84298301458865,10.994770641586792],[79.84326948104456,10.994739389659552],[79.84345132341427,10.99471957766435],[79.844172575366,10.994802207440861],[79.84512249706654,10.994911060934715],[79.84592352211045,10.99508155222754],[79.84632521187459,10.99516705929811],[79.84675283061107,10.995274476164624],[79.84781247972697,10.994511344845856],[79.84821395120048,10.994446767757097],[79.84836255231139,10.994442057035586],[79.8485885217245,10.994434922170589],[79.85068863733167,10.994403275149095],[79.85126416008644,10.99428644709924],[79.85126418434096,10.994286416235239],[79.85131017808352,10.99422550926528],[79.8515331623949,10.993930258121143],[79.85181730580747,10.993084789384827],[79.85188609789363,10.992595679438804],[79.85186946558613,10.992486291581368],[79.85185995961382,10.992423669955617],[79.85183024693745,10.992368566829311],[79.85176708189829,10.992251349966594],[79.85166189816164,10.992058270612798],[79.85159227872713,10.991930419580683],[79.85128643471224,10.991466271623235],[79.85070273189851,10.990247183437601],[79.85068290967345,10.989971840274892],[79.85066466219509,10.98971795999494],[79.8508489093548,10.989021503725334],[79.85089537561119,10.988845888943409],[79.85089538728928,10.988845848378578],[79.85086949784281,10.988634052288646],[79.85079064103219,10.98826343830731],[79.85079063115073,10.988263396860585],[79.85065921121793,10.987680917737466],[79.85066446276909,10.987559617820287],[79.85067204275343,10.987385433408328],[79.85096903027797,10.98667230201303],[79.8514536102883,10.985867315105056],[79.85145362376304,10.985867292176895],[79.85191129024746,10.985115065356672],[79.851935037212,10.984163640827802],[79.85193779414159,10.984053328302503],[79.85193780581969,10.98405288031845],[79.85194639461214,10.983844272236716],[79.85381644718348,10.983221369593906],[79.85387605669081,10.986843179908266],[79.85402668619764,10.989817528696014],[79.85409976594265,10.991268607967854],[79.85425513855417,10.993388549275894],[79.85448835198173,10.994807981639097],[79.85468493211198,10.995847629123594],[79.85475804509461,10.997447838337381],[79.85491343567246,10.999310188690666],[79.8548685747055,11.001209537605558],[79.85486282908094,11.001452819261441],[79.85486485568023,11.001481728399584],[79.85500414934648,11.003468498244208],[79.85519622262895,11.004386127332099],[79.85520988959769,11.005037044013058],[79.85527387210382,11.005796453366996],[79.85526922781379,11.006551335411478],[79.85517755024748,11.00844983434402],[79.85504472355292,11.009995749139218],[79.8549988070655,11.011772204040915],[79.85503531100538,11.012838987293398],[79.8551587503052,11.01388317840114],[79.85523647344189,11.014511499087236],[79.85529585837038,11.015560202421698],[79.8554301115896,11.016964933079613],[79.85543574402644,11.017023856679781],[79.85543756041993,11.017042857719682],[79.85564336714648,11.018005689215755],[79.85566615920187,11.018945904099922],[79.8555563239887,11.019217108572098],[79.85559744077757,11.01990419099618],[79.85578959490843,11.020071455605937],[79.85593134636532,11.02105688343876],[79.85603190737147,11.022173394280061],[79.85626058340854,11.023307996852527],[79.85657156309189,11.025079960954047],[79.8569101515972,11.025079990051326],[79.85696962186566,11.025229162922022],[79.85703361065997,11.026024732065299],[79.85680024811208,11.026146760326396],[79.85679563975468,11.02652193898223],[79.8567955813642,11.027190935946873],[79.85668100574127,11.02934256525064],[79.85657109237468,11.030490698358976],[79.8564017527571,11.030951749051258],[79.85605852804662,11.031539351775917],[79.85593035732019,11.032145054041194],[79.85587987559447,11.03381754069991],[79.85576526224233,11.036281065174059],[79.85565059768619,11.03928701786074],[79.8556595547879,11.041438654691952],[79.855654870972,11.042636518585347],[79.8558148429578,11.04466160233891],[79.85589375905721,11.045375980998092],[79.85590130221064,11.045444262285624],[79.85596115156812,11.045986046341106],[79.85597473589186,11.047590734143965],[79.8560981527338,11.049077904195235],[79.85625809238024,11.051541448742729],[79.85627628506136,11.052793558269837],[79.85628991879244,11.053864855659269],[79.85632635895193,11.055767880401648],[79.85642223524388,11.058276622250055],[79.85634878539301,11.060929995767966],[79.85632573641945,11.062837534399337],[79.85631637238095,11.065237779762871],[79.8562841902359,11.06692834475386],[79.85639848468608,11.068175939972068],[79.85654020200701,11.069839398167824],[79.85653545980061,11.071737897093026],[79.85659024535485,11.073220539323243],[79.85664073067385,11.074150804942],[79.8566436025878,11.074203723146512],[79.85669990000666,11.075241092930245],[79.85669054944286,11.077528331201993],[79.85683217244066,11.080339927231243],[79.8568503417656,11.081912970034015],[79.8569966261214,11.08378435939503],[79.85717036658556,11.085709991103855],[79.8571977876596,11.086157497191769],[79.85695521109184,11.086424169181392],[79.8567675117065,11.087156431373298],[79.8569231223716,11.087047959400275],[79.85707414623886,11.087047971741985],[79.85716718295618,11.087235331756272],[79.85719311642012,11.087287553815402],[79.85718850626608,11.08767177297168],[79.8571885008762,11.087733785416264],[79.85718844967224,11.088322686564448],[79.8573027692753,11.08942111126066],[79.8573575772874,11.09072746295758],[79.85741694155462,11.09226886541764],[79.85752663483399,11.093991082421239],[79.85787876364556,11.097232114426948],[79.85798844973839,11.099098976109323],[79.85795169337192,11.100821179292993],[79.85795913232079,11.10135481096298],[79.85797444230819,11.102452983037365],[79.85808410234985,11.104658862279244],[79.85801517371976,11.10801286439274],[79.85807000688474,11.109079640329693],[79.85812482477832,11.11035434803134],[79.85796918985868,11.110621028781878],[79.85796915931599,11.110978125929046],[79.85814906042637,11.11102835336824],[79.85833006287126,11.119182359018994],[79.85830667163958,11.125375059399786],[79.85843451358261,11.12926697665839],[79.85813677865978,11.131947440997807],[79.85783897187173,11.135409903128739],[79.85755053541043,11.136255159586133],[79.85739943608468,11.136820174714067],[79.85775644005332,11.137104976586459],[79.85782502822192,11.137950263376954],[79.85788418587664,11.142126946105432],[79.85787904481826,11.142283910644801],[79.8578690618405,11.142588740087936],[79.85780158219298,11.144649219180616],[79.8577189883908,11.147049445023901],[79.8574211842977,11.15023165042238],[79.85747106415218,11.155814113712697],[79.85717324388939,11.159064120042244],[79.8567149144483,11.165559619680842],[79.8566228506064,11.171354516074565],[79.85631571840739,11.176087143296256],[79.85580265461604,11.179834347038422],[79.85528492856832,11.184354502036632],[79.85527569658215,11.184480099299382],[79.85526494734147,11.184626344284803],[79.8550603210012,11.187410137624958],[79.85468451259874,11.191713334108817],[79.85380500174847,11.196943119962128],[79.85336535996018,11.198285575885597],[79.85314094463257,11.199103710668627],[79.85322334439861,11.199203162220217],[79.85336065638138,11.1995557506436],[79.85350247700855,11.200618011007],[79.85349777971793,11.201820382062323],[79.8532731712525,11.204573160390112],[79.85217369982007,11.211068569593962],[79.85140362622926,11.215062015810874],[79.85137709089409,11.215195331050282],[79.85115193715129,11.216326524176191],[79.85041893523562,11.221619567924389],[79.85041900081264,11.22165919636187],[79.85040961880782,11.223711361142016],[79.84989659364399,11.225668546820053],[79.84946142995744,11.227363570985803],[79.84866441139968,11.23018407959533],[79.84872752074335,11.231862479775195],[79.84855546731531,11.235060723361258],[79.8485551151757,11.23506727257804],[79.84852924908542,11.235548096406193],[79.8484943001293,11.236191388408514],[79.84754591724283,11.240923911594857],[79.847042083641,11.24219402397105],[79.8465405093021,11.243246991646886],[79.84653827159873,11.243251686895812],[79.8466022639863,11.244169291611557],[79.84652879257587,11.24586435066738],[79.8458004062041,11.248481448028146],[79.84469422076327,11.251435977183556],[79.84466875801655,11.251430172825978],[79.84450837999225,11.251818840737393],[79.84434346457745,11.25234774180225],[79.8442243443775,11.252858511738644],[79.84404577097712,11.253287845851375],[79.84390371858461,11.253834775638175],[79.84373874028773,11.254973868174886],[79.84363781366723,11.2559953898955],[79.8435370199974,11.256741207984067],[79.84339036373908,11.25764071916338],[79.84332617102719,11.258115374238924],[79.84304665663329,11.259566250969149],[79.84288627142244,11.2602669153096],[79.84278082268283,11.261247765342898],[79.84273954689216,11.2618534227765],[79.84259745407545,11.262422961670703],[79.84241421392717,11.263326950903444],[79.842194270413,11.26426717503183],[79.84198806842772,11.265071676794085],[79.84186894732949,11.265722622238174],[79.84160775227917,11.266762185748663],[79.84126407391946,11.268149841572155],[79.84108079963518,11.26899056520991],[79.84070055535182,11.270522847108682],[79.84037518914917,11.271833664440399],[79.84021474015796,11.27295464932735],[79.8401276673558,11.273483493920224],[79.84012759908383,11.273854188213328],[79.84000388040798,11.2744462757992],[79.83986639415204,11.275033848035317],[79.83971980796231,11.275603408397258],[79.83945846019837,11.277443092723704],[79.83939422616396,11.278166324435125],[79.83925218904284,11.279129100315103],[79.83916959973224,11.279870408665762],[79.83898631287158,11.2806975743964],[79.83890373973064,11.281578958052652],[79.8388078993713,11.282070631566754],[79.83879517563362,11.282135903364223],[79.8387662867124,11.282284111835246],[79.83864248539152,11.283011788100977],[79.83850044737206,11.283658155133777],[79.83841790657048,11.284584829839483],[79.83827581734705,11.285271801437467],[79.8381108121007,11.286130690252692],[79.8379916353069,11.286876475093408],[79.83786787441022,11.287640351605159],[79.83776698911223,11.288264091918771],[79.8374462680979,11.289520709924952],[79.83719858820105,11.291401012760184],[79.83713434608183,11.292422619089631],[79.8368685211145,11.293679139603478],[79.83680421790984,11.295130083432975],[79.83666199932904,11.29629178301264],[79.83666203526161,11.296490648065507],[79.83659776529461,11.297530279924537],[79.83645557366324,11.298664800904666],[79.83633186576715,11.299216247052996],[79.83613021644373,11.299803883991085],[79.83611744779029,11.299908018009345],[79.83602935001038,11.300626519946372],[79.83598337872571,11.30184246130815],[79.83583666856845,11.302782625412496],[79.83577868231689,11.303231290963069],[79.83571283041665,11.303740824411161],[79.83567615130531,11.304052727002984],[79.83557533787254,11.304522826076399],[79.8355111236011,11.30497487238565],[79.83543313366475,11.305503696741965],[79.8353277298409,11.306073183422132],[79.83526803858689,11.306782898981115],[79.83516252067696,11.307822519942967],[79.8351212619543,11.30845078458232],[79.83507988195903,11.309178535411359],[79.83495612465562,11.310136756186989],[79.83485065525473,11.310982013989413],[79.83474962981956,11.312451011613012],[79.83464402297643,11.313784515086388],[79.8345338661664,11.315258018879288],[79.8344742090484,11.316234341948993],[79.83443276078118,11.317391565835916],[79.83448762628548,11.318263955153684],[79.83448752208092,11.318575827838687],[79.83444150408384,11.319814356155089],[79.83441845241535,11.320695754341704],[79.83435422466917,11.321224625422492],[79.83429467175571,11.321735405832568],[79.83430825338448,11.322422469853349],[79.83444552224812,11.323127598929405],[79.83444081417771,11.323850837849337],[79.83447735944011,11.324637333183302],[79.83457801476936,11.325518802834845],[79.8347106932419,11.326251124014934],[79.83481596860668,11.326842840928329],[79.83483909393702,11.326972818010796],[79.83490289318681,11.327331414719103],[79.8349028329997,11.327683995004733],[79.83498049505097,11.32872363959822],[79.83517266714811,11.330134012924034],[79.83542434903957,11.331603076953213],[79.83569900534442,11.332864278796338],[79.83599197560301,11.333845130738476],[79.8362254504403,11.3345323021923],[79.83632616236342,11.33492552487202],[79.83638566227627,11.335219389199636],[79.83650005464285,11.335694023367017],[79.83679767637794,11.336381092608208],[79.8372463686927,11.337777844691988],[79.83736540984087,11.33810788516715],[79.83758055275815,11.338722652268107],[79.83783694541499,11.339486572828823],[79.83823071832651,11.340508167903687],[79.83866117573933,11.341453002562714],[79.83895875525359,11.342117482021491],[79.83905496212556,11.34255140698602],[79.83913274275443,11.342904004609057],[79.8393891497843,11.343591129615664],[79.8396272383689,11.344418340344612],[79.83983786994685,11.344929113665804],[79.84029580233258,11.345652397832763],[79.84066677420556,11.346226565974574],[79.84098729309893,11.346954376586272],[79.84113835020385,11.347465177078318],[79.8412985593449,11.34811150344021],[79.84145422929879,11.348658506028494],[79.8417106507017,11.349273246015747],[79.8420449650229,11.349919680139028],[79.84228316769354,11.350195479901506],[79.84256252578056,11.350471236240951],[79.84259907733117,11.350742487303878],[79.84255785723605,11.350959446397459],[79.84249832139058,11.351153781665342],[79.84233790384042,11.351393297153402],[79.84202182442115,11.351782019810521],[79.8416003366865,11.352261117348183],[79.84132086900499,11.352550292397922],[79.84094521241778,11.352848632999358],[79.8405237552258,11.352984121359253],[79.84004275769682,11.35315582822341],[79.83913111680378,11.353666506644956],[79.83809124589551,11.354190720157689],[79.83688183324873,11.35485952078697],[79.83538843978444,11.355446849657666],[79.83415614255577,11.3558534825852],[79.83218634195356,11.356481459375907],[79.83163616426623,11.359017204356935],[79.8317781313188,11.359333614940988],[79.8318513422178,11.359609334265622],[79.83183292585619,11.36011555175745],[79.83179169587957,11.36047271708688],[79.83164950784146,11.361150687060023],[79.83138830829955,11.361616185653045],[79.83108595873111,11.36214953072615],[79.83100196625206,11.36233817779746],[79.83062309908603,11.363189107974037],[79.83018777100777,11.3639529049241],[79.82974784265693,11.364594682977163],[79.8290650862101,11.365810492318353],[79.82858397998496,11.366678243105977],[79.82826781163249,11.367152861949672],[79.82782330816194,11.367934752660611],[79.82728252505582,11.368929041411745],[79.8268242351406,11.37006805237406],[79.82620098489478,11.371383270806486],[79.8255822262254,11.3729607257849],[79.82539891780515,11.373430742325056],[79.82510091877764,11.37423533627382],[79.82465636140816,11.375170863270302],[79.82411557740372,11.376269175716521],[79.82347396739016,11.377625092605822],[79.82309362429211,11.378501902853174],[79.8226901774233,11.379595713748294],[79.82226854775479,11.38077082225601],[79.82184682555982,11.381941520908835],[79.8217046788442,11.382533624310513],[79.82162204641449,11.383121209652957],[79.82149830078917,11.38366813096807],[79.82128276261317,11.384404860226407],[79.8212598447936,11.384621771678372],[79.82107648157614,11.38525011921836],[79.8208151383038,11.386113410236101],[79.82047128117934,11.387324662905234],[79.82016870433712,11.388373330574293],[79.82001285921174,11.388960924991903],[79.8199303022405,11.389272773254202],[79.81972865740869,11.389566548110375],[79.81944901186073,11.390452431600465],[79.81914640178086,11.391446806383097],[79.81888506479673,11.392563173799475],[79.81867865440233,11.393417460368921],[79.81843571581352,11.394145169818193],[79.81819262271448,11.395261570670252],[79.81801375825994,11.396124905269112],[79.81788991920982,11.396929415673915],[79.81778440489317,11.397544107852532],[79.81760556559145,11.398109085401869],[79.81742219518748,11.398854895822705],[79.81724334959753,11.39956000587893],[79.81711947730975,11.400246997770749],[79.81701853901116,11.400916009882058],[79.81681677829667,11.401756725274733],[79.81659659583063,11.402787266603616],[79.81649112642975,11.403496895732934],[79.81626640387829,11.404437015571286],[79.81621493939566,11.404813352697689],[79.81618701436673,11.405017558583447],[79.81616997512242,11.405142157563539],[79.81594528940187,11.405982856045929],[79.81582144765682,11.406705977237895],[79.81566088907114,11.407374924825342],[79.81557834287968,11.40793545268642],[79.81547744141203,11.408364826113758],[79.81543151234817,11.40891630685782],[79.81537180312786,11.409327633411358],[79.81523426207471,11.40991520123401],[79.81509215757993,11.410367129865563],[79.81494990306646,11.411131036150104],[79.81472981402523,11.411935550724259],[79.81458306074883,11.412581922686195],[79.8145233488336,11.412993255375582],[79.8145049648113,11.413422653733432],[79.81444066340327,11.4138519942059],[79.81439939659575,11.414258849227279],[79.81429841158476,11.414810266568333],[79.81427537518763,11.415574164416542],[79.81415146067901,11.416338017061742],[79.81400919358916,11.417237488318262],[79.81384869429229,11.417983284600998],[79.81372484266576,11.418629610207482],[79.81366509302124,11.419199195898113],[79.81354129170036,11.419741588757791],[79.8134220520245,11.420351717958201],[79.81319735103261,11.42117435316827],[79.81303672327664,11.422073814372585],[79.81287900157062,11.422687561024162],[79.81222604583502,11.421056603803642],[79.81190563743442,11.419768322568764],[79.81038140121316,11.413498485010713],[79.80930129925487,11.409208580298895],[79.80857579378029,11.406568656436761],[79.80785030357706,11.403928730048403],[79.80709548697304,11.401177597749783],[79.80708135377867,11.401126085934532],[79.80671536755551,11.399082855650708],[79.8065736915571,11.397536981155147],[79.80663395593626,11.395064427293363],[79.80691881171286,11.391904978028885],[79.80660302065282,11.390725163673348],[79.80609514463221,11.388419752026085],[79.8051245949178,11.385752598636433],[79.80436023101892,11.383234700093105],[79.80373759791573,11.381634391056885],[79.80336671677257,11.381100938034379],[79.80214357158005,11.381014665036421],[79.8013191175752,11.380340987960816],[79.79901537455437,11.37831981859203],[79.79783832641063,11.377442556884786],[79.79780248632572,11.377415268677865],[79.79497583307966,11.375263042045127],[79.79247983441836,11.373214690692452],[79.79156839744286,11.37242792494704],[79.79031771259865,11.372680642410144],[79.78662057028272,11.373497614598444],[79.78233702122404,11.374368522961774],[79.78130162662083,11.374657516187076],[79.78123797828803,11.374713584102597],[79.77837802000279,11.377232928329512],[79.77611426189357,11.379080918915749],[79.77491833116254,11.379839870167844],[79.77406592697598,11.380540110681423],[79.7731542375739,11.38082456580786],[79.77161475155236,11.381411660633901],[79.77016694040223,11.381750071383596],[79.76845815339065,11.381889562642737],[79.76687297635883,11.382114968100241],[79.76576433222903,11.38211448374386],[79.76473826393509,11.381860985592313],[79.76439462510126,11.381973881216712],[79.7643654100916,11.381944405032653],[79.7629155391045,11.380481562233022],[79.76264083159568,11.38010629988425],[79.76262879596749,11.380092227910838],[79.76149610124257,11.378767897015248],[79.76055746956852,11.377587794812682],[79.75919758731501,11.375878548979149],[79.7574622667649,11.373970363862112],[79.756922153802,11.372894318382656],[79.75692527814257,11.37287805757165],[79.757895545786,11.367827630572776],[79.75855166538805,11.365355391069933],[79.75931778818823,11.362639151167077],[79.7594925581217,11.361066239022906],[79.75954711370723,11.359254485906323],[79.75954836326379,11.359212999652453],[79.75958601255564,11.356835405798623],[79.7593902382142,11.353937879735218],[79.75930840887833,11.352622555288722],[79.75930647031397,11.35262178023832],[79.75782445491105,11.352029779387317],[79.75594670198109,11.351323845283368],[79.75460920215117,11.35115602756159],[79.75344117668615,11.351128329934713],[79.75187923098589,11.351100561845637],[79.75076608899147,11.351100042206792],[79.74971255470771,11.350986615594207],[79.74869365407145,11.350753397971516],[79.74722128477805,11.35063215196502],[79.74365746143341,11.35042559423164],[79.74356364677504,11.350418926985261],[79.74062041106974,11.35020975856488],[79.73777117417744,11.349998346728064],[79.73542583287072,11.34984097213319],[79.73467914242678,11.349710149365341],[79.7335842766568,11.34944383832281],[79.73197170011049,11.348883890205276],[79.73021249695026,11.348165777197597],[79.72833876038793,11.347366329926086],[79.72663915865014,11.346752138067497],[79.7245088946837,11.345844264419979],[79.7231252160583,11.344755338224719],[79.72090312091362,11.343047399944847],[79.71638117424992,11.339744497573301],[79.71522664687035,11.33889051693178],[79.71322910808883,11.33726381817091],[79.71322167991974,11.337257973271818],[79.71239070414593,11.336604106582461],[79.7122862893672,11.336494468651042],[79.71033350734807,11.334444025391917],[79.70739667842736,11.331389166596695],[79.70597638177605,11.329866232940732],[79.70594867863099,11.329836764584527],[79.70527540390198,11.329120582006789],[79.70255407093644,11.3265402364281],[79.69897157700699,11.323404080766759],[79.69691467665317,11.321691399347674],[79.6958885248159,11.320832790602553],[79.69350642085448,11.318889628349357],[79.69086779757382,11.31662556470683],[79.68951647985823,11.31568563717335],[79.68950529223966,11.315677887429322],[79.68870111231249,11.315120773829781],[79.68380902381911,11.31199371833932],[79.68091415700195,11.31029462918482],[79.67913234683927,11.309142276036791],[79.67715362596631,11.308075825729453],[79.67713202058543,11.308067736642112],[79.67589864268345,11.307605916587722],[79.67512002611431,11.307452345198561],[79.67372311799973,11.30730789963032],[79.67367167238172,11.307297752788651],[79.67207428724521,11.306982674633659],[79.67100255039885,11.306774890017417],[79.66825451141825,11.306214736796154],[79.66559350661228,11.305713310994234],[79.66472331757969,11.305690807941435],[79.66440728936445,11.305582358811447],[79.6643788702621,11.305584685226032],[79.66363328833923,11.30564572431277],[79.66290048584958,11.305519237301032],[79.66211271904093,11.305329470122011],[79.66088527271484,11.305071941585298],[79.65990055836498,11.304760144928082],[79.6588929486535,11.304452867765203],[79.65723039343804,11.303915112778162],[79.65636934476352,11.303594253146285],[79.65586094502508,11.303219120569882],[79.65300753635663,11.301347986943947],[79.65103352265574,11.29993330780702],[79.65102311567315,11.299924226594982],[79.65028238734776,11.299277931436075],[79.64779539339885,11.29657953206397],[79.64644885472056,11.294934260123117],[79.64563359587096,11.293623449562801],[79.64557988560016,11.293503225001452],[79.64482149459963,11.29180565156605],[79.64481374213874,11.291788297317405],[79.6445526710559,11.29115548493497],[79.64420228228103,11.29017914163349],[79.6438518979977,11.28920280029609],[79.64323814294445,11.28713710678281],[79.642886040184,11.286112238004984],[79.6428763123278,11.286083920946902],[79.64260150600428,11.285274819559643],[79.64241826316106,11.283638525776139],[79.64248690702517,11.28221466874611],[79.64257438766248,11.281208305440133],[79.64257845972566,11.281161465736849],[79.64262423787254,11.28065520460351],[79.6427471130304,11.279868767431852],[79.6427570115665,11.279805407690118],[79.64291267882547,11.278806443988051],[79.64363612356478,11.275872824829147],[79.64403443476512,11.273364113718282],[79.64459456309086,11.271147801591601],[79.64461134362037,11.271081402274048],[79.64510585540448,11.26966656518897],[79.6459758530959,11.267994062432665],[79.64682295003578,11.266416480805837],[79.64834311060062,11.263365282041484],[79.64883424921084,11.26241240709415],[79.64886966618924,11.262343693972225],[79.64912149720104,11.261850979713204],[79.64914894073297,11.261317596740621],[79.64900236083145,11.260553695198109],[79.6487136944014,11.257466430028312],[79.64866770065888,11.253913572560185],[79.648461528318,11.251915663583832],[79.64833493862649,11.251459006067945],[79.64777531425564,11.250354263352854],[79.64695560784705,11.249260421239176],[79.64573754801735,11.24850108859589],[79.64435922784261,11.247710116799704],[79.64360368539988,11.247551940682186],[79.64320988643719,11.247466070614985],[79.64067768477159,11.247163303137143],[79.63785242930413,11.246706831921571],[79.63568198100008,11.24641757302142],[79.63560824458662,11.246413699858083],[79.63361685387487,11.246309105044102],[79.63309027043847,11.246643600560143],[79.63085571206757,11.248288945371483],[79.62914772186166,11.24968566909441],[79.62671123568958,11.251460487993926],[79.62633999072875,11.251848249265265],[79.6262760288839,11.251916050364166],[79.62541041497107,11.252833628364904],[79.62331770058347,11.255057502570025],[79.6231024768178,11.255179541414305],[79.62288725664541,11.25522021543765],[79.62230570529681,11.255242798213976],[79.62092280640906,11.255274389604986],[79.61937505498862,11.255378291310583],[79.61709463941905,11.255491188372824],[79.61651766498682,11.25555444157988],[79.61636655398296,11.255531832396883],[79.6163012590382,11.255453140761208],[79.61298767578903,11.25145972764784],[79.61290117521368,11.251104395581516],[79.61271802579526,11.250891936214742],[79.61259898195213,11.250720161041746],[79.61248451682198,11.250548386647377],[79.6124723347684,11.250533671304328],[79.61209532891165,11.250078261813087],[79.61174735480826,11.249608138854661],[79.61154133697762,11.249052142891335],[79.61133076558684,11.248152611932483],[79.61134400944907,11.24720755805137],[79.6113440346019,11.247205730726794],[79.61134457359105,11.247167213295077],[79.61128512218724,11.246123046816837],[79.61107919418815,11.244391801913949],[79.61110219285604,11.24296342719199],[79.61086553888097,11.240912440786019],[79.61085966389902,11.240861524803744],[79.61089632055251,11.240495391682279],[79.61075901126469,11.239726951068517],[79.61066297327596,11.23812227787129],[79.61059437971751,11.23692442373908],[79.61043423256022,11.235410149816612],[79.610063405316,11.234682374336213],[79.60931535033114,11.232585815419572],[79.60929891295808,11.232539747584443],[79.60926230391532,11.232277573847389],[79.60902885063759,11.231463921798621],[79.60893731859834,11.23093053367737],[79.60868556573995,11.229967713804086],[79.60856657130415,11.229307756563385],[79.60815455540586,11.228494089972777],[79.60727554671382,11.227278087888104],[79.60727482357,11.227277464052403],[79.6069504832434,11.226997808426745],[79.60635073562038,11.226315208249003],[79.60552206941519,11.22552410158534],[79.60471234957764,11.224554183780242],[79.60468426734354,11.224520544796091],[79.6040479358306,11.22348536233247],[79.60344822773341,11.22254510560621],[79.60266539267569,11.221478263696055],[79.60259214404743,11.221392374411764],[79.60257017574715,11.221377470778963],[79.6019923901362,11.220985494562465],[79.60123240282944,11.2204294346119],[79.60070132601999,11.220067763240454],[79.60012446657208,11.219683485590366],[79.59952472703387,11.219213321021316],[79.59883343030361,11.218634659681513],[79.59834815140397,11.21822778828366],[79.59698381260836,11.217653565981877],[79.5961780246968,11.217373218141647],[79.59520740221885,11.217160650219935],[79.59407654095544,11.216884776409296],[79.59308759643892,11.216753562625186],[79.59170035329846,11.216391762408453],[79.58994225326941,11.216034423923507],[79.58927382135808,11.215821879689255],[79.58814297536603,11.215518861357731],[79.5869663449389,11.215220353369682],[79.58585837724053,11.2150348557807],[79.58578319543777,11.215011287361316],[79.58509380672915,11.214795164857112],[79.58410490084022,11.214496674625908],[79.58320298960001,11.214193675171485],[79.58216371337646,11.213958452816426],[79.58119770195083,11.213682556562954],[79.58008975311706,11.213447316168528],[79.57907339111979,11.213126203226551],[79.57777773930741,11.212827637253465],[79.57602430692452,11.21220804600795],[79.57459593441881,11.211674390572782],[79.5733049349813,11.211072953431039],[79.57226577643705,11.210367597157948],[79.57161113905522,11.209992289322066],[79.57157923359124,11.209976629051729],[79.5708740893309,11.209630522937745],[79.57022401808564,11.2093320555708],[79.5695784914174,11.209200836595375],[79.56842476443677,11.209051425611602],[79.56801270811428,11.209051336612443],[79.56727103476119,11.208924612407952],[79.56620887485407,11.208793292793073],[79.56563660040739,11.208684682023415],[79.56560668291516,11.208680863868064],[79.565494673779,11.208666569356609],[79.56478045743259,11.208603126108343],[79.56424933930064,11.208706969722243],[79.56374113180169,11.208729454803775],[79.56307268641561,11.208729300597177],[79.56254163206407,11.208557409563648],[79.56194192756017,11.208281538115399],[79.56125073233954,11.207702790560834],[79.56048630106702,11.207060740132077],[79.55956621241705,11.20640056930073],[79.55850882166578,11.205564075290924],[79.55846333816632,11.205540246148331],[79.55790456090678,11.205247511994369],[79.55699366741204,11.2044878917292],[79.556325370248,11.203949819595438],[79.55567996664898,11.203416272286573],[79.5545950865517,11.202733443687896],[79.55337284057276,11.20213645828073],[79.55268166601338,11.201598371198846],[79.5515738743848,11.201042090663595],[79.55042034593184,11.20033662709266],[79.55040128188487,11.20032048427979],[79.55032422529811,11.200255237134122],[79.54949572977283,11.199653822949191],[79.54875877706657,11.199142836378385],[79.54810878936463,11.198713236676793],[79.54702853020116,11.198007779765355],[79.5459025602645,11.197080817028619],[79.54585800741968,11.197034263270227],[79.54566456690134,11.196832137795454],[79.54504204518919,11.196447740260757],[79.54435092273212,11.195828271665826],[79.5436369120999,11.195208793814198],[79.5426436547717,11.1945259476119],[79.5418334902681,11.193969721337421],[79.54089054937565,11.193454132658642],[79.54010325508082,11.192983790617097],[79.5390048014396,11.192034209093805],[79.53897524686677,11.192008479783587],[79.53854253917419,11.191631768122825],[79.53771409844614,11.191012239874633],[79.5368856891591,11.190306826765525],[79.53614422511349,11.18972800360681],[79.53505947886521,11.18893662059139],[79.53397467422643,11.188339599681155],[79.53261521058782,11.187674681182925],[79.53109102467221,11.18677917233304],[79.52910005437205,11.185413393624005],[79.52908703239369,11.185402206137223],[79.52867900321857,11.185051632647887],[79.5282442204177,11.184689865932635],[79.52747986729864,11.184196898417227],[79.52672008660436,11.183726530769125],[79.52740253223415,11.182827251146406],[79.52865284158257,11.181372183576054],[79.52943146443992,11.180328286961123],[79.52998105283241,11.179659486597938],[79.5298393822239,11.17895880735796],[79.52980295823409,11.17839377019462],[79.53020133770639,11.178104613887777],[79.53076451940579,11.17782455292657],[79.53139167013654,11.177892567919987],[79.53183565977079,11.178091605407529],[79.53225684297658,11.178046545000386],[79.53270099520589,11.177770960858282],[79.53328701657135,11.177626507571434],[79.53385462966003,11.177771341568935],[79.53427572393264,11.17799296971736],[79.53446793914894,11.178160280412095],[79.53451364812551,11.178372743907433],[79.53437162358078,11.178693631903496],[79.53455006313219,11.178996543380888],[79.5351725722679,11.179263437916278],[79.53574013055935,11.17958455493775],[79.53605134290636,11.179851346704709],[79.53642217374387,11.179797222724885],[79.53664194837475,11.179697849111719],[79.53760306398206,11.180475628574445],[79.53783191159734,11.180629386610287],[79.53793758671242,11.179449649347502],[79.53764926523546,11.1791738268335],[79.53769522035043,11.178631417630529],[79.53793357932794,11.177682249977183],[79.53792456383573,11.177248309007096],[79.53790177357698,11.176940929390714],[79.53835520091157,11.176272082437606],[79.53845145359763,11.175905975035406],[79.53847905523308,11.175490125880994],[79.53834646838871,11.174956700638674],[79.53856205058219,11.173641390427298],[79.53846618686663,11.172796083202782],[79.53848949724994,11.171485232234877],[79.53844406944603,11.170395848901407],[79.53846722262415,11.169568659671635],[79.5383711828388,11.169279337695576],[79.53964370033766,11.169614228142974],[79.5397402979768,11.168145192591476],[79.53906752360939,11.167656802652806],[79.5389485767843,11.167421714351764],[79.53921438468362,11.16648611566773],[79.53931077121865,11.165686069379241],[79.53986472542344,11.16552803258535],[79.54013028898098,11.165351826570317],[79.54010292090754,11.165039926432394],[79.53986497156181,11.164750559401398],[79.53976893806471,11.164438634821956],[79.53976907910018,11.163995656413817],[79.53948072618222,11.163859960965029],[79.53952691396084,11.162567196641906],[79.54008076306273,11.162725575237236],[79.54075364522802,11.162838786100087],[79.54121145634119,11.162703319253959],[79.54217274711999,11.162771412704204],[79.54241075934779,11.162857368731505],[79.54258021574634,11.162590726144073],[79.54236520128815,11.162147682342649],[79.54212270197553,11.161767911592957],[79.5420542296896,11.161144104163217],[79.54192615508292,11.16082313065967],[79.54261728921813,11.161117150595366],[79.54453069718005,11.161284964562702],[79.54652647077204,11.161574834758275],[79.54854968070944,11.161977705226882],[79.54891481712635,11.162053483097218],[79.54892044956318,11.1620546517307],[79.54903030813253,11.162072763786167],[79.55033487662243,11.162312693111806],[79.55174015523883,11.162557164566875],[79.55305390540924,11.162711202664843],[79.55393280810009,11.162756635608103],[79.55504061410171,11.162725281757545],[79.55583252933032,11.162815889405799],[79.55653285323088,11.163046596873084],[79.55690826367969,11.16289300401958],[79.5573890087821,11.162545068438023],[79.55736170269239,11.161921273253697],[79.55742594660823,11.161311062348794],[79.55752237626243,11.160140353300516],[79.5575456156788,11.158766215759133],[79.55770165843354,11.15718418198414],[79.55781202185612,11.155213399670265],[79.55778934119179,11.154399758418412],[79.55805483108752,11.154431463943219],[79.55842557209347,11.154589763246863],[79.55926781813082,11.15468037343297],[79.55978506178319,11.154766382091303],[79.56065478728509,11.154802753413252],[79.56237595577622,11.154766998151118],[79.56555542684167,11.15498470866512],[79.56562139013299,11.154989226433523],[79.56580933475844,11.153827575073304],[79.56583227234088,11.153606088878822],[79.5659149218386,11.152489616234748],[79.566107479313,11.151151676796008],[79.56639849932907,11.149247407809531],[79.56641003998553,11.149171891888965],[79.56715160913403,11.14908165015746],[79.56761393158659,11.149081749751339],[79.56855695602242,11.14878361665653],[79.56885918341996,11.148254817108057],[79.56908355922175,11.14787968621563],[79.56959628973813,11.147613101273512],[79.57004029464375,11.147644834860914],[79.57065825111756,11.147635921605634],[79.5710152784424,11.147703798245635],[79.57149589598404,11.147767179023353],[79.57187578902611,11.14793450361084],[79.57216415901209,11.147979764354481],[79.57258069343628,11.14804313008885],[79.57269630571503,11.148043153004327],[79.57278210111288,11.14804316975024],[79.57251680704991,11.14707579175286],[79.57206384324601,11.146090295723791],[79.57097920928712,11.145068508431509],[79.5707870578512,11.144593847662389],[79.57111217162726,11.144028886410952],[79.5710710602283,11.143622059231765],[79.57020603920354,11.143129178864319],[79.56903890217234,11.142704035329054],[79.56843471507517,11.142590902116494],[79.5680502909308,11.142247283918561],[79.56764765344404,11.141483282110244],[79.56755618159193,11.141139726945205],[79.56718550526465,11.140741867363824],[79.56708947356418,11.140325987256011],[79.56644395857404,11.140823070417968],[79.56619225063143,11.140624124613769],[79.56542815443053,11.13923173021895],[79.56457707436068,11.137934238725798],[79.56366614493336,11.138141962417956],[79.56340522297086,11.138209706419959],[79.56287884435037,11.138168903132371],[79.56254478515072,11.137816248048823],[79.56232978506553,11.13726021188873],[79.56230253467142,11.13636972401185],[79.56206918559826,11.135985451763018],[79.56153827228219,11.135786437427866],[79.56088837171686,11.135496990153587],[79.56062758899324,11.135004224708297],[79.56052244657913,11.134457253725872],[79.56075600316312,11.13397364698887],[79.56115898739957,11.133200785563854],[79.56137434231923,11.132269672421035],[79.5613012185568,11.131808593638565],[79.56085267266747,11.131727123645199],[79.55939712342943,11.131735814390018],[79.55939733992344,11.130863413037375],[79.55915481635628,11.130596661782933],[79.55912302138512,11.130604140612187],[79.55880216831846,11.130679616399597],[79.5585938984114,11.130729153819832],[79.55857308714124,11.130734137353306],[79.55837530506513,11.13078221337463],[79.55831796919378,11.130796271977944],[79.55835744565897,11.13078655523551],[79.55831714274372,11.130795347371373],[79.55831710411618,11.130795356185557],[79.5581203119835,11.130845021391574],[79.55748413677742,11.13063693199284],[79.55746538444585,11.130607567564146],[79.55718673962114,11.130171276060477],[79.55724187641661,11.129353130332369],[79.55707723319136,11.128824224959603],[79.55644108762965,11.128521210937794],[79.55591930658677,11.12847135582933],[79.55552561542193,11.128688225753466],[79.5553561554301,11.129095002411564],[79.555291691427,11.130555015674206],[79.55529176059727,11.130556768814293],[79.55528738759847,11.130662126432295],[79.55528301459967,11.130767481367917],[79.55528257532349,11.130778059255558],[79.55528239566043,11.130782590621187],[79.5552819707573,11.130793910661481],[79.55527519027355,11.130978229025732],[79.55527450485896,11.130979701872782],[79.5552548066014,11.131567533847639],[79.55536455377967,11.131974381404117],[79.55532787107505,11.132222983107622],[79.55519970214526,11.132250071565787],[79.55496627491868,11.132209330023121],[79.55477868243284,11.131933548155843],[79.55436691177458,11.131268970303696],[79.55376289086577,11.130645023406236],[79.55307183039243,11.13030130560735],[79.55264160025341,11.130210788308986],[79.55222047364147,11.130310122437589],[79.55152931255682,11.130337057706882],[79.55098925169621,11.130178703778343],[79.55090232442112,11.130038554600741],[79.55101683177206,11.1297538119222],[79.55127776541264,11.129627315746292],[79.55157528204485,11.129622876030444],[79.55210619625922,11.129754105435122],[79.55258222610469,11.129736150022318],[79.55315445204236,11.129437967137578],[79.5532369506231,11.129031168922904],[79.55332400186573,11.128714776872146],[79.55331054600107,11.127693205345103],[79.55311851044783,11.126933757583359],[79.5525831908953,11.12618778139723],[79.55223091026842,11.1256136201652],[79.55162683366405,11.125247322026357],[79.55137054431349,11.12514780812152],[79.55074801002495,11.125328449191628],[79.55008408226647,11.126218749594415],[79.54977642814626,11.126472671234884],[79.54966457441868,11.126564690770062],[79.54961964787466,11.126601412901035],[79.54960045806357,11.126617171984158],[79.54958442223746,11.126630205685736],[79.54955242424701,11.12665635858579],[79.54943997942797,11.126747675563777],[79.54942376393876,11.126760807979595],[79.54932868355414,11.126837812279577],[79.54930579268407,11.126855886863986],[79.54900371979676,11.126797040011175],[79.54889399417806,11.126358549800576],[79.5489015139753,11.126324929393446],[79.54903148223062,11.125743837728836],[79.54882121716531,11.124753852599905],[79.54868863121928,11.124229470344357],[79.54838217635,11.123497109877508],[79.5483823003175,11.123063169985274],[79.54849222985376,11.122782946690373],[79.54887674113472,11.12264744796739],[79.54924743722492,11.122805758391845],[79.54958601135719,11.12325787307769],[79.55068428443703,11.124053730267024],[79.55107788577033,11.124153281565846],[79.55148068585217,11.124090107191],[79.55184234129733,11.12384611199355],[79.55197060994014,11.123443847146168],[79.55123398961054,11.122403999819252],[79.55048816514251,11.121563038110759],[79.54992997268621,11.120830610123331],[79.54984312895445,11.120405686124071],[79.54972426387604,11.119917469874613],[79.54997618202444,11.119266627604574],[79.55016394519016,11.118886981576862],[79.55030135868256,11.118511840167525],[79.55031061761818,11.118136665661664],[79.55028325942621,11.117770520313716],[79.5500316413151,11.11735459241952],[79.54965184169785,11.117038072220193],[79.54955584143836,11.116631225844746],[79.54978036186888,11.115740803602973],[79.55014672358787,11.115004109683602],[79.55014681880927,11.11466509280545],[79.54964347928086,11.11423101371685],[79.54935522517755,11.113900958708971],[79.54896169031956,11.113620597031547],[79.54880156292522,11.113394542440567],[79.54857274944594,11.113285992947386],[79.54847207974362,11.113204600634068],[79.54817907355245,11.113498332839969],[79.54768907041273,11.11445196220532],[79.5475560496821,11.115455413181992],[79.54724011219669,11.11589830507001],[79.54690590836827,11.116196545000287],[79.54677482440539,11.116179052400785],[79.54663665542986,11.116160960406502],[79.54657134521375,11.11615240758659],[79.54654795398206,11.116149393870003],[79.54653145911682,11.116147268666532],[79.54649845501326,11.116143112575871],[79.54636019800284,11.11612570459346],[79.54635465000764,11.11612500559451],[79.54632089491254,11.116121250568526],[79.54622396759169,11.116110465886857],[79.54605005105773,11.116087815850385],[79.54568843603674,11.1162097581045],[79.54484613430385,11.116688657362808],[79.54425565370128,11.116864772974974],[79.54360124089828,11.116557206116642],[79.54316660182785,11.115992051201752],[79.54287853637075,11.115065321242739],[79.5428376091264,11.114197427169614],[79.54305279426451,11.113966960396885],[79.54357458608717,11.113885749856033],[79.54384908878009,11.114261009163203],[79.5443982702358,11.11442389807206],[79.54490638790323,11.114157353018259],[79.54524062586759,11.113741589212593],[79.54548791409901,11.113285119410536],[79.54525462341637,11.112842070178187],[79.5441244116349,11.111901536020083],[79.54351579225015,11.111553299711648],[79.54322748155298,11.111444729259338],[79.54271939891984,11.111607306817222],[79.5420968933774,11.111769849025542],[79.54169409060066,11.1118872526109],[79.54141493732945,11.11176964364195],[79.54118630261493,11.111096062244973],[79.54114064663891,11.11073443092049],[79.54124599117397,11.110485851435842],[79.54133527832334,11.110278077175524],[79.54137157295577,11.110194467102277],[79.54139173115074,11.110147693156415],[79.54140305441487,11.110121947781966],[79.54142545031324,11.110070351248645],[79.54151667333203,11.109863073847405],[79.54153191774238,11.109828903257139],[79.54154009330979,11.109810311069502],[79.54160894378643,11.109656247617195],[79.54168005891589,11.109498983424183],[79.54169123036476,11.109474131814808],[79.54169533386899,11.109465202406167],[79.54170226077814,11.109449883136774],[79.5417966207139,11.10924397864415],[79.5418451270443,11.109139190655819],[79.54193757356849,11.10894014388336],[79.54150282041203,11.108790846153758],[79.54083921604703,11.108668599330718],[79.54002915125643,11.108559867374803],[79.53946139892886,11.109273885573554],[79.53881134115834,11.109730227666926],[79.53838106969681,11.109879261353253],[79.53804706709104,11.109544660911158],[79.53794654471241,11.10902028391766],[79.53824883858529,11.108324265023928],[79.53868382171049,11.107745811915533],[79.53913250594042,11.107253247248407],[79.53895869540764,11.106914177288884],[79.53832273759386,11.106231425988117],[79.53729317485345,11.105562109694574],[79.53720497556392,11.10548412043664],[79.53694543880361,11.105254625240088],[79.53674435811376,11.104341476779636],[79.53642430005613,11.103374048867611],[79.53606290332577,11.10286314776195],[79.53605861297198,11.101990784311988],[79.53605861297198,11.101990743762805],[79.53605594677218,11.101815667281896],[79.53605582100806,11.101807390833981],[79.53605571410854,11.101764160956701],[79.53605573836306,11.101717642177862],[79.5360556530231,11.101624608123931],[79.53605581471984,11.101573457011773],[79.53605583358448,11.101538150071912],[79.53605604918016,11.101499620343038],[79.53605623243647,11.101441825299508],[79.53605683969761,11.10135822503611],[79.5360579374389,11.10125921337288],[79.53608261595635,11.098568943948715],[79.53738693830786,11.098664282372768],[79.53787668991927,11.09851526940633],[79.53832982080988,11.098393363834315],[79.53861832105157,11.097860068781628],[79.53858654404671,11.097041899410344],[79.53871969593138,11.095694913042436],[79.53920945023778,11.095523296294232],[79.53995083882491,11.095604888354245],[79.54096230320725,11.095510270899625],[79.54152986778689,11.095307032884367],[79.54163038657225,11.095844969407471],[79.54135557485885,11.096541001301619],[79.54134565476318,11.096690496585243],[79.54133204079503,11.096857169966933],[79.54133203540515,11.096857254592841],[79.54132747735342,11.096917501167832],[79.54130928557059,11.09714279719058],[79.5412974610465,11.09728056973471],[79.54129681066622,11.097288141096197],[79.54129525029258,11.097307634111548],[79.54129395132867,11.097321450147913],[79.54128995472398,11.097367999598623],[79.54126948481358,11.097593104866128],[79.54124787404282,11.097818105941167],[79.5412393346577,11.097902524383771],[79.5412374589754,11.09792248368032],[79.541235189831,11.097943494624603],[79.54122512510655,11.098042998416433],[79.54120123800483,11.09826777259546],[79.54117621363595,11.098492429360073],[79.54117231494763,11.098525883724362],[79.54117116869732,11.098536497160527],[79.54116913760649,11.098553156023268],[79.5411677811504,11.098564798185913],[79.54115005110162,11.098716959013833],[79.54112275219848,11.098941355386485],[79.54112171284768,11.098949559631523],[79.5410977448976,11.099149748604436],[79.54108012713823,11.09927565328245],[79.54109266941623,11.099822816322124],[79.54109593119902,11.100037462343739],[79.5410961126587,11.100047070803514],[79.54109648725618,11.100074091730004],[79.5410964881545,11.10007413756854],[79.5410974044361,11.10014017059175],[79.54109808086751,11.100178942033619],[79.54109837641323,11.10021031496066],[79.54109924688075,11.100273060804655],[79.54110123664908,11.100499063853526],[79.54110132558229,11.100522847838578],[79.54110145763467,11.100536832090983],[79.5411015052454,11.100571107787015],[79.54110208196379,11.100725072898072],[79.5411019085889,11.10085565329483],[79.54110196518279,11.100894737576885],[79.54110183941863,11.100909451699643],[79.54110183133383,11.100915026352716],[79.54110117466536,11.101014485056787],[79.54109889743611,11.10125159803899],[79.54109305209853,11.10187026415294],[79.54119327533816,11.103371007692532],[79.5413533560201,11.10371007295289],[79.54142185525546,11.104202797861323],[79.54165512976843,11.104659409688352],[79.54227746822423,11.104994093303045],[79.54300054016274,11.105184158574529],[79.54420429432156,11.104981101827681],[79.545609387885,11.104904665609384],[79.54623183324031,11.104891283627552],[79.54707401459898,11.104701673898786],[79.54726181010406,11.104190942601093],[79.54761005999025,11.102744569030234],[79.54821904768428,11.101763852429997],[79.54848685164015,11.1013712334213],[79.5485303947786,11.101307395627071],[79.54827427431131,11.100692574340453],[79.5478259700688,11.099951131640811],[79.54731813357407,11.099336238740861],[79.54656314269688,11.098780038390904],[79.54626574284565,11.09849517968606],[79.54627500896781,11.098106458753946],[79.54628042580897,11.097949629978716],[79.54628187928311,11.097903705615902],[79.54628260063028,11.097878769275383],[79.54628355643776,11.097850709719118],[79.54628533240705,11.097794586190924],[79.54628962725243,11.097672255426863],[79.54629030637878,11.097652886729778],[79.5462905309576,11.09764651688581],[79.54629077529935,11.09763955995118],[79.54629090555507,11.097636747029396],[79.54629675807917,11.097484553904078],[79.54631652460867,11.096994479848165],[79.54622060699423,11.09633901928963],[79.54592788556899,11.095710624429833],[79.54504929100028,11.095312592658448],[79.54455516100018,11.094824264787743],[79.54438604775802,11.09408289887169],[79.54417117433535,11.093327958152413],[79.54350778826098,11.092595488392725],[79.54327914007169,11.091998750197327],[79.54378727840034,11.09154235659266],[79.54349458841615,11.09084163623363],[79.54304636412367,11.089923896610626],[79.54252480406636,11.089381316683802],[79.54153637158959,11.089055564607818],[79.54169231642794,11.087952676149518],[79.54227813836742,11.087853406057988],[79.54195170855948,11.08673873290968],[79.54193526040663,11.086682564933081],[79.54155577879298,11.085489111669082],[79.5413475025977,11.085289923600023],[79.54133601584019,11.085279542413215],[79.54137248205083,11.085314632692036],[79.54133376017052,11.085277503377405],[79.54129508410423,11.085240328217205],[79.54125645115712,11.085203108974529],[79.54121721993207,11.085168073338718],[79.54108454235785,11.085036947301546],[79.54105717877597,11.084729562900032],[79.54123576565111,11.084390599913746],[79.54126561397302,11.084381539267847],[79.54135476457847,11.084354474575665],[79.54170259225648,11.084300336368177],[79.54210983001582,11.084517428650857],[79.54244826311256,11.085254327305828],[79.54290584066379,11.085480474203147],[79.54349136166768,11.08636661181948],[79.54383898632643,11.08699502500641],[79.54456674836904,11.08666074127124],[79.54509766258339,11.086520767777557],[79.54548343060743,11.086419544564023],[79.54549691342154,11.086415919625601],[79.54551067471337,11.086412217992185],[79.54553815417792,11.086404648112037],[79.54575856661265,11.086343931266107],[79.5458634997193,11.08631502519449],[79.54589652089084,11.08630579270569],[79.5459214787844,11.086298812580772],[79.54597876614669,11.086282477430458],[79.54619861264278,11.086219790290954],[79.54626716667538,11.086200242761405],[79.54629511236554,11.086192129839837],[79.54631332211467,11.086186843173333],[79.54632708340651,11.086182847980242],[79.5464181303555,11.08615600031653],[79.54663739204837,11.086091347288631],[79.54664507174571,11.086089081699585],[79.54668954194558,11.086074612783598],[79.54698333056933,11.085987920045307],[79.54827853681734,11.085771312826871],[79.54977063491103,11.085175055253742],[79.55068153289731,11.084524389424047],[79.55200431742453,11.083833150161443],[79.55273670040096,11.0832728351561],[79.55287405190957,11.083060420395435],[79.55269599773544,11.081478293935366],[79.55269283386899,11.081468079229246],[79.5526914172258,11.08145569410699],[79.55268999968429,11.08144330986576],[79.55268858124444,11.081430925624034],[79.5525407607695,11.080144784707082],[79.55235797786368,11.07914124592504],[79.55254595033689,11.077960691977529],[79.5525688492918,11.077816874170951],[79.55243957273925,11.077790236436341],[79.55212954437178,11.0777263538212],[79.5511457552867,11.077269547403587],[79.5502901647758,11.076600321703744],[79.54966329791266,11.07627469380196],[79.54903646069391,11.075849621227285],[79.54790173038657,11.075162230746903],[79.54783285116386,11.075122517980768],[79.54729775708847,11.074814002667035],[79.54718209360573,11.074746112592411],[79.54712173041189,11.074710869413154],[79.54710236812426,11.074699615961935],[79.54708986716878,11.074692266175381],[79.5470648194437,11.074677642418084],[79.54694775099587,11.0746088284089],[79.54694155621368,11.074605073730908],[79.54683105355227,11.074538138366485],[79.54590680121096,11.073990926245573],[79.54549040692393,11.07382807915133],[79.5449455589412,11.07473648743261],[79.54449699059397,11.075034693567687],[79.54380596964648,11.075034491684612],[79.5433392616187,11.074781221766335],[79.54287259671007,11.074392344122364],[79.54247002659694,11.073917600103359],[79.54214992272523,11.073144546174824],[79.54189374296914,11.072846133584942],[79.5408641595675,11.072592690744386],[79.54026931944088,11.072352937950967],[79.54023605572424,11.072327484580955],[79.53913467806676,11.071484705429702],[79.53740056485243,11.07059368012311],[79.53683773080104,11.070457896237663],[79.53667757286398,11.070426203624406],[79.53656339878799,11.069711972396568],[79.53653156339266,11.069101729848313],[79.53698486855637,11.068301792745364],[79.53720920393397,11.067985447748878],[79.53717729757169,11.067587656840061],[79.53692111422235,11.067334443074882],[79.53693372387396,11.067025514015183],[79.53694233242936,11.066799662303085],[79.53694263156835,11.066791791286542],[79.53694287680842,11.066784448354376],[79.5369452088349,11.066714228084747],[79.53694980192095,11.06657377162601],[79.53695031755392,11.066557984618406],[79.53695073077895,11.066543334888204],[79.53695293165137,11.066465142150161],[79.53695613324706,11.066347846391865],[79.53695678272899,11.0663240913657],[79.5369572875822,11.066302184195852],[79.53695907163637,11.06622491620444],[79.5369613264077,11.066121893653543],[79.5369626604059,11.06606100685666],[79.536967367578,11.065815659288365],[79.53635905811201,11.064830057243281],[79.5358284484265,11.06414281281238],[79.53520170373423,11.063577582997437],[79.53502789859138,11.06331083288797],[79.53489987608698,11.062980814720456],[79.53473980438818,11.062700508238988],[79.53382009392895,11.062433516647904],[79.53261665687542,11.062193550120753],[79.53226438613001,11.0619267405642],[79.53207233710206,11.06149273392403],[79.53195808127937,11.061063273194334],[79.53229693388941,11.060407951670182],[79.53268149637431,11.059901813029827],[79.5328097820851,11.059440791938917],[79.53258575123637,11.058857607392966],[79.53197737888831,11.058143210429616],[79.53109918676488,11.056949574710794],[79.53039014381618,11.05624870013181],[79.52989147193396,11.055918554991617],[79.529838100328,11.055898527588642],[79.52946019974922,11.055756730256753],[79.52924602970738,11.055677206003832],[79.52916302357852,11.055646383737722],[79.52886507216171,11.055538076420104],[79.528566368855,11.05543181095105],[79.52826719842436,11.055325849610949],[79.52730670534953,11.054996240354017],[79.52717262640348,11.05495058079775],[79.5271655045599,11.054948111307567],[79.52715345455867,11.054944053091402],[79.52709104140938,11.054922276436214],[79.52706077177757,11.05491160499294],[79.52700018759816,11.054890392588863],[79.5269053093345,11.054856800989379],[79.52687556701375,11.05484627060714],[79.52686279656368,11.054841750406924],[79.52684711467376,11.054836196917261],[79.52669324584198,11.054782876710524],[79.52600693565988,11.054534023089213],[79.52529766184416,11.054520212086151],[79.5251374643812,11.054624121243394],[79.52506389505437,11.054671840377312],[79.52497726781662,11.05472802860057],[79.52496466175822,11.05472819082354],[79.52463406556397,11.054732428016946],[79.52434588781747,11.05443399138557],[79.52426367130772,11.054018098588058],[79.52408538896151,11.053525329722449],[79.52359128680912,11.053244897822397],[79.52328472504033,11.0531679437835],[79.52322365936394,11.05326373517776],[79.52302832160372,11.053570151933068],[79.52283605877675,11.053764453434617],[79.52246534831349,11.053913487423442],[79.52209472768176,11.053822945581322],[79.52172415106749,11.053614880681943],[79.52156405780914,11.05343853301166],[79.52146820307675,11.052796624656803],[79.52151870726034,11.052349139886253],[79.52118025440065,11.05190603273206],[79.52095657030162,11.051784569734597],[79.52029727695168,11.051426562751827],[79.51965221471247,11.051042102958752],[79.51912613163766,11.050653167361677],[79.51883346141645,11.050160351405411],[79.51848148172516,11.049210970119029],[79.51824383870496,11.04841983859517],[79.51840427601807,11.047692141819365],[79.51864245802746,11.047081998909173],[79.51519775308614,11.04473468540347],[79.51415463297148,11.044304856282183],[79.51385851232124,11.044048131845251],[79.51385787272073,11.044046455774115],[79.51375768990529,11.043958964141453],[79.51370434165554,11.043912094967213],[79.51368781534924,11.043897632784994],[79.5136774209431,11.04388844392506],[79.51365657463862,11.043870129685256],[79.51355572617157,11.043780999839587],[79.51354880734725,11.043774751377113],[79.51352984840318,11.043757629160975],[79.51351762502712,11.043746589651242],[79.51345477799151,11.043689830641618],[79.51272290974974,11.043038628314687],[79.51179424398542,11.042486791156039],[79.51125206489739,11.042235644426377],[79.51092500716709,11.042084143724974],[79.51164389115971,11.040900128898782],[79.51227108141634,11.04014097769384],[79.51267404858481,11.039399818991727],[79.51264220510461,11.038938742761804],[79.51214369132593,11.038341874105754],[79.51193351609216,11.037582390059658],[79.51196592191772,11.036660274373322],[79.51249698794736,11.035959847739207],[79.51309200863538,11.035517099387178],[79.51299605778324,11.035173524598015],[79.51274004241887,11.034621953925729],[79.51275393576304,11.034210617940662],[79.5130790971498,11.033496548052923],[79.51328526499908,11.032841194067002],[79.5134320021058,11.032054730322699],[79.51367028203153,11.031191458093296],[79.5137530806496,11.030102112917334],[79.51359335120893,11.029062395050648],[79.51351584187127,11.02837528817216],[79.5134335597845,11.028180886105899],[79.51182750590546,11.028239014787502],[79.51166749978368,11.02789541297351],[79.51175477740175,11.02755470018116],[79.5117774904054,11.027466033583266],[79.5204584311204,11.025966968865113],[79.52785675817103,11.026531608928872],[79.52895448417686,11.02666565056243],[79.53005546927056,11.026804528426307],[79.53012118822012,11.026812817573848],[79.53187596088938,11.01993924236393],[79.53244795596001,11.016447886248761],[79.53247141995523,11.01630466522696],[79.53246826597028,11.016275182634987],[79.53246104621034,11.016215015600286],[79.53245390819708,11.016154838853916],[79.5324468510322,11.016094652395836],[79.5324421779961,11.016054319693705],[79.53244175758456,11.01605069300394],[79.53243987741068,11.016034456226047],[79.53235794207359,11.015323100363249],[79.5322942128924,11.014355746322318],[79.53219824676891,11.014012175907919],[79.52964536408882,11.01351861689552],[79.52937083085317,11.013550164869299],[79.52928363408347,11.014314057222986],[79.52912328300866,11.014924236417492],[79.52870675127937,11.015416800206241],[79.52856947073768,11.015470996977475],[79.52754902410078,11.015854867562389],[79.52676195258819,11.016143890010754],[79.52589255227645,11.016351517641242],[79.52515590230243,11.01638290042196],[79.52461148281607,11.016233538777355],[79.52461165708921,11.015754393269715],[79.52534880472992,11.014344338011238],[79.52443382929053,11.014072798385492],[79.52361480560161,11.01416291159301],[79.52345526929871,11.012526524951024],[79.5239541936075,11.011948112021344],[79.52408257094645,11.011215878147391],[79.52414692355845,11.010397735971098],[79.52405103199514,11.009877874423792],[79.52320008038436,11.009398185093882],[79.52307212076204,11.009326052625084],[79.52312720276034,11.008842405830498],[79.52344756983838,11.00857582558059],[79.52397837894989,11.008368084888737],[79.52449093519314,11.008024728816281],[79.52473348840469,11.007848524857122],[79.52511751100211,11.00868038586811],[79.52543762295866,11.00911444231498],[79.52569837334295,11.009232060737087],[79.52601870179346,11.00906944490339],[79.52653126612157,11.0086989633081],[79.52674176744374,11.008590551390348],[79.52746444142858,11.009219115279528],[79.52848903828206,11.00997886920915],[79.52942227557288,11.010336287390947],[79.52993467011936,11.010453985567015],[79.53035557844069,11.010512891071263],[79.53086790022361,11.01084304137739],[79.53112409794602,11.01090188860646],[79.53134829857632,11.010870322713334],[79.53175099804682,11.010662524560829],[79.53221321000659,11.010350780322844],[79.53264331797475,11.01026503781371],[79.53306420204154,11.010396263399166],[79.5334165401606,11.010278850896778],[79.5336408189443,11.010012228739868],[79.53372325823628,11.009759122288628],[79.5337645735528,11.009347792978987],[79.53376677532357,11.009322011414545],[79.53376439658469,11.009345953580222],[79.53377164778568,11.00927234234862],[79.53377375702998,11.009248350797096],[79.53380130207151,11.008968104146899],[79.53389742719682,11.008832528083296],[79.53497719857506,11.008819315427491],[79.53508699605896,11.008850991763497],[79.5351054887774,11.008267885803697],[79.53717351656267,11.008254979984144],[79.53850946859531,11.008345800400704],[79.53931009658388,11.00849521542685],[79.54005131538942,11.008418597094073],[79.5406187038993,11.008242478903787],[79.54103506944021,11.008197402880006],[79.5415977453881,11.00846426564374],[79.54216051835404,11.008419231097841],[79.54236466229897,11.006627011595524],[79.5423683840192,11.006591567127538],[79.54237154519068,11.006561470718166],[79.5421750270442,11.00584721291542],[79.54193721963227,11.00550360259324],[79.54148432679528,11.005322658360967],[79.54135623871385,11.005263855870508],[79.54126025462405,11.004951929559406],[79.54116437204388,11.004310026427708],[79.54115077424542,11.00389415882566],[79.54122859799344,11.003745013941925],[79.54142078356533,11.003659186620807],[79.54175930379867,11.003808455881671],[79.54201545121543,11.00401646432856],[79.54251417340328,11.003939767232591],[79.54288484973056,11.00365962134808],[79.54307704877716,11.003524070177189],[79.54338357371505,11.003569362957018],[79.5437678325694,11.003763845651385],[79.54439459163471,11.00391319598474],[79.54492531540626,11.003913349417765],[79.54513955012678,11.003880340152412],[79.54521814283268,11.00386823128704],[79.54542407622168,11.003701041243124],[79.54559805563771,11.003285226571458],[79.54568047067511,11.003077319015544],[79.54654518537433,11.00306400469448],[79.54690209142663,11.002928497339674],[79.54691590931233,11.002603042581715],[79.54688467309325,11.001453509715805],[79.54726598816845,11.000767912414736],[79.54728598915823,11.000731951383983],[79.54721999891748,11.000683876061759],[79.5468514794452,11.00041540223964],[79.54585432432701,11.00009872489282],[79.544491181189,10.999980874435636],[79.54250137869869,10.99972272157735],[79.54073569958356,10.999577631799449],[79.5396789071103,11.000124379401877],[79.53803231405912,10.999260507355254],[79.53480294696953,10.998658414582366],[79.53194409001885,10.99816488716383],[79.53187482541884,10.998155286830789],[79.52946030215715,10.997820622394332],[79.52815654215102,10.998109578765261],[79.52663331473782,10.997991601413068],[79.52296948374928,10.997154177694215],[79.5229479340639,10.996904936678723],[79.52294212196401,10.996837718180979],[79.523217502311,10.993334235568247],[79.52352868142034,10.992841569607004],[79.52455357831116,10.991833754593952],[79.52436618255636,10.99125956561302],[79.5245219369519,10.99036902810857],[79.52539583512828,10.989505827667353],[79.52461823455373,10.98944682801698],[79.5246183154021,10.989130376989223],[79.52461164630944,10.989121492418807],[79.52418391618184,10.988551593625976],[79.52179190200621,10.987456853421287],[79.52002146541338,10.988292640629377],[79.51877720172682,10.98858157458849],[79.51784404797932,10.988640047950636],[79.5175652261865,10.987916643426244],[79.51648110157238,10.988060956743015],[79.51206696262425,10.988204157099657],[79.51200827568674,10.985613759343458],[79.51057631980133,10.98641796121348],[79.51048520458036,10.985210894782236],[79.50955194573001,10.98564004122849],[79.50961655166694,10.983800126371927],[79.50859189372801,10.983971557973415],[79.50856018140183,10.982990547714843],[79.50905875896096,10.982990722323429],[79.51147840441638,10.983194987843223],[79.5130977282088,10.982906208227982],[79.51343631401916,10.982562745785145],[79.5138115924156,10.981880239607527],[79.5133773252477,10.980957866602639],[79.51452542877469,10.980931123083975],[79.51443409795806,10.980411208705073],[79.51365656565547,10.980207518002306],[79.51365667524992,10.979836817600477],[79.51499243594145,10.979376144603059],[79.51524067638707,10.978761292864485],[79.5152716538913,10.978684565391523],[79.51527274444607,10.974914273370755],[79.5154568218242,10.972170535307209],[79.51546108702516,10.972106958690603],[79.51548884137418,10.971026512166123],[79.51590542071413,10.969801528749041],[79.5170853084325,10.970448375028472],[79.51797254299758,10.970823880325478],[79.51912515876224,10.970873973884121],[79.52044272767091,10.969852699281782],[79.52090014622031,10.969753384891893],[79.52165024038088,10.969853070562014],[79.52253769862648,10.969405790437802],[79.52344793185945,10.969306608183118],[79.52524531072434,10.969953608996246],[79.52573012070341,10.970053208172658],[79.52650780482126,10.969583277592143],[79.52718018842153,10.969506620051792],[79.52914241263261,10.969434847346857],[79.52949004088462,10.96938521742482],[79.53018990844102,10.969136772252364],[79.53028113684972,10.968908045354034],[79.5303089010802,10.968838436695707],[79.53042789282104,10.96854010171987],[79.53013543100894,10.96741887684385],[79.52933077766963,10.965976537436793],[79.52816465303972,10.965126306583342],[79.52827004698212,10.964330687779354],[79.52690263415157,10.963683828997775],[79.52647283789884,10.963114091909471],[79.52639062857561,10.962639390566117],[79.52652812381469,10.961518286189557],[79.52684848729952,10.960722729998466],[79.52738363707047,10.96065055212043],[79.5272786868958,10.959655959434778],[79.52845874080249,10.959556840055118],[79.52886103243786,10.96037520783089],[79.53047102722606,10.960253597729581],[79.53098308400598,10.96112172189272],[79.53267541028828,10.96100012356333],[79.53267249705179,10.961027522393456],[79.53248747823923,10.962767682008991],[79.53313213982987,10.963834750904711],[79.53315480432447,10.9647298644188],[79.5325143693073,10.965154639860915],[79.5320568932657,10.965552341710563],[79.53205670192455,10.966375115682634],[79.53208380499497,10.967839842113488],[79.53216146255465,10.968264813280438],[79.53245871238721,10.96849093023815],[79.53329114971999,10.968540883087414],[79.53573373455453,10.967967394908413],[79.53694109544921,10.968641296737532],[79.53758143614328,10.96865954333863],[79.53889887389794,10.967913953139922],[79.54217405955862,10.966472639164573],[79.54496428971318,10.965551062053953],[79.54617150957235,10.967043182020694],[79.54810612675811,10.967766929580042],[79.5495651821207,10.967839580187176],[79.55021013476545,10.967640805388578],[79.55069045496471,10.967265684969846],[79.55125302491139,10.967365260358418],[79.55208535893787,10.968039023336988],[79.55308223557836,10.969458740717203],[79.55335392205289,10.969416598147884],[79.5534024176035,10.969409076405011],[79.55533709138314,10.969979075634987],[79.55624721142841,10.970575991076412],[79.55635689123302,10.971199873716207],[79.55729451499734,10.971421569247457],[79.55729447097988,10.971719938354603],[79.55737669826942,10.972420669400574],[79.55734917029584,10.972990275672155],[79.55678633534615,10.974581469816947],[79.55749471443987,10.97465161860095],[79.55756390178475,10.97465846997666],[79.55936141180366,10.975133480963374],[79.56182222076036,10.975133921024016],[79.56391253305286,10.975156884426863],[79.56380716516162,10.976476922131694],[79.56803377270934,10.976918034269044],[79.56810211473956,10.97692516691184],[79.56885712987123,10.974163110427334],[79.5692825549218,10.97373822534739],[79.56947472073072,10.973191245427046],[79.5699276818397,10.971871255657678],[79.56923247743798,10.971550179653569],[79.56958015419899,10.971003222140283],[79.57362801407322,10.971745201123351],[79.57357317641672,10.971220787896884],[79.57448335844572,10.971569007244362],[79.5747533066802,10.97059708256286],[79.5756131013066,10.971795192226036],[79.57620312107342,10.972016784129078],[79.57687551455516,10.971718500865448],[79.57716823598037,10.971867721905415],[79.57693031088917,10.972839651227167],[79.5775477786795,10.973061244110813],[79.5777078162423,10.973707731381927],[79.5759604942,10.97445795362774],[79.5761754188267,10.975077323402493],[79.57437781987456,10.975303124724658],[79.5745601096053,10.97840147298819],[79.57456506830565,10.978485751148538],[79.57709408544356,10.979767257374071],[79.57711728084251,10.979779010952884],[79.57746468541401,10.982590953930028],[79.5782422698189,10.98276735729105],[79.57842988655926,10.981723088601116],[79.58003993614466,10.982193436393958],[79.58025486975448,10.982889653917796],[79.5854922113543,10.983242825267823],[79.58560203488936,10.982392936875964],[79.58746367743304,10.982795457829218],[79.58864378703525,10.983071327103557],[79.59014867264698,10.983044330682084],[79.59073873912618,10.982895193773857],[79.59068392572419,10.980734276037852],[79.59116891895955,10.976579754729686],[79.59162631774603,10.97667924672891],[79.59184124955922,10.978121378692238],[79.59277435120441,10.978270634419017],[79.59363429944274,10.977149551405834],[79.59425177531791,10.97789551602916],[79.59543647531122,10.97667951658432],[79.59626892791535,10.977746462944564],[79.59689692665575,10.974137986321674],[79.59690934676286,10.974066618646281],[79.59871150466503,10.972724060757066],[79.60034898340935,10.972448377598788],[79.60401728710971,10.971770422440898],[79.60401875765183,10.971777980281349],[79.6049321331917,10.976472025928363],[79.60557705170046,10.975228842701666],[79.6063271979633,10.975875331403191],[79.6068394757288,10.975305731575249],[79.60605731530588,10.974903363563024],[79.60710475002884,10.974383508243141],[79.6083397511865,10.975504682004852],[79.60836721268474,10.976223480888118],[79.60820714727417,10.977294892964801],[79.60474460987614,10.977416854098536],[79.6043695452787,10.97794124839088],[79.6053895580293,10.978167319141686],[79.60523298437025,10.980013287865305],[79.60520205268006,10.980377954295566],[79.60498250711956,10.981227845841783],[79.60459371356966,10.981589493027604],[79.60453315993298,10.981645817786632],[79.60420491912143,10.981951138006732],[79.60423693956973,10.982181697021092],[79.60529355956649,10.982235981916183],[79.60861434640593,10.981747831095786],[79.6091129347448,10.982208956316848],[79.6100140222299,10.981833751215655],[79.61060408960743,10.982123088336142],[79.6110066345677,10.982841891394255],[79.61243833892482,10.983045340413389],[79.61575913744235,10.982814792655814],[79.61799588860089,10.983013692170283],[79.6200770614337,10.982236098322195],[79.62529669544261,10.982521817646653],[79.62536017489217,10.982525293068509],[79.62620609593733,10.979080459713218],[79.62762869317409,10.979826325981389],[79.62805868256461,10.980129197365814],[79.62875852406987,10.980228623792943],[79.63061101996732,10.980178806081963],[79.63122854165655,10.980404811625442],[79.63273346769249,10.98092461313655],[79.63275866723282,10.981390120755233],[79.63276207094944,10.981453008400175],[79.63278388114622,10.981855881617072],[79.63243657359274,10.98493904612395],[79.63168640666868,10.984866755991762],[79.63114675543981,10.985838743949815],[79.6306391075913,10.986706752384617],[79.63106918411842,10.987728416687435],[79.63273419532787,10.98780065673525],[79.63265204170017,10.989518542066202],[79.63342958568086,10.988844905687284],[79.63536454063319,10.989418916826342],[79.6353648236025,10.99188271760329],[79.6342624263572,10.991855666432318],[79.63439513357581,10.99235293809336],[79.63480227162214,10.992601551563697],[79.63496239362657,10.992800454182007],[79.63474746540666,10.993347478018622],[79.63254257659291,10.992529359428522],[79.632222284075,10.991607146689736],[79.6318471799517,10.99145798324446],[79.63152245873941,10.991955282030977],[79.63147219081276,10.992429961836581],[79.63216753535167,10.992976932568583],[79.63447766090262,10.994048208879803],[79.63439536534112,10.994418914358345],[79.63558019559018,10.995191882675265],[79.63563518955357,10.99608698492197],[79.63544319532282,10.997181014978963],[79.63407576901757,10.999893544294123],[79.63394903110401,11.000208557003962],[79.63391570989518,11.00029137924029],[79.63410326195684,11.000313971207314],[79.63504098812908,11.000114998703427],[79.63630346964962,10.999717088565207],[79.63872327231022,10.999395937915146],[79.63971591878402,10.999468190977879],[79.64049362805473,10.999965406592688],[79.6408962323038,11.000412927000463],[79.64126958201737,11.001475800015983],[79.64073017333365,11.003003682408929],[79.64007136237902,11.003681738648638],[79.63998902729165,11.00441402211539],[79.6403276247801,11.005589280353888],[79.64038257023446,11.007153285961895],[79.6409911042793,11.007989516426436],[79.64204344110875,11.008753408215625],[79.6428075337164,11.009322933759321],[79.64337031386883,11.009824661572644],[79.64337722011675,11.009829044025645],[79.64393309042804,11.010181741337977],[79.64534227671591,11.01002799586076],[79.64650896638612,11.009770290051037],[79.64667369135807,11.010046016812163],[79.64671035609642,11.011334287565726],[79.64686135840408,11.011677819661694],[79.64758427044245,11.011849553374605],[79.64834377715057,11.011899237877747],[79.64872125013125,11.012132802369722],[79.64876014718307,11.012156870400585],[79.64917651721558,11.012414501816206],[79.65008703790944,11.012893597208608],[79.65149627629962,11.013377178270506],[79.65296039726208,11.01348104819048],[79.65425520465809,11.013223303077929],[79.65507418343128,11.013101196269712],[79.65578337011043,11.013187027893613],[79.6568220318863,11.013874022991978],[79.65809860617699,11.01443894991336],[79.6594163170195,11.014474996565674],[79.66054642639301,11.01438900924445],[79.66165827571174,11.014746003233393],[79.66262373377515,11.015261217219216],[79.66338327282261,11.01550523500489],[79.66456853965289,11.015517885676783],[79.66464150621013,11.015518664274609],[79.66560230830542,11.015256386028662],[79.66673241408566,11.01513873297898],[79.66716250678246,11.015188407227592],[79.6673730323592,11.015685610415145],[79.6678580345777,11.015780480242798],[79.66837861996297,11.015764219642408],[79.66843910802262,11.015762330904959],[79.66899163660106,11.016172476745407],[79.66929456468453,11.016395721236151],[79.66929608373569,11.016396485723472],[79.66929673501424,11.016396813738783],[79.67100838585495,11.017258215979242],[79.67392509610656,11.016426104976349],[79.675572288334,11.016746812931327],[79.67736149791969,11.016605867880143],[79.67920628357705,11.016610666423384],[79.68270572197031,11.01702634059692],[79.68277860408594,11.0170349977138],[79.68575834912102,11.017080820116616],[79.68764027382717,11.01687660276725],[79.68914939858873,11.016767239795875],[79.6892229194065,11.016762872436043],[79.68930308865575,11.016758108283938],[79.69365899970549,11.015788224771173],[79.6949057517254,11.015974993670685],[79.69562658955377,11.016077719909683],[79.69575144010689,11.016095244058496],[79.69584500503365,11.016108376147338],[79.69585950833388,11.016110411255124],[79.7003067142677,11.015422879090966],[79.70229194792643,11.014286946387305],[79.7057879664334,11.009770881726393],[79.71103352761807,11.006410925136176],[79.71116619890407,11.006370208410043],[79.71190283899661,11.006460421853506],[79.71295984077736,11.00690312664149],[79.71357311343527,11.00759004204869],[79.7139988457097,11.008435214341496],[79.71476299311456,11.00870622304118],[79.71603759470489,11.008773713066718],[79.71612187194988,11.008778174895971],[79.71759919006219,11.00704198825959],[79.71769288793956,11.005821678828461],[79.71791647322391,11.004623566224875],[79.720275548873,11.001446425283488],[79.7198778332557,11.001137359923318],[79.71999650878954,11.0004908551382],[79.72046751974752,11.000115472235604],[79.72073291801507,11.000323333381399],[79.72081083339125,11.000698526430426],[79.72097105421035,11.000987797431112],[79.72120436735091,11.001037444084902],[79.72166639425774,11.00106892725988],[79.72184478260515,11.001037219223962],[79.72192247879241,11.000869925284197],[79.72181253218817,11.000472141382028],[79.72157914987734,11.000255227680459],[79.72134570917603,10.999889129066307],[79.72111209330325,10.999089042311429],[79.72183484005161,10.999084269055315],[79.72248903097072,10.999224181070009],[79.72287327455372,10.99921500315991],[79.72305615807085,10.998993422856936],[79.72304224406541,10.998527793103236],[79.72320217922031,10.998120870423518],[79.72378316822356,10.998233682045996],[79.72411252114942,10.998233563000824],[79.72459745240103,10.998355449344885],[79.72542087064835,10.998436524343804],[79.7277035652438,10.998652682786673],[79.7293457116343,10.998543572302335],[79.72958935629892,10.998554261664294],[79.72965219974127,10.998557019099863],[79.72995868784821,10.998570465014978],[79.73072232141674,10.997919190143234],[79.7306350527818,10.997105491569528],[79.73004903321296,10.995939367814179],[79.73086745592894,10.995071077023242],[79.73165206426107,10.99483732969642],[79.73176390181898,10.994804010775544],[79.7323449537043,10.99506599065404],[79.73311818756828,10.995468035770829],[79.7334796274178,10.995621600134298],[79.73390509918076,10.995757055293147],[79.73421621271311,10.995892556244593],[79.73445408929527,10.995919586763382],[79.73499837762763,10.99579731317376],[79.73546031110965,10.995638905043977],[79.73671833788467,10.9958373170838],[79.7378939819616,10.995936299952477],[79.73932123516651,10.996080383599345],[79.7400439962879,10.996120774590993],[79.74088117492872,10.996287695569743],[79.74116468143579,10.996070583906569],[79.74169977371454,10.995853366264756],[79.74217083767313,10.995663298933277],[79.74252305182465,10.995649590102126],[79.74307661436397,10.995794022209292],[79.74410142232158,10.995893202620847],[79.7449843683295,10.995879417081763],[79.74566155881485,10.996177560414676],[79.74663148240353,10.996308385754029],[79.74810751592499,10.996460603138775],[79.74813215311995,10.996463143665896]]]},"properties":{"district":"Mayiladuthurai","st_nm":"Tamil Nadu","dt_code":"796","schemaId":"TN-D796"}}]}