{"type": "FeatureCollection", "features": [{"type": "Feature", "properties": {"id": "TN-001", "ac_no": 1, "name": "Gummidipoondi", "district": "THIRUVALLUR", "pc": "TIRUVALLUR (SC)"}, "geometry": {"type": "Polygon", "coordinates": [[[80.182, 13.49], [80.163, 13.488], [80.146, 13.491], [80.145, 13.5], [80.14, 13.504], [80.132, 13.501], [80.113, 13.506], [80.099, 13.488], [80.079, 13.489], [80.077, 13.527], [80.089, 13.535], [80.084, 13.545], [80.081, 13.55], [80.063, 13.545], [80.057, 13.537], [80.038, 13.539], [80.029, 13.539], [80.024, 13.546], [80.017, 13.547], [80.001, 13.542], [79.994, 13.545], [80.001, 13.526], [80.018, 13.529], [80.019, 13.519], [80.027, 13.514], [80.035, 13.518], [80.048, 13.512], [80.046, 13.495], [80.016, 13.5], [80.013, 13.486], [80.012, 13.497], [80.005, 13.495], [79.989, 13.486], [79.982, 13.471], [79.973, 13.469], [79.973, 13.429], [79.958, 13.422], [79.955, 13.425], [79.94, 13.424], [79.942, 13.417], [79.935, 13.416], [79.946, 13.407], [79.942, 13.4], [79.944, 13.397], [79.963, 13.393], [79.958, 13.379], [79.946, 13.381], [79.949, 13.377], [79.946, 13.364], [79.935, 13.353], [79.931, 13.352], [79.929, 13.356], [79.915, 13.36], [79.915, 13.348], [79.893, 13.335], [79.882, 13.334], [79.883, 13.323], [79.868, 13.332], [79.862, 13.317], [79.855, 13.321], [79.847, 13.316], [79.809, 13.317], [79.799, 13.299], [79.802, 13.247], [79.814, 13.242], [79.827, 13.247], [79.84, 13.24], [79.825, 13.225], [79.832, 13.219], [79.838, 13.231], [79.842, 13.216], [79.856, 13.216], [79.839, 13.207], [79.841, 13.202], [79.87, 13.214], [79.868, 13.219], [79.859, 13.218], [79.867, 13.23], [79.887, 13.227], [79.892, 13.22], [79.909, 13.215], [79.923, 13.223], [79.916, 13.237], [79.931, 13.233], [79.937, 13.223], [79.951, 13.221], [79.96, 13.231], [79.97, 13.234], [79.971, 13.263], [79.984, 13.268], [79.99, 13.276], [80.007, 13.278], [80.015, 13.273], [80.018, 13.275], [80.029, 13.262], [80.04, 13.261], [80.037, 13.253], [80.029, 13.251], [80.025, 13.253], [80.032, 13.256], [80.024, 13.261], [80.013, 13.246], [80.009, 13.255], [80.005, 13.253], [80.003, 13.236], [80.02, 13.239], [80.046, 13.237], [80.048, 13.251], [80.073, 13.239], [80.083, 13.239], [80.085, 13.23], [80.081, 13.226], [80.085, 13.224], [80.11, 13.241], [80.117, 13.233], [80.121, 13.25], [80.132, 13.253], [80.132, 13.259], [80.125, 13.264], [80.127, 13.286], [80.123, 13.307], [80.11, 13.315], [80.108, 13.304], [80.094, 13.308], [80.09, 13.315], [80.073, 13.318], [80.073, 13.33], [80.08, 13.333], [80.079, 13.345], [80.085, 13.353], [80.1, 13.359], [80.131, 13.344], [80.152, 13.326], [80.169, 13.328], [80.168, 13.344], [80.159, 13.348], [80.163, 13.361], [80.148, 13.363], [80.151, 13.369], [80.145, 13.377], [80.154, 13.382], [80.15, 13.396], [80.182, 13.397], [80.177, 13.391], [80.197, 13.394], [80.197, 13.417], [80.187, 13.423], [80.192, 13.433], [80.189, 13.439], [80.186, 13.442], [80.169, 13.442], [80.17, 13.447], [80.163, 13.455], [80.168, 13.457], [80.173, 13.47], [80.182, 13.474], [80.174, 13.483], [80.175, 13.489], [80.182, 13.49]]]}}, {"type": "Feature", "properties": {"id": "TN-002", "ac_no": 2, "name": "Ponneri (SC)", "district": "THIRUVALLUR", "pc": "TIRUVALLUR (SC)"}, "geometry": {"type": "Polygon", "coordinates": [[[80.268, 13.565], [80.264, 13.563], [80.243, 13.471], [80.227, 13.485], [80.215, 13.486], [80.215, 13.49], [80.21, 13.487], [80.182, 13.49], [80.175, 13.489], [80.174, 13.483], [80.182, 13.474], [80.173, 13.47], [80.168, 13.457], [80.163, 13.455], [80.17, 13.447], [80.169, 13.442], [80.186, 13.442], [80.189, 13.439], [80.192, 13.433], [80.187, 13.423], [80.197, 13.417], [80.197, 13.394], [80.177, 13.391], [80.182, 13.397], [80.15, 13.396], [80.154, 13.382], [80.145, 13.377], [80.151, 13.369], [80.148, 13.363], [80.163, 13.361], [80.159, 13.348], [80.168, 13.344], [80.169, 13.328], [80.152, 13.326], [80.131, 13.344], [80.1, 13.359], [80.085, 13.353], [80.079, 13.345], [80.08, 13.333], [80.073, 13.33], [80.073, 13.318], [80.09, 13.315], [80.094, 13.308], [80.108, 13.304], [80.11, 13.315], [80.123, 13.307], [80.127, 13.286], [80.125, 13.264], [80.132, 13.259], [80.171, 13.26], [80.177, 13.269], [80.185, 13.271], [80.196, 13.271], [80.201, 13.248], [80.213, 13.247], [80.209, 13.233], [80.213, 13.23], [80.239, 13.229], [80.231, 13.217], [80.235, 13.216], [80.235, 13.207], [80.239, 13.2], [80.25, 13.199], [80.249, 13.206], [80.254, 13.206], [80.303, 13.198], [80.314, 13.226], [80.332, 13.236], [80.345, 13.276], [80.347, 13.313], [80.33, 13.404], [80.326, 13.445], [80.301, 13.479], [80.268, 13.565]]]}}, {"type": "Feature", "properties": {"id": "TN-003", "ac_no": 3, "name": "Tiruttani", "district": "THIRUVALLUR", "pc": "ARAKKONAM"}, "geometry": {"type": "Polygon", "coordinates": [[[79.684, 13.243], [79.678, 13.262], [79.688, 13.267], [79.691, 13.261], [79.696, 13.267], [79.689, 13.271], [79.694, 13.273], [79.694, 13.28], [79.681, 13.288], [79.683, 13.296], [79.678, 13.297], [79.674, 13.282], [79.665, 13.279], [79.664, 13.29], [79.658, 13.284], [79.652, 13.292], [79.643, 13.29], [79.641, 13.276], [79.639, 13.288], [79.633, 13.282], [79.632, 13.27], [79.614, 13.283], [79.606, 13.28], [79.609, 13.288], [79.596, 13.285], [79.593, 13.265], [79.583, 13.257], [79.574, 13.259], [79.558, 13.273], [79.535, 13.275], [79.535, 13.285], [79.541, 13.292], [79.535, 13.301], [79.544, 13.317], [79.539, 13.322], [79.539, 13.335], [79.526, 13.344], [79.511, 13.342], [79.51, 13.334], [79.497, 13.333], [79.5, 13.348], [79.483, 13.341], [79.456, 13.339], [79.435, 13.352], [79.432, 13.337], [79.421, 13.336], [79.415, 13.33], [79.405, 13.335], [79.398, 13.33], [79.402, 13.317], [79.388, 13.318], [79.383, 13.312], [79.382, 13.308], [79.389, 13.31], [79.39, 13.297], [79.414, 13.3], [79.419, 13.297], [79.419, 13.29], [79.43, 13.3], [79.445, 13.301], [79.446, 13.292], [79.435, 13.289], [79.434, 13.275], [79.418, 13.272], [79.408, 13.265], [79.416, 13.26], [79.417, 13.252], [79.423, 13.251], [79.416, 13.246], [79.418, 13.243], [79.438, 13.243], [79.431, 13.237], [79.44, 13.236], [79.43, 13.23], [79.439, 13.231], [79.442, 13.239], [79.453, 13.239], [79.453, 13.217], [79.438, 13.22], [79.436, 13.214], [79.444, 13.208], [79.432, 13.196], [79.439, 13.188], [79.41, 13.191], [79.41, 13.194], [79.399, 13.188], [79.392, 13.192], [79.374, 13.189], [79.389, 13.18], [79.373, 13.179], [79.37, 13.175], [79.381, 13.171], [79.38, 13.163], [79.357, 13.165], [79.361, 13.139], [79.366, 13.134], [79.357, 13.122], [79.345, 13.122], [79.345, 13.137], [79.341, 13.137], [79.34, 13.131], [79.329, 13.131], [79.318, 13.123], [79.324, 13.119], [79.312, 13.116], [79.319, 13.114], [79.31, 13.112], [79.307, 13.106], [79.294, 13.11], [79.302, 13.114], [79.299, 13.119], [79.313, 13.126], [79.284, 13.123], [79.297, 13.088], [79.322, 13.078], [79.33, 13.073], [79.335, 13.06], [79.351, 13.062], [79.379, 13.075], [79.379, 13.08], [79.417, 13.085], [79.415, 13.089], [79.423, 13.097], [79.42, 13.104], [79.404, 13.1], [79.402, 13.104], [79.404, 13.115], [79.413, 13.119], [79.411, 13.136], [79.419, 13.15], [79.434, 13.136], [79.439, 13.125], [79.453, 13.126], [79.452, 13.121], [79.429, 13.116], [79.434, 13.111], [79.444, 13.114], [79.451, 13.093], [79.462, 13.096], [79.464, 13.107], [79.475, 13.108], [79.474, 13.125], [79.475, 13.131], [79.482, 13.128], [79.482, 13.139], [79.498, 13.136], [79.523, 13.143], [79.522, 13.139], [79.55, 13.135], [79.569, 13.137], [79.57, 13.122], [79.594, 13.122], [79.599, 13.131], [79.589, 13.147], [79.634, 13.147], [79.637, 13.151], [79.631, 13.173], [79.635, 13.172], [79.645, 13.18], [79.645, 13.192], [79.655, 13.208], [79.64, 13.22], [79.616, 13.221], [79.621, 13.248], [79.636, 13.248], [79.647, 13.237], [79.665, 13.245], [79.684, 13.243]]]}}, {"type": "Feature", "properties": {"id": "TN-004", "ac_no": 4, "name": "Thiruvallur", "district": "THIRUVALLUR", "pc": "TIRUVALLUR (SC)"}, "geometry": {"type": "Polygon", "coordinates": [[[79.799, 13.299], [79.792, 13.294], [79.785, 13.297], [79.781, 13.306], [79.776, 13.306], [79.762, 13.318], [79.756, 13.295], [79.744, 13.289], [79.734, 13.289], [79.731, 13.283], [79.761, 13.258], [79.795, 13.242], [79.795, 13.226], [79.785, 13.228], [79.778, 13.224], [79.775, 13.215], [79.774, 13.219], [79.764, 13.219], [79.76, 13.207], [79.752, 13.207], [79.749, 13.22], [79.738, 13.236], [79.732, 13.237], [79.732, 13.223], [79.722, 13.224], [79.713, 13.217], [79.701, 13.225], [79.707, 13.235], [79.714, 13.236], [79.708, 13.251], [79.7, 13.252], [79.693, 13.243], [79.697, 13.238], [79.69, 13.238], [79.684, 13.243], [79.665, 13.245], [79.647, 13.237], [79.636, 13.248], [79.621, 13.248], [79.616, 13.221], [79.64, 13.22], [79.655, 13.208], [79.662, 13.21], [79.672, 13.203], [79.671, 13.183], [79.701, 13.191], [79.7, 13.181], [79.693, 13.176], [79.695, 13.159], [79.737, 13.167], [79.737, 13.121], [79.731, 13.115], [79.724, 13.117], [79.719, 13.105], [79.702, 13.111], [79.705, 13.101], [79.702, 13.104], [79.701, 13.1], [79.723, 13.1], [79.736, 13.096], [79.742, 13.076], [79.739, 13.066], [79.726, 13.068], [79.719, 13.054], [79.73, 13.054], [79.738, 13.061], [79.748, 13.05], [79.762, 13.052], [79.776, 13.063], [79.779, 13.054], [79.789, 13.056], [79.791, 13.053], [79.792, 13.046], [79.786, 13.039], [79.789, 13.025], [79.797, 13.028], [79.801, 13.015], [79.811, 13.018], [79.814, 13.013], [79.818, 12.993], [79.812, 12.989], [79.82, 12.988], [79.821, 12.962], [79.832, 12.964], [79.831, 12.957], [79.848, 12.956], [79.852, 12.948], [79.881, 12.948], [79.89, 12.945], [79.901, 12.966], [79.909, 12.966], [79.914, 12.978], [79.889, 12.994], [79.899, 12.995], [79.908, 13.004], [79.93, 12.99], [79.942, 13.001], [79.942, 13.009], [79.92, 13.014], [79.92, 13.02], [79.911, 13.015], [79.9, 13.017], [79.901, 13.03], [79.897, 13.032], [79.901, 13.05], [79.918, 13.048], [79.918, 13.035], [79.949, 13.033], [79.956, 13.038], [79.969, 13.037], [79.971, 13.05], [79.984, 13.052], [79.987, 13.056], [79.992, 13.053], [79.995, 13.054], [79.993, 13.058], [80.006, 13.059], [80.007, 13.068], [80.006, 13.074], [80.001, 13.072], [79.979, 13.079], [79.993, 13.098], [79.979, 13.102], [79.972, 13.091], [79.957, 13.09], [79.954, 13.081], [79.947, 13.089], [79.935, 13.08], [79.931, 13.083], [79.94, 13.091], [79.939, 13.109], [79.929, 13.112], [79.933, 13.122], [79.922, 13.127], [79.919, 13.135], [79.913, 13.136], [79.915, 13.153], [79.885, 13.164], [79.894, 13.166], [79.895, 13.194], [79.911, 13.185], [79.949, 13.192], [79.95, 13.209], [79.956, 13.211], [79.951, 13.221], [79.937, 13.223], [79.931, 13.233], [79.916, 13.237], [79.923, 13.223], [79.909, 13.215], [79.892, 13.22], [79.887, 13.227], [79.867, 13.23], [79.859, 13.218], [79.868, 13.219], [79.87, 13.214], [79.841, 13.202], [79.839, 13.207], [79.856, 13.216], [79.842, 13.216], [79.838, 13.231], [79.832, 13.219], [79.825, 13.225], [79.84, 13.24], [79.827, 13.247], [79.814, 13.242], [79.802, 13.247], [79.799, 13.299]]]}}, {"type": "Feature", "properties": {"id": "TN-005", "ac_no": 5, "name": "Poonamallee (SC)", "district": "THIRUVALLUR", "pc": "TIRUVALLUR (SC)"}, "geometry": {"type": "Polygon", "coordinates": [[[80.117, 13.233], [80.11, 13.241], [80.085, 13.224], [80.081, 13.226], [80.085, 13.23], [80.083, 13.239], [80.073, 13.239], [80.048, 13.251], [80.046, 13.237], [80.02, 13.239], [80.003, 13.236], [80.005, 13.253], [80.009, 13.255], [80.013, 13.246], [80.024, 13.261], [80.032, 13.256], [80.025, 13.253], [80.029, 13.251], [80.037, 13.253], [80.04, 13.261], [80.029, 13.262], [80.018, 13.275], [80.015, 13.273], [80.007, 13.278], [79.99, 13.276], [79.984, 13.268], [79.971, 13.263], [79.97, 13.234], [79.96, 13.231], [79.951, 13.221], [79.956, 13.211], [79.95, 13.209], [79.949, 13.192], [79.911, 13.185], [79.895, 13.194], [79.894, 13.166], [79.885, 13.164], [79.915, 13.153], [79.913, 13.136], [79.919, 13.135], [79.922, 13.127], [79.933, 13.122], [79.929, 13.112], [79.939, 13.109], [79.94, 13.091], [79.931, 13.083], [79.935, 13.08], [79.947, 13.089], [79.954, 13.081], [79.957, 13.09], [79.972, 13.091], [79.979, 13.102], [79.993, 13.098], [79.979, 13.079], [80.001, 13.072], [80.006, 13.074], [80.007, 13.068], [80.006, 13.059], [79.993, 13.058], [79.995, 13.054], [79.992, 13.053], [79.979, 13.049], [79.978, 13.04], [79.974, 13.039], [79.984, 13.031], [79.991, 13.035], [79.996, 13.05], [80.002, 13.045], [80.021, 13.045], [80.023, 13.037], [80.045, 13.041], [80.041, 13.032], [80.049, 13.027], [80.058, 13.03], [80.061, 13.038], [80.071, 13.04], [80.079, 13.019], [80.083, 13.024], [80.081, 13.045], [80.094, 13.045], [80.103, 13.039], [80.099, 13.035], [80.105, 13.028], [80.113, 13.024], [80.119, 13.024], [80.119, 13.029], [80.125, 13.028], [80.129, 13.034], [80.129, 13.052], [80.129, 13.059], [80.122, 13.061], [80.123, 13.073], [80.107, 13.072], [80.099, 13.078], [80.108, 13.09], [80.097, 13.104], [80.081, 13.113], [80.07, 13.114], [80.066, 13.111], [80.057, 13.114], [80.038, 13.095], [80.037, 13.112], [80.01, 13.112], [80.008, 13.12], [80.015, 13.122], [80.012, 13.133], [80.036, 13.132], [80.041, 13.134], [80.04, 13.14], [80.039, 13.161], [80.028, 13.181], [80.032, 13.193], [80.062, 13.21], [80.075, 13.207], [80.085, 13.213], [80.108, 13.205], [80.117, 13.233]]]}}, {"type": "Feature", "properties": {"id": "TN-006", "ac_no": 6, "name": "Avadi", "district": "THIRUVALLUR", "pc": "TIRUVALLUR (SC)"}, "geometry": {"type": "Polygon", "coordinates": [[[80.145, 13.141], [80.135, 13.15], [80.135, 13.156], [80.121, 13.152], [80.073, 13.169], [80.067, 13.169], [80.063, 13.16], [80.065, 13.153], [80.054, 13.15], [80.056, 13.137], [80.04, 13.14], [80.041, 13.134], [80.036, 13.132], [80.012, 13.133], [80.015, 13.122], [80.008, 13.12], [80.01, 13.112], [80.037, 13.112], [80.038, 13.095], [80.057, 13.114], [80.066, 13.111], [80.07, 13.114], [80.081, 13.113], [80.097, 13.104], [80.108, 13.09], [80.099, 13.078], [80.107, 13.072], [80.123, 13.073], [80.12, 13.093], [80.125, 13.096], [80.124, 13.11], [80.14, 13.107], [80.147, 13.13], [80.145, 13.141]]]}}, {"type": "Feature", "properties": {"id": "TN-007", "ac_no": 7, "name": "Maduravoyal", "district": "THIRUVALLUR", "pc": "SRIPERUMBUDUR"}, "geometry": {"type": "Polygon", "coordinates": [[[80.14, 13.107], [80.124, 13.11], [80.125, 13.096], [80.12, 13.093], [80.123, 13.073], [80.122, 13.061], [80.129, 13.059], [80.129, 13.052], [80.139, 13.053], [80.148, 13.039], [80.144, 13.038], [80.146, 13.032], [80.159, 13.032], [80.164, 13.028], [80.165, 13.032], [80.183, 13.025], [80.188, 13.027], [80.182, 13.049], [80.186, 13.073], [80.177, 13.072], [80.172, 13.083], [80.16, 13.081], [80.147, 13.087], [80.14, 13.107]]]}}, {"type": "Feature", "properties": {"id": "TN-008", "ac_no": 8, "name": "Ambattur", "district": "THIRUVALLUR", "pc": "SRIPERUMBUDUR"}, "geometry": {"type": "Polygon", "coordinates": [[[80.145, 13.141], [80.147, 13.13], [80.14, 13.107], [80.147, 13.087], [80.16, 13.081], [80.172, 13.083], [80.177, 13.072], [80.186, 13.073], [80.19, 13.082], [80.195, 13.09], [80.192, 13.106], [80.201, 13.118], [80.202, 13.127], [80.195, 13.129], [80.188, 13.139], [80.183, 13.136], [80.169, 13.142], [80.165, 13.136], [80.159, 13.142], [80.145, 13.141]]]}}, {"type": "Feature", "properties": {"id": "TN-009", "ac_no": 9, "name": "Madavaram", "district": "THIRUVALLUR", "pc": "TIRUVALLUR (SC)"}, "geometry": {"type": "Polygon", "coordinates": [[[80.303, 13.198], [80.254, 13.206], [80.249, 13.206], [80.25, 13.199], [80.239, 13.2], [80.235, 13.207], [80.235, 13.216], [80.231, 13.217], [80.239, 13.229], [80.213, 13.23], [80.209, 13.233], [80.213, 13.247], [80.201, 13.248], [80.196, 13.271], [80.185, 13.271], [80.177, 13.269], [80.171, 13.26], [80.132, 13.259], [80.132, 13.253], [80.121, 13.25], [80.117, 13.233], [80.108, 13.205], [80.085, 13.213], [80.075, 13.207], [80.062, 13.21], [80.032, 13.193], [80.028, 13.181], [80.039, 13.161], [80.04, 13.14], [80.056, 13.137], [80.054, 13.15], [80.065, 13.153], [80.063, 13.16], [80.067, 13.169], [80.073, 13.169], [80.121, 13.152], [80.135, 13.156], [80.135, 13.15], [80.145, 13.141], [80.159, 13.142], [80.165, 13.136], [80.169, 13.142], [80.183, 13.136], [80.188, 13.139], [80.195, 13.129], [80.202, 13.127], [80.223, 13.131], [80.223, 13.128], [80.242, 13.129], [80.241, 13.143], [80.255, 13.15], [80.249, 13.189], [80.269, 13.192], [80.274, 13.183], [80.293, 13.18], [80.303, 13.198]]]}}, {"type": "Feature", "properties": {"id": "TN-010", "ac_no": 10, "name": "Tiruvottiyur", "district": "THIRUVALLUR", "pc": "CHENNAI NORTH"}, "geometry": {"type": "Polygon", "coordinates": [[[80.332, 13.236], [80.314, 13.226], [80.303, 13.198], [80.293, 13.18], [80.274, 13.183], [80.269, 13.192], [80.249, 13.189], [80.255, 13.15], [80.268, 13.148], [80.265, 13.141], [80.273, 13.139], [80.286, 13.146], [80.301, 13.143], [80.313, 13.168], [80.332, 13.236]]]}}, {"type": "Feature", "properties": {"id": "TN-011", "ac_no": 11, "name": "Dr.Radhakrishnan Naga", "district": "CHENNAI", "pc": "CHENNAI NORTH"}, "geometry": {"type": "Polygon", "coordinates": [[[80.301, 13.143], [80.286, 13.146], [80.273, 13.139], [80.268, 13.127], [80.272, 13.124], [80.27, 13.109], [80.282, 13.114], [80.286, 13.122], [80.295, 13.117], [80.301, 13.121], [80.306, 13.13], [80.298, 13.135], [80.301, 13.143]]]}}, {"type": "Feature", "properties": {"id": "TN-012", "ac_no": 12, "name": "Perambur", "district": "CHENNAI", "pc": "CHENNAI NORTH"}, "geometry": {"type": "Polygon", "coordinates": [[[80.273, 13.139], [80.265, 13.141], [80.268, 13.148], [80.255, 13.15], [80.241, 13.143], [80.242, 13.129], [80.246, 13.123], [80.243, 13.113], [80.253, 13.109], [80.27, 13.109], [80.272, 13.124], [80.268, 13.127], [80.273, 13.139]]]}}, {"type": "Feature", "properties": {"id": "TN-013", "ac_no": 13, "name": "Kolathur", "district": "CHENNAI", "pc": "CHENNAI NORTH"}, "geometry": {"type": "Polygon", "coordinates": [[[80.242, 13.129], [80.223, 13.128], [80.223, 13.131], [80.202, 13.127], [80.201, 13.118], [80.206, 13.118], [80.204, 13.111], [80.236, 13.108], [80.236, 13.098], [80.241, 13.096], [80.243, 13.113], [80.246, 13.123], [80.242, 13.129]]]}}, {"type": "Feature", "properties": {"id": "TN-014", "ac_no": 14, "name": "Villivakkam", "district": "CHENNAI", "pc": "CHENNAI CENTRAL"}, "geometry": {"type": "Polygon", "coordinates": [[[80.241, 13.096], [80.236, 13.098], [80.236, 13.108], [80.204, 13.111], [80.206, 13.118], [80.201, 13.118], [80.192, 13.106], [80.195, 13.09], [80.19, 13.082], [80.199, 13.078], [80.207, 13.086], [80.209, 13.101], [80.235, 13.085], [80.244, 13.085], [80.24, 13.087], [80.241, 13.096]]]}}, {"type": "Feature", "properties": {"id": "TN-015", "ac_no": 15, "name": "Thiru-Vi-Ka-Nagar(SC)", "district": "CHENNAI", "pc": "CHENNAI NORTH"}, "geometry": {"type": "Polygon", "coordinates": [[[80.27, 13.109], [80.253, 13.109], [80.243, 13.113], [80.241, 13.096], [80.24, 13.087], [80.244, 13.085], [80.249, 13.09], [80.262, 13.093], [80.259, 13.099], [80.273, 13.096], [80.273, 13.1], [80.27, 13.109]]]}}, {"type": "Feature", "properties": {"id": "TN-016", "ac_no": 16, "name": "Egmore (SC)", "district": "CHENNAI", "pc": "CHENNAI CENTRAL"}, "geometry": {"type": "Polygon", "coordinates": [[[80.273, 13.096], [80.259, 13.099], [80.262, 13.093], [80.249, 13.09], [80.244, 13.085], [80.254, 13.084], [80.254, 13.077], [80.23, 13.073], [80.229, 13.066], [80.251, 13.069], [80.258, 13.06], [80.262, 13.065], [80.267, 13.07], [80.265, 13.079], [80.268, 13.079], [80.275, 13.08], [80.273, 13.096]]]}}, {"type": "Feature", "properties": {"id": "TN-017", "ac_no": 17, "name": "Royapuram", "district": "CHENNAI", "pc": "CHENNAI NORTH"}, "geometry": {"type": "Polygon", "coordinates": [[[80.301, 13.121], [80.295, 13.117], [80.286, 13.122], [80.282, 13.114], [80.27, 13.109], [80.273, 13.1], [80.278, 13.104], [80.293, 13.1], [80.298, 13.102], [80.301, 13.112], [80.304, 13.106], [80.305, 13.11], [80.301, 13.121]]]}}, {"type": "Feature", "properties": {"id": "TN-018", "ac_no": 18, "name": "Harbour", "district": "CHENNAI", "pc": "CHENNAI CENTRAL"}, "geometry": {"type": "Polygon", "coordinates": [[[80.298, 13.102], [80.293, 13.1], [80.278, 13.104], [80.273, 13.1], [80.273, 13.096], [80.275, 13.08], [80.268, 13.079], [80.275, 13.072], [80.273, 13.066], [80.286, 13.06], [80.311, 13.109], [80.304, 13.103], [80.301, 13.091], [80.295, 13.093], [80.297, 13.099], [80.302, 13.099], [80.298, 13.102]]]}}, {"type": "Feature", "properties": {"id": "TN-019", "ac_no": 19, "name": "Chepauk-Thiruvalliken", "district": "CHENNAI", "pc": "CHENNAI CENTRAL"}, "geometry": {"type": "Polygon", "coordinates": [[[80.268, 13.079], [80.265, 13.079], [80.267, 13.07], [80.262, 13.065], [80.265, 13.057], [80.258, 13.055], [80.264, 13.053], [80.257, 13.038], [80.267, 13.039], [80.266, 13.047], [80.283, 13.046], [80.286, 13.06], [80.273, 13.066], [80.275, 13.072], [80.268, 13.079]]]}}, {"type": "Feature", "properties": {"id": "TN-020", "ac_no": 20, "name": "Thousand Lights", "district": "CHENNAI", "pc": "CHENNAI CENTRAL"}, "geometry": {"type": "Polygon", "coordinates": [[[80.262, 13.065], [80.258, 13.06], [80.251, 13.069], [80.229, 13.066], [80.223, 13.067], [80.223, 13.058], [80.219, 13.058], [80.216, 13.051], [80.231, 13.054], [80.231, 13.048], [80.245, 13.043], [80.24, 13.036], [80.231, 13.036], [80.231, 13.031], [80.231, 13.026], [80.24, 13.031], [80.247, 13.039], [80.257, 13.038], [80.264, 13.053], [80.258, 13.055], [80.265, 13.057], [80.262, 13.065]]]}}, {"type": "Feature", "properties": {"id": "TN-021", "ac_no": 21, "name": "Anna Nagar", "district": "CHENNAI", "pc": "CHENNAI CENTRAL"}, "geometry": {"type": "Polygon", "coordinates": [[[80.244, 13.085], [80.235, 13.085], [80.209, 13.101], [80.207, 13.086], [80.199, 13.078], [80.201, 13.073], [80.208, 13.072], [80.208, 13.059], [80.219, 13.058], [80.223, 13.058], [80.223, 13.067], [80.229, 13.066], [80.23, 13.073], [80.254, 13.077], [80.254, 13.084], [80.244, 13.085]]]}}, {"type": "Feature", "properties": {"id": "TN-022", "ac_no": 22, "name": "Virugampakkam", "district": "CHENNAI", "pc": "CHENNAI SOUTH"}, "geometry": {"type": "Polygon", "coordinates": [[[80.199, 13.078], [80.19, 13.082], [80.186, 13.073], [80.182, 13.049], [80.188, 13.027], [80.2, 13.03], [80.21, 13.027], [80.209, 13.035], [80.204, 13.045], [80.208, 13.059], [80.208, 13.072], [80.201, 13.073], [80.199, 13.078]]]}}, {"type": "Feature", "properties": {"id": "TN-023", "ac_no": 23, "name": "Saidapet", "district": "CHENNAI", "pc": "CHENNAI SOUTH"}, "geometry": {"type": "Polygon", "coordinates": [[[80.209, 13.035], [80.21, 13.027], [80.2, 13.022], [80.199, 13.017], [80.213, 13.007], [80.207, 12.996], [80.216, 12.993], [80.218, 12.987], [80.233, 12.986], [80.242, 12.995], [80.25, 12.994], [80.25, 13.019], [80.24, 13.031], [80.231, 13.026], [80.231, 13.031], [80.226, 13.031], [80.227, 13.036], [80.209, 13.035]]]}}, {"type": "Feature", "properties": {"id": "TN-024", "ac_no": 24, "name": "Thiyagarayanagar", "district": "CHENNAI", "pc": "CHENNAI SOUTH"}, "geometry": {"type": "Polygon", "coordinates": [[[80.219, 13.058], [80.208, 13.059], [80.204, 13.045], [80.209, 13.035], [80.227, 13.036], [80.226, 13.031], [80.231, 13.031], [80.231, 13.036], [80.24, 13.036], [80.245, 13.043], [80.231, 13.048], [80.231, 13.054], [80.216, 13.051], [80.219, 13.058]]]}}, {"type": "Feature", "properties": {"id": "TN-025", "ac_no": 25, "name": "Mylapore", "district": "CHENNAI", "pc": "CHENNAI SOUTH"}, "geometry": {"type": "Polygon", "coordinates": [[[80.283, 13.046], [80.266, 13.047], [80.267, 13.039], [80.257, 13.038], [80.247, 13.039], [80.24, 13.031], [80.25, 13.019], [80.256, 13.014], [80.278, 13.013], [80.283, 13.046]]]}}, {"type": "Feature", "properties": {"id": "TN-026", "ac_no": 26, "name": "Velachery", "district": "CHENNAI", "pc": "CHENNAI SOUTH"}, "geometry": {"type": "Polygon", "coordinates": [[[80.278, 13.013], [80.256, 13.014], [80.25, 13.019], [80.25, 12.994], [80.242, 12.995], [80.233, 12.986], [80.218, 12.987], [80.216, 12.993], [80.207, 12.996], [80.204, 12.983], [80.209, 12.979], [80.221, 12.966], [80.243, 12.98], [80.243, 12.984], [80.253, 12.98], [80.253, 12.977], [80.267, 12.975], [80.278, 13.013]]]}}, {"type": "Feature", "properties": {"id": "TN-027", "ac_no": 27, "name": "Shozhinganallur", "district": "CHENNAI", "pc": "CHENNAI SOUTH"}, "geometry": {"type": "Polygon", "coordinates": [[[80.209, 12.979], [80.196, 12.976], [80.188, 12.963], [80.186, 12.96], [80.192, 12.951], [80.183, 12.946], [80.171, 12.946], [80.163, 12.937], [80.17, 12.922], [80.17, 12.915], [80.163, 12.91], [80.174, 12.896], [80.172, 12.883], [80.178, 12.866], [80.196, 12.852], [80.198, 12.867], [80.207, 12.877], [80.217, 12.855], [80.222, 12.853], [80.249, 12.857], [80.267, 12.975], [80.253, 12.977], [80.253, 12.98], [80.243, 12.984], [80.243, 12.98], [80.221, 12.966], [80.209, 12.979]]]}}, {"type": "Feature", "properties": {"id": "TN-028", "ac_no": 28, "name": "Alandur", "district": "CHENNAI", "pc": "SRIPERUMBUDUR"}, "geometry": {"type": "Polygon", "coordinates": [[[80.188, 13.027], [80.183, 13.025], [80.165, 13.032], [80.164, 13.028], [80.159, 13.032], [80.146, 13.032], [80.144, 13.038], [80.148, 13.039], [80.139, 13.053], [80.129, 13.052], [80.129, 13.034], [80.125, 13.028], [80.119, 13.029], [80.119, 13.024], [80.113, 13.024], [80.113, 13.019], [80.103, 13.013], [80.111, 13.01], [80.111, 13.005], [80.125, 12.986], [80.149, 12.993], [80.145, 12.972], [80.148, 12.967], [80.161, 12.972], [80.168, 12.967], [80.181, 12.967], [80.182, 12.959], [80.188, 12.963], [80.196, 12.976], [80.209, 12.979], [80.204, 12.983], [80.207, 12.996], [80.213, 13.007], [80.199, 13.017], [80.2, 13.022], [80.21, 13.027], [80.2, 13.03], [80.188, 13.027]]]}}, {"type": "Feature", "properties": {"id": "TN-029", "ac_no": 29, "name": "Sriperumbudur (SC)", "district": "KANCHEEPURAM", "pc": "SRIPERUMBUDUR"}, "geometry": {"type": "Polygon", "coordinates": [[[79.992, 13.053], [79.987, 13.056], [79.984, 13.052], [79.971, 13.05], [79.969, 13.037], [79.956, 13.038], [79.949, 13.033], [79.918, 13.035], [79.918, 13.048], [79.901, 13.05], [79.897, 13.032], [79.901, 13.03], [79.9, 13.017], [79.911, 13.015], [79.92, 13.02], [79.92, 13.014], [79.942, 13.009], [79.942, 13.001], [79.93, 12.99], [79.908, 13.004], [79.899, 12.995], [79.889, 12.994], [79.914, 12.978], [79.909, 12.966], [79.901, 12.966], [79.89, 12.945], [79.881, 12.948], [79.852, 12.948], [79.848, 12.956], [79.831, 12.957], [79.832, 12.964], [79.821, 12.962], [79.82, 12.988], [79.812, 12.989], [79.818, 12.993], [79.814, 13.013], [79.811, 13.018], [79.801, 13.015], [79.797, 13.028], [79.789, 13.025], [79.768, 13.017], [79.749, 13.004], [79.742, 12.994], [79.752, 12.995], [79.769, 12.989], [79.77, 12.983], [79.764, 12.982], [79.763, 12.954], [79.773, 12.951], [79.786, 12.955], [79.789, 12.95], [79.778, 12.937], [79.777, 12.918], [79.785, 12.917], [79.786, 12.922], [79.797, 12.923], [79.81, 12.916], [79.807, 12.91], [79.812, 12.899], [79.826, 12.899], [79.832, 12.895], [79.831, 12.892], [79.843, 12.89], [79.858, 12.878], [79.869, 12.881], [79.909, 12.867], [79.906, 12.852], [79.91, 12.836], [79.902, 12.822], [79.909, 12.799], [79.923, 12.796], [79.928, 12.799], [79.938, 12.786], [79.942, 12.792], [79.958, 12.792], [79.965, 12.809], [79.959, 12.81], [79.958, 12.825], [79.963, 12.816], [80.01, 12.808], [80.01, 12.814], [80.03, 12.824], [80.056, 12.853], [80.059, 12.863], [80.055, 12.889], [80.063, 12.899], [80.087, 12.929], [80.092, 12.944], [80.102, 12.951], [80.125, 12.986], [80.111, 13.005], [80.111, 13.01], [80.103, 13.013], [80.113, 13.019], [80.113, 13.024], [80.105, 13.028], [80.099, 13.035], [80.103, 13.039], [80.094, 13.045], [80.081, 13.045], [80.083, 13.024], [80.079, 13.019], [80.071, 13.04], [80.061, 13.038], [80.058, 13.03], [80.049, 13.027], [80.041, 13.032], [80.045, 13.041], [80.023, 13.037], [80.021, 13.045], [80.002, 13.045], [79.996, 13.05], [79.991, 13.035], [79.984, 13.031], [79.974, 13.039], [79.978, 13.04], [79.979, 13.049], [79.992, 13.053]]]}}, {"type": "Feature", "properties": {"id": "TN-030", "ac_no": 30, "name": "Pallavaram", "district": "KANCHEEPURAM", "pc": "SRIPERUMBUDUR"}, "geometry": {"type": "Polygon", "coordinates": [[[80.188, 12.963], [80.182, 12.959], [80.181, 12.967], [80.168, 12.967], [80.161, 12.972], [80.148, 12.967], [80.145, 12.972], [80.149, 12.993], [80.125, 12.986], [80.102, 12.951], [80.109, 12.947], [80.127, 12.949], [80.149, 12.935], [80.163, 12.937], [80.171, 12.946], [80.183, 12.946], [80.192, 12.951], [80.186, 12.96], [80.188, 12.963]]]}}, {"type": "Feature", "properties": {"id": "TN-031", "ac_no": 31, "name": "Tambaram", "district": "KANCHEEPURAM", "pc": "SRIPERUMBUDUR"}, "geometry": {"type": "Polygon", "coordinates": [[[80.163, 12.937], [80.149, 12.935], [80.127, 12.949], [80.109, 12.947], [80.102, 12.951], [80.092, 12.944], [80.087, 12.929], [80.063, 12.899], [80.096, 12.891], [80.107, 12.903], [80.114, 12.902], [80.123, 12.89], [80.135, 12.89], [80.135, 12.883], [80.123, 12.871], [80.123, 12.864], [80.129, 12.861], [80.161, 12.876], [80.171, 12.86], [80.178, 12.866], [80.172, 12.883], [80.174, 12.896], [80.163, 12.91], [80.17, 12.915], [80.17, 12.922], [80.163, 12.937]]]}}, {"type": "Feature", "properties": {"id": "TN-032", "ac_no": 32, "name": "Chengalpattu", "district": "KANCHEEPURAM", "pc": "KANCHEEPURAM (SC)"}, "geometry": {"type": "Polygon", "coordinates": [[[80.171, 12.86], [80.161, 12.876], [80.129, 12.861], [80.123, 12.864], [80.123, 12.871], [80.135, 12.883], [80.135, 12.89], [80.123, 12.89], [80.114, 12.902], [80.107, 12.903], [80.096, 12.891], [80.063, 12.899], [80.055, 12.889], [80.059, 12.863], [80.056, 12.853], [80.03, 12.824], [80.01, 12.814], [80.01, 12.808], [79.963, 12.816], [79.958, 12.825], [79.959, 12.81], [79.965, 12.809], [79.958, 12.792], [79.942, 12.792], [79.938, 12.786], [79.928, 12.799], [79.923, 12.796], [79.909, 12.799], [79.898, 12.784], [79.875, 12.781], [79.884, 12.777], [79.887, 12.765], [79.904, 12.755], [79.919, 12.755], [79.953, 12.709], [79.953, 12.699], [79.958, 12.699], [79.953, 12.662], [79.948, 12.658], [79.954, 12.644], [79.947, 12.643], [79.946, 12.632], [79.968, 12.629], [79.976, 12.658], [79.989, 12.665], [79.999, 12.663], [80.006, 12.677], [80.024, 12.674], [80.024, 12.665], [80.032, 12.663], [80.034, 12.658], [80.043, 12.661], [80.037, 12.67], [80.046, 12.677], [80.038, 12.696], [80.042, 12.697], [80.041, 12.706], [80.052, 12.706], [80.03, 12.719], [80.037, 12.736], [80.032, 12.74], [80.049, 12.737], [80.058, 12.751], [80.063, 12.748], [80.07, 12.755], [80.077, 12.754], [80.088, 12.77], [80.089, 12.779], [80.096, 12.784], [80.105, 12.782], [80.108, 12.79], [80.129, 12.783], [80.137, 12.793], [80.131, 12.799], [80.137, 12.804], [80.135, 12.818], [80.148, 12.812], [80.147, 12.825], [80.134, 12.833], [80.142, 12.855], [80.156, 12.852], [80.168, 12.855], [80.171, 12.86]]]}}, {"type": "Feature", "properties": {"id": "TN-033", "ac_no": 33, "name": "Thiruporur", "district": "KANCHEEPURAM", "pc": "KANCHEEPURAM (SC)"}, "geometry": {"type": "Polygon", "coordinates": [[[80.178, 12.866], [80.171, 12.86], [80.168, 12.855], [80.156, 12.852], [80.142, 12.855], [80.134, 12.833], [80.147, 12.825], [80.148, 12.812], [80.135, 12.818], [80.137, 12.804], [80.131, 12.799], [80.137, 12.793], [80.129, 12.783], [80.108, 12.79], [80.105, 12.782], [80.096, 12.784], [80.089, 12.779], [80.088, 12.77], [80.077, 12.754], [80.07, 12.755], [80.063, 12.748], [80.058, 12.751], [80.049, 12.737], [80.032, 12.74], [80.037, 12.736], [80.03, 12.719], [80.052, 12.706], [80.041, 12.706], [80.042, 12.697], [80.038, 12.696], [80.046, 12.677], [80.037, 12.67], [80.043, 12.661], [80.034, 12.658], [80.032, 12.663], [80.024, 12.665], [80.024, 12.674], [80.006, 12.677], [79.999, 12.663], [79.989, 12.665], [79.976, 12.658], [79.968, 12.629], [79.946, 12.632], [79.949, 12.614], [79.944, 12.614], [79.962, 12.588], [79.965, 12.577], [79.973, 12.577], [79.974, 12.572], [79.982, 12.569], [79.995, 12.572], [80.008, 12.563], [80.008, 12.553], [80.02, 12.555], [80.026, 12.55], [80.028, 12.565], [80.032, 12.563], [80.045, 12.554], [80.048, 12.546], [80.06, 12.542], [80.064, 12.552], [80.057, 12.562], [80.076, 12.567], [80.081, 12.563], [80.081, 12.557], [80.1, 12.542], [80.119, 12.549], [80.126, 12.541], [80.131, 12.547], [80.135, 12.545], [80.135, 12.559], [80.14, 12.559], [80.152, 12.545], [80.154, 12.53], [80.165, 12.526], [80.201, 12.617], [80.201, 12.632], [80.255, 12.781], [80.248, 12.81], [80.249, 12.857], [80.222, 12.853], [80.217, 12.855], [80.207, 12.877], [80.198, 12.867], [80.196, 12.852], [80.178, 12.866]]]}}, {"type": "Feature", "properties": {"id": "TN-034", "ac_no": 34, "name": "Cheyyur (SC)", "district": "KANCHEEPURAM", "pc": "KANCHEEPURAM (SC)"}, "geometry": {"type": "MultiPolygon", "coordinates": [[[[79.961, 12.451], [79.959, 12.442], [79.97, 12.433], [79.973, 12.417], [79.98, 12.422], [79.982, 12.432], [79.965, 12.454], [79.961, 12.451]]], [[[80.165, 12.526], [80.154, 12.53], [80.152, 12.545], [80.14, 12.559], [80.135, 12.559], [80.135, 12.545], [80.131, 12.547], [80.126, 12.541], [80.119, 12.549], [80.1, 12.542], [80.081, 12.557], [80.081, 12.563], [80.076, 12.567], [80.057, 12.562], [80.064, 12.552], [80.06, 12.542], [80.048, 12.546], [80.045, 12.554], [80.032, 12.563], [80.028, 12.565], [80.026, 12.55], [80.02, 12.555], [80.008, 12.553], [80.008, 12.563], [79.995, 12.572], [79.982, 12.569], [79.974, 12.572], [79.973, 12.577], [79.965, 12.577], [79.972, 12.556], [80.004, 12.54], [80.01, 12.526], [79.985, 12.528], [79.993, 12.512], [79.981, 12.494], [79.981, 12.479], [79.967, 12.456], [79.996, 12.433], [79.991, 12.416], [79.995, 12.415], [79.996, 12.39], [79.986, 12.361], [79.989, 12.352], [79.982, 12.342], [79.984, 12.334], [79.957, 12.344], [79.944, 12.339], [79.945, 12.352], [79.925, 12.356], [79.922, 12.368], [79.91, 12.362], [79.903, 12.367], [79.9, 12.408], [79.89, 12.407], [79.887, 12.414], [79.897, 12.425], [79.887, 12.432], [79.893, 12.439], [79.861, 12.449], [79.858, 12.46], [79.839, 12.448], [79.829, 12.452], [79.815, 12.435], [79.814, 12.427], [79.822, 12.427], [79.83, 12.417], [79.835, 12.424], [79.845, 12.418], [79.828, 12.388], [79.809, 12.386], [79.795, 12.396], [79.784, 12.386], [79.784, 12.381], [79.788, 12.384], [79.791, 12.381], [79.788, 12.374], [79.805, 12.366], [79.803, 12.355], [79.806, 12.348], [79.8, 12.349], [79.798, 12.337], [79.819, 12.312], [79.828, 12.312], [79.832, 12.298], [79.841, 12.289], [79.845, 12.28], [79.841, 12.279], [79.859, 12.266], [79.873, 12.242], [79.885, 12.235], [79.901, 12.229], [79.914, 12.235], [79.925, 12.231], [79.925, 12.248], [79.945, 12.241], [79.956, 12.228], [79.96, 12.233], [79.977, 12.235], [79.987, 12.25], [80.004, 12.248], [80.057, 12.326], [80.138, 12.411], [80.154, 12.448], [80.165, 12.526]]]]}}, {"type": "Feature", "properties": {"id": "TN-035", "ac_no": 35, "name": "Madurantakam (SC)", "district": "KANCHEEPURAM", "pc": "KANCHEEPURAM (SC)"}, "geometry": {"type": "Polygon", "coordinates": [[[79.953, 12.699], [79.944, 12.702], [79.919, 12.696], [79.917, 12.687], [79.929, 12.642], [79.927, 12.637], [79.922, 12.634], [79.914, 12.64], [79.899, 12.641], [79.89, 12.631], [79.875, 12.633], [79.873, 12.626], [79.867, 12.626], [79.846, 12.631], [79.845, 12.624], [79.826, 12.62], [79.824, 12.625], [79.806, 12.629], [79.818, 12.602], [79.813, 12.59], [79.822, 12.583], [79.825, 12.569], [79.821, 12.57], [79.818, 12.566], [79.798, 12.569], [79.795, 12.561], [79.777, 12.557], [79.775, 12.55], [79.758, 12.561], [79.752, 12.551], [79.756, 12.544], [79.743, 12.533], [79.749, 12.525], [79.756, 12.525], [79.757, 12.513], [79.749, 12.508], [79.749, 12.504], [79.74, 12.502], [79.738, 12.496], [79.727, 12.501], [79.723, 12.498], [79.723, 12.494], [79.735, 12.493], [79.739, 12.484], [79.744, 12.483], [79.745, 12.463], [79.75, 12.458], [79.733, 12.453], [79.732, 12.447], [79.738, 12.439], [79.736, 12.429], [79.716, 12.436], [79.714, 12.428], [79.703, 12.43], [79.705, 12.414], [79.689, 12.418], [79.687, 12.415], [79.696, 12.409], [79.695, 12.398], [79.686, 12.4], [79.681, 12.393], [79.667, 12.388], [79.66, 12.377], [79.667, 12.375], [79.664, 12.367], [79.646, 12.361], [79.642, 12.345], [79.657, 12.326], [79.683, 12.316], [79.69, 12.325], [79.699, 12.325], [79.701, 12.335], [79.709, 12.337], [79.749, 12.324], [79.76, 12.325], [79.761, 12.329], [79.778, 12.338], [79.798, 12.337], [79.8, 12.349], [79.806, 12.348], [79.803, 12.355], [79.805, 12.366], [79.788, 12.374], [79.791, 12.381], [79.788, 12.384], [79.784, 12.381], [79.784, 12.386], [79.795, 12.396], [79.809, 12.386], [79.828, 12.388], [79.845, 12.418], [79.835, 12.424], [79.83, 12.417], [79.822, 12.427], [79.814, 12.427], [79.815, 12.435], [79.829, 12.452], [79.839, 12.448], [79.858, 12.46], [79.861, 12.449], [79.893, 12.439], [79.887, 12.432], [79.897, 12.425], [79.887, 12.414], [79.89, 12.407], [79.9, 12.408], [79.903, 12.367], [79.91, 12.362], [79.922, 12.368], [79.925, 12.356], [79.945, 12.352], [79.944, 12.339], [79.957, 12.344], [79.984, 12.334], [79.982, 12.342], [79.989, 12.352], [79.986, 12.361], [79.996, 12.39], [79.995, 12.415], [79.991, 12.416], [79.996, 12.433], [79.967, 12.456], [79.981, 12.479], [79.981, 12.494], [79.993, 12.512], [79.985, 12.528], [80.01, 12.526], [80.004, 12.54], [79.972, 12.556], [79.965, 12.577], [79.962, 12.588], [79.944, 12.614], [79.949, 12.614], [79.946, 12.632], [79.947, 12.643], [79.954, 12.644], [79.948, 12.658], [79.953, 12.662], [79.958, 12.699], [79.953, 12.699]], [[79.961, 12.451], [79.965, 12.454], [79.982, 12.432], [79.98, 12.422], [79.973, 12.417], [79.97, 12.433], [79.959, 12.442], [79.961, 12.451]]]}}, {"type": "Feature", "properties": {"id": "TN-036", "ac_no": 36, "name": "Uthiramerur", "district": "KANCHEEPURAM", "pc": "KANCHEEPURAM (SC)"}, "geometry": {"type": "Polygon", "coordinates": [[[79.906, 12.852], [79.891, 12.84], [79.881, 12.845], [79.872, 12.84], [79.864, 12.841], [79.863, 12.836], [79.85, 12.844], [79.84, 12.84], [79.826, 12.842], [79.828, 12.837], [79.833, 12.836], [79.831, 12.831], [79.794, 12.836], [79.779, 12.835], [79.781, 12.827], [79.766, 12.827], [79.756, 12.818], [79.759, 12.815], [79.752, 12.816], [79.744, 12.81], [79.724, 12.809], [79.721, 12.815], [79.705, 12.82], [79.698, 12.8], [79.675, 12.799], [79.64, 12.81], [79.643, 12.802], [79.635, 12.786], [79.65, 12.782], [79.647, 12.773], [79.653, 12.765], [79.658, 12.768], [79.657, 12.777], [79.669, 12.778], [79.67, 12.787], [79.678, 12.791], [79.697, 12.777], [79.703, 12.777], [79.704, 12.78], [79.709, 12.777], [79.709, 12.758], [79.732, 12.756], [79.745, 12.744], [79.741, 12.733], [79.714, 12.728], [79.715, 12.724], [79.737, 12.718], [79.735, 12.702], [79.744, 12.702], [79.742, 12.693], [79.683, 12.668], [79.646, 12.67], [79.631, 12.638], [79.63, 12.633], [79.637, 12.627], [79.646, 12.625], [79.643, 12.613], [79.646, 12.603], [79.654, 12.603], [79.667, 12.593], [79.673, 12.593], [79.689, 12.602], [79.698, 12.594], [79.725, 12.588], [79.725, 12.578], [79.717, 12.582], [79.707, 12.572], [79.707, 12.569], [79.72, 12.565], [79.715, 12.549], [79.743, 12.533], [79.756, 12.544], [79.752, 12.551], [79.758, 12.561], [79.775, 12.55], [79.777, 12.557], [79.795, 12.561], [79.798, 12.569], [79.818, 12.566], [79.821, 12.57], [79.825, 12.569], [79.822, 12.583], [79.813, 12.59], [79.818, 12.602], [79.806, 12.629], [79.824, 12.625], [79.826, 12.62], [79.845, 12.624], [79.846, 12.631], [79.867, 12.626], [79.873, 12.626], [79.875, 12.633], [79.89, 12.631], [79.899, 12.641], [79.914, 12.64], [79.922, 12.634], [79.927, 12.637], [79.929, 12.642], [79.917, 12.687], [79.919, 12.696], [79.944, 12.702], [79.953, 12.699], [79.953, 12.709], [79.919, 12.755], [79.904, 12.755], [79.887, 12.765], [79.884, 12.777], [79.875, 12.781], [79.898, 12.784], [79.909, 12.799], [79.902, 12.822], [79.91, 12.836], [79.906, 12.852]]]}}, {"type": "Feature", "properties": {"id": "TN-037", "ac_no": 37, "name": "Kancheepuram", "district": "KANCHEEPURAM", "pc": "KANCHEEPURAM (SC)"}, "geometry": {"type": "Polygon", "coordinates": [[[79.906, 12.852], [79.909, 12.867], [79.869, 12.881], [79.858, 12.878], [79.843, 12.89], [79.831, 12.892], [79.832, 12.895], [79.826, 12.899], [79.812, 12.899], [79.807, 12.91], [79.81, 12.916], [79.797, 12.923], [79.786, 12.922], [79.785, 12.917], [79.777, 12.918], [79.778, 12.937], [79.789, 12.95], [79.786, 12.955], [79.773, 12.951], [79.763, 12.954], [79.764, 12.982], [79.77, 12.983], [79.769, 12.989], [79.752, 12.995], [79.742, 12.994], [79.721, 12.98], [79.701, 12.975], [79.659, 12.949], [79.662, 12.93], [79.637, 12.925], [79.604, 12.907], [79.568, 12.899], [79.565, 12.887], [79.558, 12.884], [79.558, 12.873], [79.566, 12.859], [79.56, 12.853], [79.557, 12.852], [79.579, 12.843], [79.595, 12.829], [79.632, 12.822], [79.64, 12.81], [79.675, 12.799], [79.698, 12.8], [79.705, 12.82], [79.721, 12.815], [79.724, 12.809], [79.744, 12.81], [79.752, 12.816], [79.759, 12.815], [79.756, 12.818], [79.766, 12.827], [79.781, 12.827], [79.779, 12.835], [79.794, 12.836], [79.831, 12.831], [79.833, 12.836], [79.828, 12.837], [79.826, 12.842], [79.84, 12.84], [79.85, 12.844], [79.863, 12.836], [79.864, 12.841], [79.872, 12.84], [79.881, 12.845], [79.891, 12.84], [79.906, 12.852]]]}}, {"type": "Feature", "properties": {"id": "TN-038", "ac_no": 38, "name": "Arakkonam (SC)", "district": "VELLORE", "pc": "ARAKKONAM"}, "geometry": {"type": "Polygon", "coordinates": [[[79.655, 13.208], [79.645, 13.192], [79.645, 13.18], [79.635, 13.172], [79.631, 13.173], [79.637, 13.151], [79.634, 13.147], [79.589, 13.147], [79.599, 13.131], [79.594, 13.122], [79.57, 13.122], [79.569, 13.137], [79.55, 13.135], [79.559, 13.117], [79.552, 13.108], [79.553, 13.101], [79.563, 13.098], [79.574, 13.101], [79.581, 13.096], [79.58, 13.089], [79.572, 13.083], [79.57, 13.072], [79.577, 13.054], [79.584, 13.048], [79.572, 13.047], [79.556, 13.055], [79.548, 13.045], [79.551, 13.037], [79.559, 13.036], [79.559, 13.03], [79.57, 13.027], [79.574, 13.016], [79.578, 13.029], [79.582, 13.027], [79.594, 13.034], [79.594, 13.025], [79.6, 13.016], [79.61, 13.011], [79.608, 13.001], [79.588, 12.985], [79.593, 12.969], [79.602, 12.972], [79.608, 12.966], [79.604, 12.984], [79.605, 12.989], [79.611, 12.987], [79.621, 12.983], [79.619, 12.979], [79.632, 12.97], [79.636, 12.959], [79.65, 12.957], [79.649, 12.949], [79.659, 12.949], [79.701, 12.975], [79.721, 12.98], [79.742, 12.994], [79.749, 13.004], [79.768, 13.017], [79.789, 13.025], [79.786, 13.039], [79.792, 13.046], [79.791, 13.053], [79.789, 13.056], [79.779, 13.054], [79.776, 13.063], [79.762, 13.052], [79.748, 13.05], [79.738, 13.061], [79.73, 13.054], [79.719, 13.054], [79.726, 13.068], [79.739, 13.066], [79.742, 13.076], [79.736, 13.096], [79.723, 13.1], [79.701, 13.1], [79.702, 13.104], [79.705, 13.101], [79.702, 13.111], [79.719, 13.105], [79.724, 13.117], [79.731, 13.115], [79.737, 13.121], [79.737, 13.167], [79.695, 13.159], [79.693, 13.176], [79.7, 13.181], [79.701, 13.191], [79.671, 13.183], [79.672, 13.203], [79.662, 13.21], [79.655, 13.208]]]}}, {"type": "Feature", "properties": {"id": "TN-039", "ac_no": 39, "name": "Sholingur", "district": "VELLORE", "pc": "ARAKKONAM"}, "geometry": {"type": "Polygon", "coordinates": [[[79.55, 13.135], [79.522, 13.139], [79.523, 13.143], [79.498, 13.136], [79.482, 13.139], [79.482, 13.128], [79.475, 13.131], [79.474, 13.125], [79.475, 13.108], [79.464, 13.107], [79.462, 13.096], [79.451, 13.093], [79.444, 13.114], [79.434, 13.111], [79.429, 13.116], [79.452, 13.121], [79.453, 13.126], [79.439, 13.125], [79.434, 13.136], [79.419, 13.15], [79.411, 13.136], [79.413, 13.119], [79.404, 13.115], [79.402, 13.104], [79.404, 13.1], [79.42, 13.104], [79.423, 13.097], [79.415, 13.089], [79.417, 13.085], [79.379, 13.08], [79.379, 13.075], [79.351, 13.062], [79.335, 13.06], [79.33, 13.073], [79.322, 13.078], [79.323, 13.072], [79.311, 13.075], [79.307, 13.044], [79.31, 13.039], [79.321, 13.041], [79.322, 13.033], [79.327, 13.033], [79.336, 13.003], [79.352, 12.989], [79.352, 12.979], [79.357, 12.973], [79.361, 12.985], [79.38, 12.966], [79.392, 12.967], [79.394, 12.993], [79.406, 12.999], [79.413, 12.989], [79.421, 12.985], [79.422, 12.97], [79.444, 12.964], [79.446, 12.949], [79.439, 12.928], [79.444, 12.91], [79.456, 12.903], [79.455, 12.877], [79.473, 12.874], [79.479, 12.872], [79.489, 12.876], [79.49, 12.871], [79.498, 12.869], [79.5, 12.873], [79.509, 12.857], [79.536, 12.863], [79.56, 12.853], [79.566, 12.859], [79.558, 12.873], [79.558, 12.884], [79.565, 12.887], [79.568, 12.899], [79.604, 12.907], [79.637, 12.925], [79.662, 12.93], [79.659, 12.949], [79.649, 12.949], [79.65, 12.957], [79.636, 12.959], [79.632, 12.97], [79.619, 12.979], [79.621, 12.983], [79.611, 12.987], [79.605, 12.989], [79.604, 12.984], [79.608, 12.966], [79.602, 12.972], [79.593, 12.969], [79.588, 12.985], [79.608, 13.001], [79.61, 13.011], [79.6, 13.016], [79.594, 13.025], [79.594, 13.034], [79.582, 13.027], [79.578, 13.029], [79.574, 13.016], [79.57, 13.027], [79.559, 13.03], [79.559, 13.036], [79.551, 13.037], [79.548, 13.045], [79.556, 13.055], [79.572, 13.047], [79.584, 13.048], [79.577, 13.054], [79.57, 13.072], [79.572, 13.083], [79.58, 13.089], [79.581, 13.096], [79.574, 13.101], [79.563, 13.098], [79.553, 13.101], [79.552, 13.108], [79.559, 13.117], [79.55, 13.135]]]}}, {"type": "Feature", "properties": {"id": "TN-040", "ac_no": 40, "name": "Katpadi", "district": "VELLORE", "pc": "ARAKKONAM"}, "geometry": {"type": "Polygon", "coordinates": [[[79.284, 13.123], [79.281, 13.154], [79.275, 13.156], [79.263, 13.149], [79.261, 13.16], [79.255, 13.161], [79.255, 13.147], [79.245, 13.138], [79.24, 13.144], [79.245, 13.149], [79.242, 13.15], [79.243, 13.171], [79.234, 13.17], [79.226, 13.159], [79.227, 13.156], [79.214, 13.157], [79.21, 13.149], [79.233, 13.139], [79.23, 13.126], [79.238, 13.118], [79.234, 13.115], [79.234, 13.105], [79.201, 13.089], [79.198, 13.081], [79.193, 13.082], [79.191, 13.089], [79.188, 13.083], [79.181, 13.084], [79.185, 13.08], [79.184, 13.073], [79.191, 13.073], [79.192, 13.067], [79.187, 13.061], [79.18, 13.064], [79.178, 13.06], [79.192, 13.056], [79.179, 13.054], [79.182, 13.048], [79.193, 13.047], [79.185, 13.03], [79.182, 13.032], [79.16, 13.02], [79.137, 13.035], [79.114, 13.039], [79.107, 13.038], [79.098, 13.026], [79.085, 13.027], [79.075, 13.003], [79.082, 12.999], [79.093, 13.0], [79.086, 12.985], [79.09, 12.973], [79.082, 12.972], [79.082, 12.962], [79.075, 12.96], [79.072, 12.952], [79.061, 12.952], [79.071, 12.944], [79.067, 12.943], [79.064, 12.929], [79.081, 12.937], [79.094, 12.935], [79.101, 12.925], [79.109, 12.925], [79.11, 12.936], [79.148, 12.94], [79.169, 12.954], [79.199, 12.951], [79.218, 12.954], [79.24, 12.955], [79.256, 12.951], [79.262, 12.942], [79.271, 12.94], [79.27, 12.945], [79.265, 12.947], [79.27, 12.963], [79.289, 12.975], [79.29, 13.004], [79.299, 13.014], [79.302, 13.029], [79.322, 13.033], [79.321, 13.041], [79.31, 13.039], [79.307, 13.044], [79.311, 13.075], [79.323, 13.072], [79.322, 13.078], [79.297, 13.088], [79.284, 13.123]]]}}, {"type": "Feature", "properties": {"id": "TN-041", "ac_no": 41, "name": "Ranipet", "district": "VELLORE", "pc": "ARAKKONAM"}, "geometry": {"type": "Polygon", "coordinates": [[[79.455, 12.877], [79.456, 12.903], [79.444, 12.91], [79.439, 12.928], [79.446, 12.949], [79.444, 12.964], [79.422, 12.97], [79.421, 12.985], [79.413, 12.989], [79.406, 12.999], [79.394, 12.993], [79.392, 12.967], [79.38, 12.966], [79.361, 12.985], [79.357, 12.973], [79.352, 12.979], [79.352, 12.989], [79.336, 13.003], [79.327, 13.033], [79.322, 13.033], [79.302, 13.029], [79.299, 13.014], [79.29, 13.004], [79.289, 12.975], [79.27, 12.963], [79.265, 12.947], [79.27, 12.945], [79.271, 12.94], [79.262, 12.942], [79.256, 12.951], [79.24, 12.955], [79.218, 12.954], [79.216, 12.943], [79.191, 12.928], [79.189, 12.917], [79.191, 12.912], [79.194, 12.915], [79.194, 12.908], [79.201, 12.904], [79.206, 12.915], [79.215, 12.918], [79.24, 12.917], [79.246, 12.921], [79.274, 12.917], [79.277, 12.912], [79.269, 12.893], [79.262, 12.895], [79.259, 12.892], [79.248, 12.898], [79.241, 12.895], [79.236, 12.901], [79.232, 12.899], [79.237, 12.892], [79.224, 12.89], [79.226, 12.883], [79.243, 12.87], [79.241, 12.856], [79.235, 12.853], [79.266, 12.849], [79.271, 12.843], [79.27, 12.857], [79.277, 12.87], [79.307, 12.871], [79.317, 12.854], [79.319, 12.885], [79.309, 12.885], [79.314, 12.898], [79.305, 12.896], [79.301, 12.902], [79.307, 12.902], [79.313, 12.91], [79.318, 12.91], [79.32, 12.92], [79.331, 12.918], [79.362, 12.892], [79.378, 12.87], [79.39, 12.868], [79.425, 12.879], [79.455, 12.877]]]}}, {"type": "Feature", "properties": {"id": "TN-042", "ac_no": 42, "name": "Arcot", "district": "VELLORE", "pc": "ARAKKONAM"}, "geometry": {"type": "Polygon", "coordinates": [[[79.128, 12.893], [79.126, 12.878], [79.118, 12.879], [79.12, 12.865], [79.108, 12.861], [79.107, 12.856], [79.111, 12.849], [79.132, 12.852], [79.139, 12.846], [79.137, 12.841], [79.124, 12.841], [79.126, 12.83], [79.119, 12.825], [79.124, 12.819], [79.116, 12.799], [79.124, 12.791], [79.114, 12.795], [79.107, 12.804], [79.096, 12.795], [79.098, 12.79], [79.109, 12.79], [79.09, 12.778], [79.094, 12.773], [79.1, 12.779], [79.094, 12.758], [79.11, 12.759], [79.133, 12.762], [79.16, 12.752], [79.161, 12.772], [79.163, 12.766], [79.173, 12.76], [79.174, 12.742], [79.191, 12.749], [79.207, 12.742], [79.214, 12.76], [79.209, 12.785], [79.22, 12.793], [79.238, 12.797], [79.241, 12.808], [79.251, 12.807], [79.255, 12.812], [79.25, 12.813], [79.25, 12.823], [79.256, 12.822], [79.262, 12.819], [79.26, 12.808], [79.264, 12.806], [79.262, 12.795], [79.28, 12.788], [79.277, 12.784], [79.287, 12.779], [79.283, 12.764], [79.289, 12.753], [79.297, 12.748], [79.31, 12.747], [79.311, 12.742], [79.322, 12.744], [79.344, 12.729], [79.346, 12.71], [79.339, 12.701], [79.344, 12.7], [79.345, 12.694], [79.357, 12.698], [79.354, 12.713], [79.358, 12.72], [79.366, 12.715], [79.366, 12.721], [79.379, 12.726], [79.379, 12.734], [79.39, 12.733], [79.39, 12.729], [79.395, 12.727], [79.393, 12.714], [79.381, 12.709], [79.395, 12.69], [79.356, 12.673], [79.354, 12.668], [79.359, 12.667], [79.363, 12.658], [79.354, 12.649], [79.357, 12.641], [79.38, 12.628], [79.408, 12.649], [79.41, 12.656], [79.427, 12.66], [79.442, 12.67], [79.451, 12.672], [79.453, 12.682], [79.461, 12.685], [79.457, 12.698], [79.465, 12.7], [79.466, 12.716], [79.476, 12.729], [79.472, 12.735], [79.468, 12.732], [79.456, 12.738], [79.455, 12.745], [79.462, 12.757], [79.467, 12.756], [79.466, 12.764], [79.474, 12.773], [79.461, 12.785], [79.462, 12.799], [79.475, 12.8], [79.477, 12.807], [79.457, 12.811], [79.461, 12.829], [79.457, 12.844], [79.461, 12.843], [79.463, 12.85], [79.473, 12.852], [79.473, 12.874], [79.455, 12.877], [79.425, 12.879], [79.39, 12.868], [79.378, 12.87], [79.362, 12.892], [79.331, 12.918], [79.32, 12.92], [79.318, 12.91], [79.313, 12.91], [79.307, 12.902], [79.301, 12.902], [79.305, 12.896], [79.314, 12.898], [79.309, 12.885], [79.319, 12.885], [79.317, 12.854], [79.307, 12.871], [79.277, 12.87], [79.27, 12.857], [79.271, 12.843], [79.266, 12.849], [79.235, 12.853], [79.241, 12.856], [79.243, 12.87], [79.226, 12.883], [79.224, 12.89], [79.237, 12.892], [79.232, 12.899], [79.236, 12.901], [79.241, 12.895], [79.248, 12.898], [79.259, 12.892], [79.262, 12.895], [79.269, 12.893], [79.277, 12.912], [79.274, 12.917], [79.246, 12.921], [79.24, 12.917], [79.215, 12.918], [79.206, 12.915], [79.201, 12.904], [79.206, 12.903], [79.21, 12.895], [79.204, 12.89], [79.196, 12.894], [79.193, 12.883], [79.179, 12.879], [79.177, 12.885], [79.155, 12.884], [79.149, 12.879], [79.147, 12.883], [79.143, 12.879], [79.13, 12.882], [79.128, 12.893]]]}}, {"type": "Feature", "properties": {"id": "TN-043", "ac_no": 43, "name": "Vellore", "district": "VELLORE", "pc": "VELLORE"}, "geometry": {"type": "Polygon", "coordinates": [[[79.218, 12.954], [79.199, 12.951], [79.169, 12.954], [79.148, 12.94], [79.11, 12.936], [79.109, 12.925], [79.101, 12.925], [79.094, 12.935], [79.081, 12.937], [79.085, 12.928], [79.092, 12.926], [79.092, 12.919], [79.09, 12.914], [79.071, 12.913], [79.07, 12.91], [79.077, 12.909], [79.078, 12.905], [79.092, 12.907], [79.094, 12.886], [79.1, 12.885], [79.108, 12.901], [79.113, 12.903], [79.122, 12.902], [79.128, 12.893], [79.13, 12.882], [79.143, 12.879], [79.147, 12.883], [79.149, 12.879], [79.155, 12.884], [79.177, 12.885], [79.179, 12.879], [79.193, 12.883], [79.196, 12.894], [79.204, 12.89], [79.21, 12.895], [79.206, 12.903], [79.201, 12.904], [79.194, 12.908], [79.194, 12.915], [79.191, 12.912], [79.189, 12.917], [79.191, 12.928], [79.216, 12.943], [79.218, 12.954]]]}}, {"type": "Feature", "properties": {"id": "TN-044", "ac_no": 44, "name": "Anaikattu", "district": "VELLORE", "pc": "VELLORE"}, "geometry": {"type": "Polygon", "coordinates": [[[79.081, 12.937], [79.064, 12.929], [79.041, 12.92], [78.998, 12.93], [78.972, 12.929], [78.969, 12.924], [78.916, 12.908], [78.908, 12.876], [78.9, 12.866], [78.907, 12.856], [78.903, 12.849], [78.899, 12.856], [78.889, 12.859], [78.876, 12.853], [78.879, 12.847], [78.892, 12.846], [78.899, 12.835], [78.902, 12.839], [78.903, 12.828], [78.894, 12.813], [78.9, 12.808], [78.9, 12.798], [78.894, 12.797], [78.901, 12.789], [78.919, 12.79], [78.919, 12.784], [78.913, 12.78], [78.913, 12.774], [78.887, 12.779], [78.862, 12.777], [78.85, 12.765], [78.847, 12.742], [78.852, 12.729], [78.886, 12.731], [78.863, 12.716], [78.863, 12.705], [78.873, 12.711], [78.875, 12.706], [78.858, 12.691], [78.859, 12.682], [78.845, 12.654], [78.874, 12.685], [78.873, 12.662], [78.883, 12.675], [78.881, 12.685], [78.886, 12.695], [78.896, 12.689], [78.897, 12.679], [78.912, 12.687], [78.928, 12.676], [78.944, 12.681], [78.943, 12.685], [78.95, 12.687], [78.948, 12.68], [78.971, 12.671], [78.971, 12.667], [78.981, 12.674], [78.979, 12.68], [78.984, 12.684], [78.987, 12.697], [78.994, 12.697], [78.994, 12.706], [79.007, 12.704], [79.024, 12.693], [79.009, 12.658], [79.013, 12.658], [79.014, 12.666], [79.027, 12.679], [79.024, 12.688], [79.03, 12.687], [79.042, 12.711], [79.051, 12.717], [79.058, 12.717], [79.057, 12.73], [79.064, 12.739], [79.058, 12.736], [79.072, 12.755], [79.081, 12.75], [79.094, 12.758], [79.1, 12.779], [79.094, 12.773], [79.09, 12.778], [79.109, 12.79], [79.098, 12.79], [79.096, 12.795], [79.107, 12.804], [79.114, 12.795], [79.124, 12.791], [79.116, 12.799], [79.124, 12.819], [79.119, 12.825], [79.126, 12.83], [79.124, 12.841], [79.137, 12.841], [79.139, 12.846], [79.132, 12.852], [79.111, 12.849], [79.107, 12.856], [79.108, 12.861], [79.12, 12.865], [79.118, 12.879], [79.126, 12.878], [79.128, 12.893], [79.122, 12.902], [79.113, 12.903], [79.108, 12.901], [79.1, 12.885], [79.094, 12.886], [79.092, 12.907], [79.078, 12.905], [79.077, 12.909], [79.07, 12.91], [79.071, 12.913], [79.09, 12.914], [79.092, 12.919], [79.092, 12.926], [79.085, 12.928], [79.081, 12.937]]]}}, {"type": "Feature", "properties": {"id": "TN-045", "ac_no": 45, "name": "Kilvaithinankuppam(SC", "district": "VELLORE", "pc": "VELLORE"}, "geometry": {"type": "Polygon", "coordinates": [[[79.006, 13.082], [78.982, 13.086], [78.972, 13.084], [78.97, 13.075], [78.962, 13.079], [78.955, 13.076], [78.949, 13.084], [78.941, 13.079], [78.924, 13.081], [78.922, 13.066], [78.912, 13.066], [78.904, 13.048], [78.918, 13.044], [78.929, 13.046], [78.941, 13.036], [78.937, 13.03], [78.929, 13.036], [78.892, 13.033], [78.889, 13.073], [78.896, 13.095], [78.875, 13.097], [78.87, 13.089], [78.871, 13.082], [78.861, 13.084], [78.842, 13.079], [78.814, 13.089], [78.798, 13.075], [78.794, 13.067], [78.807, 13.058], [78.814, 13.033], [78.858, 13.018], [78.853, 13.014], [78.851, 13.004], [78.831, 13.007], [78.83, 13.002], [78.836, 12.995], [78.832, 12.985], [78.826, 12.982], [78.834, 12.975], [78.832, 12.966], [78.836, 12.964], [78.839, 12.97], [78.85, 12.969], [78.854, 12.974], [78.862, 12.97], [78.862, 12.965], [78.852, 12.966], [78.851, 12.954], [78.834, 12.945], [78.824, 12.944], [78.821, 12.933], [78.818, 12.932], [78.821, 12.926], [78.816, 12.915], [78.823, 12.914], [78.826, 12.907], [78.849, 12.907], [78.865, 12.886], [78.887, 12.895], [78.903, 12.909], [78.916, 12.908], [78.969, 12.924], [78.972, 12.929], [78.998, 12.93], [79.041, 12.92], [79.064, 12.929], [79.067, 12.943], [79.071, 12.944], [79.061, 12.952], [79.072, 12.952], [79.075, 12.96], [79.082, 12.962], [79.082, 12.972], [79.09, 12.973], [79.086, 12.985], [79.093, 13.0], [79.082, 12.999], [79.075, 13.003], [79.085, 13.027], [79.081, 13.026], [79.063, 13.04], [79.063, 13.053], [79.039, 13.061], [79.037, 13.071], [79.009, 13.077], [79.006, 13.082]]]}}, {"type": "Feature", "properties": {"id": "TN-046", "ac_no": 46, "name": "Gudiyattam (SC)", "district": "VELLORE", "pc": "VELLORE"}, "geometry": {"type": "Polygon", "coordinates": [[[78.794, 13.067], [78.752, 13.055], [78.74, 13.064], [78.713, 13.069], [78.705, 13.016], [78.656, 13.031], [78.655, 13.016], [78.621, 12.991], [78.647, 12.966], [78.638, 12.965], [78.657, 12.932], [78.652, 12.929], [78.634, 12.931], [78.617, 12.889], [78.613, 12.868], [78.602, 12.851], [78.603, 12.843], [78.62, 12.822], [78.62, 12.814], [78.645, 12.807], [78.65, 12.81], [78.651, 12.83], [78.658, 12.831], [78.66, 12.84], [78.664, 12.839], [78.671, 12.824], [78.675, 12.823], [78.676, 12.799], [78.684, 12.794], [78.69, 12.799], [78.698, 12.796], [78.693, 12.789], [78.692, 12.775], [78.699, 12.766], [78.718, 12.799], [78.738, 12.805], [78.746, 12.825], [78.754, 12.824], [78.771, 12.834], [78.783, 12.847], [78.822, 12.861], [78.865, 12.886], [78.849, 12.907], [78.826, 12.907], [78.823, 12.914], [78.816, 12.915], [78.821, 12.926], [78.818, 12.932], [78.821, 12.933], [78.824, 12.944], [78.834, 12.945], [78.851, 12.954], [78.852, 12.966], [78.862, 12.965], [78.862, 12.97], [78.854, 12.974], [78.85, 12.969], [78.839, 12.97], [78.836, 12.964], [78.832, 12.966], [78.834, 12.975], [78.826, 12.982], [78.832, 12.985], [78.836, 12.995], [78.83, 13.002], [78.831, 13.007], [78.851, 13.004], [78.853, 13.014], [78.858, 13.018], [78.814, 13.033], [78.807, 13.058], [78.794, 13.067]]]}}, {"type": "Feature", "properties": {"id": "TN-047", "ac_no": 47, "name": "Vaniyambadi", "district": "VELLORE", "pc": "VELLORE"}, "geometry": {"type": "Polygon", "coordinates": [[[78.563, 12.735], [78.554, 12.718], [78.562, 12.71], [78.555, 12.707], [78.555, 12.699], [78.542, 12.691], [78.535, 12.691], [78.529, 12.709], [78.544, 12.711], [78.537, 12.713], [78.538, 12.717], [78.525, 12.716], [78.527, 12.722], [78.523, 12.719], [78.521, 12.736], [78.518, 12.725], [78.514, 12.725], [78.514, 12.735], [78.507, 12.737], [78.505, 12.743], [78.493, 12.747], [78.489, 12.742], [78.493, 12.736], [78.502, 12.731], [78.506, 12.723], [78.52, 12.719], [78.52, 12.712], [78.512, 12.708], [78.503, 12.717], [78.502, 12.704], [78.496, 12.703], [78.504, 12.699], [78.503, 12.692], [78.507, 12.691], [78.503, 12.69], [78.504, 12.682], [78.499, 12.675], [78.484, 12.672], [78.468, 12.676], [78.47, 12.651], [78.474, 12.647], [78.488, 12.645], [78.5, 12.626], [78.537, 12.605], [78.549, 12.632], [78.564, 12.637], [78.575, 12.657], [78.597, 12.658], [78.602, 12.666], [78.61, 12.664], [78.618, 12.653], [78.622, 12.643], [78.621, 12.629], [78.633, 12.631], [78.639, 12.616], [78.671, 12.618], [78.674, 12.623], [78.7, 12.593], [78.691, 12.571], [78.698, 12.569], [78.699, 12.557], [78.692, 12.547], [78.676, 12.54], [78.666, 12.543], [78.662, 12.551], [78.655, 12.552], [78.653, 12.543], [78.635, 12.537], [78.625, 12.542], [78.626, 12.518], [78.643, 12.513], [78.642, 12.502], [78.67, 12.495], [78.66, 12.463], [78.666, 12.451], [78.675, 12.449], [78.679, 12.453], [78.704, 12.485], [78.723, 12.466], [78.741, 12.496], [78.762, 12.501], [78.769, 12.528], [78.802, 12.531], [78.806, 12.536], [78.809, 12.557], [78.831, 12.609], [78.832, 12.641], [78.812, 12.639], [78.801, 12.644], [78.778, 12.666], [78.77, 12.68], [78.745, 12.678], [78.732, 12.659], [78.718, 12.666], [78.695, 12.668], [78.678, 12.679], [78.675, 12.693], [78.663, 12.699], [78.657, 12.699], [78.655, 12.69], [78.632, 12.697], [78.64, 12.72], [78.634, 12.723], [78.626, 12.719], [78.626, 12.711], [78.617, 12.709], [78.615, 12.692], [78.598, 12.696], [78.584, 12.71], [78.579, 12.736], [78.563, 12.735]]]}}, {"type": "Feature", "properties": {"id": "TN-048", "ac_no": 48, "name": "Ambur", "district": "VELLORE", "pc": "VELLORE"}, "geometry": {"type": "Polygon", "coordinates": [[[78.916, 12.908], [78.903, 12.909], [78.887, 12.895], [78.865, 12.886], [78.822, 12.861], [78.783, 12.847], [78.771, 12.834], [78.754, 12.824], [78.746, 12.825], [78.738, 12.805], [78.718, 12.799], [78.699, 12.766], [78.692, 12.775], [78.693, 12.789], [78.698, 12.796], [78.69, 12.799], [78.684, 12.794], [78.676, 12.799], [78.675, 12.823], [78.671, 12.824], [78.664, 12.839], [78.66, 12.84], [78.658, 12.831], [78.651, 12.83], [78.65, 12.81], [78.645, 12.807], [78.62, 12.814], [78.62, 12.822], [78.603, 12.843], [78.608, 12.822], [78.6, 12.819], [78.601, 12.804], [78.593, 12.798], [78.592, 12.783], [78.576, 12.772], [78.576, 12.767], [78.568, 12.767], [78.566, 12.759], [78.562, 12.762], [78.556, 12.756], [78.558, 12.75], [78.563, 12.752], [78.555, 12.739], [78.563, 12.735], [78.579, 12.736], [78.584, 12.71], [78.598, 12.696], [78.615, 12.692], [78.617, 12.709], [78.626, 12.711], [78.626, 12.719], [78.634, 12.723], [78.64, 12.72], [78.632, 12.697], [78.655, 12.69], [78.657, 12.699], [78.663, 12.699], [78.675, 12.693], [78.678, 12.679], [78.695, 12.668], [78.718, 12.666], [78.732, 12.659], [78.745, 12.678], [78.77, 12.68], [78.778, 12.666], [78.801, 12.644], [78.812, 12.639], [78.832, 12.641], [78.845, 12.641], [78.858, 12.633], [78.866, 12.632], [78.876, 12.654], [78.882, 12.656], [78.896, 12.689], [78.886, 12.695], [78.881, 12.685], [78.883, 12.675], [78.873, 12.662], [78.874, 12.685], [78.845, 12.654], [78.859, 12.682], [78.858, 12.691], [78.875, 12.706], [78.873, 12.711], [78.863, 12.705], [78.863, 12.716], [78.886, 12.731], [78.852, 12.729], [78.847, 12.742], [78.85, 12.765], [78.862, 12.777], [78.887, 12.779], [78.913, 12.774], [78.913, 12.78], [78.919, 12.784], [78.919, 12.79], [78.901, 12.789], [78.894, 12.797], [78.9, 12.798], [78.9, 12.808], [78.894, 12.813], [78.903, 12.828], [78.902, 12.839], [78.899, 12.835], [78.892, 12.846], [78.879, 12.847], [78.876, 12.853], [78.889, 12.859], [78.899, 12.856], [78.903, 12.849], [78.907, 12.856], [78.9, 12.866], [78.908, 12.876], [78.916, 12.908]]]}}, {"type": "Feature", "properties": {"id": "TN-049", "ac_no": 49, "name": "Jolarpet", "district": "VELLORE", "pc": "TIRUVANNAMALAI"}, "geometry": {"type": "Polygon", "coordinates": [[[78.474, 12.647], [78.47, 12.645], [78.472, 12.632], [78.465, 12.624], [78.458, 12.63], [78.435, 12.63], [78.427, 12.635], [78.412, 12.627], [78.407, 12.62], [78.41, 12.614], [78.407, 12.602], [78.41, 12.588], [78.421, 12.57], [78.413, 12.517], [78.419, 12.514], [78.415, 12.482], [78.418, 12.48], [78.442, 12.488], [78.448, 12.479], [78.457, 12.475], [78.459, 12.464], [78.468, 12.493], [78.484, 12.498], [78.5, 12.492], [78.51, 12.499], [78.515, 12.495], [78.528, 12.511], [78.527, 12.492], [78.563, 12.484], [78.57, 12.475], [78.584, 12.485], [78.599, 12.483], [78.607, 12.491], [78.632, 12.492], [78.642, 12.502], [78.643, 12.513], [78.626, 12.518], [78.625, 12.542], [78.635, 12.537], [78.653, 12.543], [78.655, 12.552], [78.662, 12.551], [78.666, 12.543], [78.676, 12.54], [78.692, 12.547], [78.699, 12.557], [78.698, 12.569], [78.691, 12.571], [78.7, 12.593], [78.674, 12.623], [78.671, 12.618], [78.639, 12.616], [78.633, 12.631], [78.621, 12.629], [78.622, 12.643], [78.618, 12.653], [78.61, 12.664], [78.602, 12.666], [78.597, 12.658], [78.575, 12.657], [78.564, 12.637], [78.549, 12.632], [78.537, 12.605], [78.5, 12.626], [78.488, 12.645], [78.474, 12.647]]]}}, {"type": "Feature", "properties": {"id": "TN-185", "ac_no": 50, "name": "Tiruppattur", "district": "VELLORE", "pc": "TIRUVANNAMALAI"}, "geometry": {"type": "Polygon", "coordinates": [[[78.832, 12.641], [78.831, 12.609], [78.809, 12.557], [78.806, 12.536], [78.802, 12.531], [78.769, 12.528], [78.762, 12.501], [78.741, 12.496], [78.723, 12.466], [78.704, 12.485], [78.679, 12.453], [78.675, 12.449], [78.666, 12.451], [78.66, 12.463], [78.67, 12.495], [78.642, 12.502], [78.632, 12.492], [78.607, 12.491], [78.599, 12.483], [78.584, 12.485], [78.57, 12.475], [78.563, 12.484], [78.527, 12.492], [78.528, 12.511], [78.515, 12.495], [78.51, 12.499], [78.5, 12.492], [78.484, 12.498], [78.468, 12.493], [78.459, 12.464], [78.457, 12.475], [78.448, 12.479], [78.442, 12.488], [78.418, 12.48], [78.434, 12.456], [78.442, 12.45], [78.45, 12.444], [78.447, 12.438], [78.455, 12.422], [78.434, 12.389], [78.46, 12.38], [78.464, 12.386], [78.489, 12.381], [78.492, 12.395], [78.489, 12.396], [78.496, 12.407], [78.5, 12.407], [78.509, 12.399], [78.514, 12.407], [78.526, 12.399], [78.543, 12.398], [78.556, 12.39], [78.567, 12.389], [78.584, 12.361], [78.617, 12.347], [78.611, 12.33], [78.605, 12.332], [78.588, 12.313], [78.593, 12.307], [78.598, 12.313], [78.61, 12.309], [78.613, 12.294], [78.604, 12.28], [78.604, 12.263], [78.61, 12.261], [78.617, 12.267], [78.624, 12.265], [78.641, 12.282], [78.64, 12.267], [78.635, 12.261], [78.648, 12.258], [78.678, 12.272], [78.694, 12.294], [78.703, 12.296], [78.71, 12.304], [78.729, 12.359], [78.729, 12.374], [78.743, 12.378], [78.751, 12.385], [78.769, 12.422], [78.769, 12.438], [78.758, 12.443], [78.772, 12.461], [78.778, 12.46], [78.776, 12.484], [78.79, 12.499], [78.796, 12.497], [78.806, 12.51], [78.821, 12.537], [78.837, 12.582], [78.858, 12.633], [78.845, 12.641], [78.832, 12.641]]]}}, {"type": "Feature", "properties": {"id": "TN-051", "ac_no": 51, "name": "Uthangarai (SC)", "district": "KRISHNAGIRI", "pc": "KRISHNAGIRI"}, "geometry": {"type": "Polygon", "coordinates": [[[78.442, 12.45], [78.436, 12.445], [78.426, 12.445], [78.416, 12.426], [78.41, 12.436], [78.411, 12.444], [78.392, 12.452], [78.39, 12.444], [78.377, 12.442], [78.376, 12.429], [78.369, 12.428], [78.363, 12.412], [78.377, 12.402], [78.386, 12.401], [78.404, 12.378], [78.386, 12.364], [78.389, 12.35], [78.383, 12.318], [78.365, 12.318], [78.351, 12.312], [78.336, 12.318], [78.331, 12.308], [78.326, 12.291], [78.355, 12.271], [78.349, 12.251], [78.358, 12.235], [78.355, 12.226], [78.363, 12.222], [78.369, 12.226], [78.379, 12.222], [78.384, 12.229], [78.403, 12.223], [78.392, 12.206], [78.379, 12.206], [78.375, 12.195], [78.382, 12.194], [78.391, 12.186], [78.398, 12.191], [78.399, 12.186], [78.412, 12.196], [78.42, 12.191], [78.444, 12.191], [78.447, 12.184], [78.474, 12.172], [78.466, 12.151], [78.491, 12.141], [78.507, 12.144], [78.515, 12.178], [78.554, 12.18], [78.573, 12.194], [78.584, 12.164], [78.596, 12.168], [78.613, 12.184], [78.633, 12.177], [78.644, 12.205], [78.657, 12.198], [78.667, 12.208], [78.671, 12.221], [78.664, 12.234], [78.65, 12.24], [78.653, 12.252], [78.648, 12.258], [78.635, 12.261], [78.64, 12.267], [78.641, 12.282], [78.624, 12.265], [78.617, 12.267], [78.61, 12.261], [78.604, 12.263], [78.604, 12.28], [78.613, 12.294], [78.61, 12.309], [78.598, 12.313], [78.593, 12.307], [78.588, 12.313], [78.605, 12.332], [78.611, 12.33], [78.617, 12.347], [78.584, 12.361], [78.567, 12.389], [78.556, 12.39], [78.543, 12.398], [78.526, 12.399], [78.514, 12.407], [78.509, 12.399], [78.5, 12.407], [78.496, 12.407], [78.489, 12.396], [78.492, 12.395], [78.489, 12.381], [78.464, 12.386], [78.46, 12.38], [78.434, 12.389], [78.455, 12.422], [78.447, 12.438], [78.45, 12.444], [78.442, 12.45]]]}}, {"type": "Feature", "properties": {"id": "TN-052", "ac_no": 52, "name": "Bargur", "district": "KRISHNAGIRI", "pc": "KRISHNAGIRI"}, "geometry": {"type": "Polygon", "coordinates": [[[78.412, 12.627], [78.371, 12.627], [78.344, 12.649], [78.332, 12.649], [78.318, 12.662], [78.303, 12.666], [78.298, 12.66], [78.3, 12.649], [78.291, 12.644], [78.287, 12.615], [78.282, 12.588], [78.286, 12.572], [78.264, 12.544], [78.26, 12.543], [78.262, 12.525], [78.248, 12.493], [78.26, 12.481], [78.263, 12.47], [78.26, 12.46], [78.248, 12.453], [78.256, 12.441], [78.252, 12.429], [78.26, 12.427], [78.263, 12.415], [78.245, 12.413], [78.243, 12.417], [78.227, 12.397], [78.232, 12.392], [78.236, 12.376], [78.25, 12.371], [78.249, 12.347], [78.258, 12.338], [78.249, 12.317], [78.237, 12.322], [78.226, 12.318], [78.234, 12.313], [78.236, 12.302], [78.261, 12.292], [78.26, 12.278], [78.268, 12.262], [78.276, 12.261], [78.3, 12.274], [78.32, 12.259], [78.33, 12.265], [78.349, 12.251], [78.355, 12.271], [78.326, 12.291], [78.331, 12.308], [78.336, 12.318], [78.351, 12.312], [78.365, 12.318], [78.383, 12.318], [78.389, 12.35], [78.386, 12.364], [78.404, 12.378], [78.386, 12.401], [78.377, 12.402], [78.363, 12.412], [78.369, 12.428], [78.376, 12.429], [78.377, 12.442], [78.39, 12.444], [78.392, 12.452], [78.411, 12.444], [78.41, 12.436], [78.416, 12.426], [78.426, 12.445], [78.436, 12.445], [78.442, 12.45], [78.434, 12.456], [78.418, 12.48], [78.415, 12.482], [78.419, 12.514], [78.413, 12.517], [78.421, 12.57], [78.41, 12.588], [78.407, 12.602], [78.41, 12.614], [78.407, 12.62], [78.412, 12.627]]]}}, {"type": "Feature", "properties": {"id": "TN-053", "ac_no": 53, "name": "Krishnagiri", "district": "KRISHNAGIRI", "pc": "KRISHNAGIRI"}, "geometry": {"type": "Polygon", "coordinates": [[[78.287, 12.615], [78.274, 12.61], [78.267, 12.617], [78.261, 12.596], [78.263, 12.592], [78.251, 12.593], [78.248, 12.599], [78.24, 12.589], [78.223, 12.599], [78.216, 12.608], [78.219, 12.613], [78.204, 12.615], [78.198, 12.605], [78.205, 12.579], [78.201, 12.569], [78.196, 12.565], [78.177, 12.563], [78.17, 12.571], [78.17, 12.578], [78.166, 12.579], [78.163, 12.574], [78.145, 12.579], [78.139, 12.576], [78.133, 12.581], [78.131, 12.588], [78.136, 12.596], [78.142, 12.593], [78.141, 12.599], [78.112, 12.611], [78.107, 12.596], [78.1, 12.591], [78.099, 12.572], [78.092, 12.56], [78.082, 12.558], [78.072, 12.535], [78.062, 12.532], [78.061, 12.52], [78.051, 12.505], [78.048, 12.475], [78.058, 12.465], [78.076, 12.461], [78.08, 12.449], [78.096, 12.443], [78.106, 12.45], [78.115, 12.451], [78.117, 12.447], [78.11, 12.438], [78.126, 12.434], [78.132, 12.425], [78.128, 12.41], [78.13, 12.394], [78.143, 12.37], [78.166, 12.363], [78.164, 12.351], [78.176, 12.333], [78.179, 12.336], [78.186, 12.332], [78.188, 12.335], [78.201, 12.333], [78.203, 12.328], [78.224, 12.342], [78.235, 12.345], [78.239, 12.344], [78.237, 12.336], [78.241, 12.331], [78.237, 12.322], [78.249, 12.317], [78.258, 12.338], [78.249, 12.347], [78.25, 12.371], [78.236, 12.376], [78.232, 12.392], [78.227, 12.397], [78.243, 12.417], [78.245, 12.413], [78.263, 12.415], [78.26, 12.427], [78.252, 12.429], [78.256, 12.441], [78.248, 12.453], [78.26, 12.46], [78.263, 12.47], [78.26, 12.481], [78.248, 12.493], [78.262, 12.525], [78.26, 12.543], [78.264, 12.544], [78.286, 12.572], [78.282, 12.588], [78.287, 12.615]]]}}, {"type": "Feature", "properties": {"id": "TN-054", "ac_no": 54, "name": "Veppanahalli", "district": "KRISHNAGIRI", "pc": "KRISHNAGIRI"}, "geometry": {"type": "Polygon", "coordinates": [[[78.086, 12.832], [78.074, 12.831], [78.077, 12.839], [78.06, 12.844], [78.058, 12.852], [78.052, 12.854], [78.049, 12.849], [78.031, 12.852], [78.031, 12.858], [78.026, 12.857], [78.024, 12.853], [78.029, 12.845], [78.024, 12.842], [78.019, 12.844], [78.018, 12.831], [78.004, 12.826], [78.015, 12.814], [78.008, 12.807], [78.002, 12.792], [77.991, 12.788], [77.995, 12.777], [77.991, 12.762], [77.956, 12.751], [77.94, 12.764], [77.932, 12.765], [77.912, 12.711], [77.902, 12.714], [77.895, 12.707], [77.894, 12.703], [77.909, 12.694], [77.909, 12.672], [77.898, 12.672], [77.874, 12.661], [77.872, 12.651], [77.876, 12.646], [77.862, 12.631], [77.862, 12.622], [77.885, 12.608], [77.898, 12.604], [77.905, 12.606], [77.916, 12.586], [77.913, 12.576], [77.893, 12.56], [77.899, 12.55], [77.896, 12.533], [77.909, 12.512], [77.92, 12.505], [77.939, 12.518], [77.956, 12.483], [77.982, 12.503], [77.988, 12.513], [77.992, 12.511], [77.994, 12.501], [78.016, 12.505], [78.012, 12.49], [78.022, 12.473], [78.019, 12.459], [78.032, 12.447], [78.038, 12.454], [78.04, 12.473], [78.048, 12.475], [78.051, 12.505], [78.061, 12.52], [78.062, 12.532], [78.072, 12.535], [78.082, 12.558], [78.092, 12.56], [78.099, 12.572], [78.1, 12.591], [78.107, 12.596], [78.112, 12.611], [78.141, 12.599], [78.142, 12.593], [78.136, 12.596], [78.131, 12.588], [78.133, 12.581], [78.139, 12.576], [78.145, 12.579], [78.163, 12.574], [78.166, 12.579], [78.17, 12.578], [78.17, 12.571], [78.177, 12.563], [78.196, 12.565], [78.201, 12.569], [78.205, 12.579], [78.198, 12.605], [78.204, 12.615], [78.219, 12.613], [78.216, 12.608], [78.223, 12.599], [78.24, 12.589], [78.248, 12.599], [78.251, 12.593], [78.263, 12.592], [78.261, 12.596], [78.267, 12.617], [78.274, 12.61], [78.287, 12.615], [78.291, 12.644], [78.3, 12.649], [78.298, 12.66], [78.303, 12.666], [78.271, 12.705], [78.244, 12.706], [78.239, 12.701], [78.238, 12.686], [78.211, 12.686], [78.21, 12.69], [78.2, 12.693], [78.21, 12.701], [78.207, 12.708], [78.218, 12.709], [78.227, 12.715], [78.231, 12.713], [78.241, 12.73], [78.231, 12.761], [78.195, 12.774], [78.177, 12.776], [78.168, 12.77], [78.134, 12.782], [78.125, 12.798], [78.09, 12.817], [78.086, 12.832]]]}}, {"type": "Feature", "properties": {"id": "TN-055", "ac_no": 55, "name": "Hosur", "district": "KRISHNAGIRI", "pc": "KRISHNAGIRI"}, "geometry": {"type": "Polygon", "coordinates": [[[77.836, 12.871], [77.822, 12.856], [77.815, 12.856], [77.808, 12.848], [77.799, 12.852], [77.797, 12.845], [77.792, 12.843], [77.796, 12.835], [77.81, 12.831], [77.81, 12.816], [77.802, 12.817], [77.8, 12.805], [77.808, 12.797], [77.798, 12.796], [77.779, 12.768], [77.795, 12.758], [77.792, 12.747], [77.785, 12.741], [77.77, 12.74], [77.763, 12.735], [77.761, 12.727], [77.775, 12.724], [77.77, 12.712], [77.766, 12.713], [77.764, 12.699], [77.759, 12.697], [77.765, 12.693], [77.765, 12.68], [77.77, 12.672], [77.778, 12.67], [77.781, 12.657], [77.756, 12.638], [77.773, 12.601], [77.766, 12.595], [77.762, 12.597], [77.757, 12.58], [77.761, 12.577], [77.768, 12.588], [77.777, 12.588], [77.78, 12.594], [77.788, 12.593], [77.794, 12.587], [77.801, 12.608], [77.816, 12.621], [77.817, 12.625], [77.808, 12.63], [77.817, 12.64], [77.817, 12.65], [77.83, 12.652], [77.851, 12.676], [77.855, 12.676], [77.86, 12.663], [77.874, 12.661], [77.898, 12.672], [77.909, 12.672], [77.909, 12.694], [77.894, 12.703], [77.895, 12.707], [77.902, 12.714], [77.912, 12.711], [77.932, 12.765], [77.94, 12.764], [77.956, 12.751], [77.991, 12.762], [77.995, 12.777], [77.991, 12.788], [78.002, 12.792], [78.008, 12.807], [77.988, 12.809], [77.99, 12.822], [77.979, 12.828], [77.98, 12.835], [77.964, 12.834], [77.966, 12.849], [77.953, 12.85], [77.951, 12.857], [77.941, 12.855], [77.941, 12.845], [77.947, 12.838], [77.941, 12.823], [77.926, 12.83], [77.921, 12.828], [77.918, 12.839], [77.923, 12.856], [77.941, 12.868], [77.942, 12.872], [77.928, 12.874], [77.927, 12.882], [77.936, 12.883], [77.929, 12.891], [77.922, 12.884], [77.909, 12.885], [77.908, 12.879], [77.895, 12.878], [77.89, 12.87], [77.867, 12.868], [77.85, 12.866], [77.836, 12.871]]]}}, {"type": "Feature", "properties": {"id": "TN-056", "ac_no": 56, "name": "Thalli", "district": "KRISHNAGIRI", "pc": "KRISHNAGIRI"}, "geometry": {"type": "Polygon", "coordinates": [[[77.759, 12.697], [77.74, 12.701], [77.735, 12.693], [77.741, 12.685], [77.74, 12.674], [77.725, 12.671], [77.723, 12.679], [77.712, 12.683], [77.711, 12.667], [77.701, 12.661], [77.678, 12.661], [77.677, 12.679], [77.66, 12.684], [77.599, 12.668], [77.597, 12.658], [77.596, 12.649], [77.606, 12.629], [77.591, 12.615], [77.591, 12.592], [77.579, 12.573], [77.581, 12.551], [77.586, 12.546], [77.587, 12.515], [77.612, 12.515], [77.616, 12.51], [77.615, 12.505], [77.584, 12.479], [77.607, 12.475], [77.626, 12.496], [77.635, 12.487], [77.627, 12.459], [77.626, 12.431], [77.63, 12.418], [77.623, 12.412], [77.617, 12.368], [77.613, 12.361], [77.601, 12.359], [77.592, 12.34], [77.579, 12.336], [77.566, 12.306], [77.558, 12.306], [77.551, 12.291], [77.533, 12.291], [77.527, 12.279], [77.514, 12.276], [77.5, 12.283], [77.487, 12.28], [77.479, 12.271], [77.473, 12.243], [77.483, 12.23], [77.472, 12.208], [77.486, 12.204], [77.493, 12.197], [77.519, 12.194], [77.546, 12.205], [77.566, 12.197], [77.574, 12.201], [77.597, 12.199], [77.609, 12.206], [77.621, 12.2], [77.63, 12.202], [77.638, 12.197], [77.659, 12.199], [77.702, 12.184], [77.731, 12.18], [77.746, 12.157], [77.761, 12.168], [77.775, 12.17], [77.778, 12.159], [77.795, 12.148], [77.795, 12.165], [77.81, 12.199], [77.815, 12.234], [77.834, 12.245], [77.847, 12.264], [77.859, 12.258], [77.867, 12.266], [77.875, 12.294], [77.875, 12.325], [77.869, 12.329], [77.878, 12.335], [77.925, 12.324], [77.952, 12.337], [77.95, 12.345], [77.955, 12.355], [77.95, 12.374], [77.97, 12.397], [77.972, 12.412], [77.947, 12.448], [77.928, 12.453], [77.93, 12.475], [77.919, 12.493], [77.896, 12.493], [77.892, 12.499], [77.909, 12.512], [77.896, 12.533], [77.899, 12.55], [77.893, 12.56], [77.913, 12.576], [77.916, 12.586], [77.905, 12.606], [77.898, 12.604], [77.885, 12.608], [77.862, 12.622], [77.862, 12.631], [77.876, 12.646], [77.872, 12.651], [77.874, 12.661], [77.86, 12.663], [77.855, 12.676], [77.851, 12.676], [77.83, 12.652], [77.817, 12.65], [77.817, 12.64], [77.808, 12.63], [77.817, 12.625], [77.816, 12.621], [77.801, 12.608], [77.794, 12.587], [77.788, 12.593], [77.78, 12.594], [77.777, 12.588], [77.768, 12.588], [77.761, 12.577], [77.757, 12.58], [77.762, 12.597], [77.766, 12.595], [77.773, 12.601], [77.756, 12.638], [77.781, 12.657], [77.778, 12.67], [77.77, 12.672], [77.765, 12.68], [77.765, 12.693], [77.759, 12.697]]]}}, {"type": "Feature", "properties": {"id": "TN-057", "ac_no": 57, "name": "Palacodu", "district": "DHARMAPURI", "pc": "DHARMAPURI"}, "geometry": {"type": "Polygon", "coordinates": [[[78.048, 12.475], [78.04, 12.473], [78.038, 12.454], [78.032, 12.447], [78.019, 12.459], [78.022, 12.473], [78.012, 12.49], [78.016, 12.505], [77.994, 12.501], [77.992, 12.511], [77.988, 12.513], [77.982, 12.503], [77.956, 12.483], [77.939, 12.518], [77.92, 12.505], [77.909, 12.512], [77.892, 12.499], [77.896, 12.493], [77.919, 12.493], [77.93, 12.475], [77.928, 12.453], [77.947, 12.448], [77.972, 12.412], [77.97, 12.397], [77.95, 12.374], [77.955, 12.355], [77.95, 12.345], [77.952, 12.337], [77.925, 12.324], [77.928, 12.309], [77.953, 12.281], [77.958, 12.269], [77.974, 12.263], [77.978, 12.259], [77.999, 12.26], [78.021, 12.27], [78.05, 12.276], [78.072, 12.268], [78.074, 12.241], [78.079, 12.24], [78.084, 12.245], [78.09, 12.242], [78.09, 12.237], [78.094, 12.239], [78.092, 12.247], [78.099, 12.25], [78.116, 12.231], [78.125, 12.244], [78.13, 12.245], [78.133, 12.241], [78.13, 12.238], [78.14, 12.229], [78.143, 12.212], [78.14, 12.202], [78.145, 12.187], [78.151, 12.192], [78.171, 12.193], [78.169, 12.2], [78.181, 12.207], [78.191, 12.203], [78.202, 12.207], [78.203, 12.201], [78.223, 12.217], [78.236, 12.218], [78.248, 12.227], [78.254, 12.226], [78.262, 12.245], [78.27, 12.25], [78.276, 12.261], [78.268, 12.262], [78.26, 12.278], [78.261, 12.292], [78.236, 12.302], [78.234, 12.313], [78.226, 12.318], [78.237, 12.322], [78.241, 12.331], [78.237, 12.336], [78.239, 12.344], [78.235, 12.345], [78.224, 12.342], [78.203, 12.328], [78.201, 12.333], [78.188, 12.335], [78.186, 12.332], [78.179, 12.336], [78.176, 12.333], [78.164, 12.351], [78.166, 12.363], [78.143, 12.37], [78.13, 12.394], [78.128, 12.41], [78.132, 12.425], [78.126, 12.434], [78.11, 12.438], [78.117, 12.447], [78.115, 12.451], [78.106, 12.45], [78.096, 12.443], [78.08, 12.449], [78.076, 12.461], [78.058, 12.465], [78.048, 12.475]]]}}, {"type": "Feature", "properties": {"id": "TN-058", "ac_no": 58, "name": "Pennagaram", "district": "DHARMAPURI", "pc": "DHARMAPURI"}, "geometry": {"type": "Polygon", "coordinates": [[[78.145, 12.187], [78.14, 12.202], [78.143, 12.212], [78.14, 12.229], [78.13, 12.238], [78.133, 12.241], [78.13, 12.245], [78.125, 12.244], [78.116, 12.231], [78.099, 12.25], [78.092, 12.247], [78.094, 12.239], [78.09, 12.237], [78.09, 12.242], [78.084, 12.245], [78.079, 12.24], [78.074, 12.241], [78.072, 12.268], [78.05, 12.276], [78.021, 12.27], [77.999, 12.26], [77.978, 12.259], [77.974, 12.263], [77.958, 12.269], [77.953, 12.281], [77.928, 12.309], [77.925, 12.324], [77.878, 12.335], [77.869, 12.329], [77.875, 12.325], [77.875, 12.294], [77.867, 12.266], [77.859, 12.258], [77.847, 12.264], [77.834, 12.245], [77.815, 12.234], [77.81, 12.199], [77.795, 12.165], [77.795, 12.148], [77.778, 12.159], [77.775, 12.17], [77.761, 12.168], [77.746, 12.157], [77.751, 12.137], [77.774, 12.121], [77.776, 12.112], [77.768, 12.107], [77.756, 12.08], [77.728, 12.062], [77.709, 12.036], [77.675, 11.966], [77.676, 11.952], [77.691, 11.942], [77.738, 11.94], [77.74, 11.932], [77.75, 11.928], [77.762, 11.91], [77.807, 11.909], [77.848, 11.895], [77.85, 11.905], [77.867, 11.916], [77.873, 11.911], [77.883, 11.912], [77.895, 11.908], [77.905, 11.9], [77.934, 11.9], [77.929, 11.908], [77.937, 11.953], [77.948, 11.966], [77.964, 11.964], [77.966, 11.968], [77.955, 11.974], [77.954, 11.979], [77.958, 11.98], [77.959, 11.975], [77.97, 11.982], [77.965, 11.991], [77.982, 12.019], [77.987, 12.017], [77.988, 12.022], [77.992, 12.02], [78.001, 12.024], [78.001, 12.02], [78.01, 12.015], [78.039, 12.053], [78.012, 12.07], [78.006, 12.063], [77.987, 12.062], [77.976, 12.055], [77.953, 12.077], [77.929, 12.079], [77.928, 12.083], [77.936, 12.096], [77.938, 12.088], [77.951, 12.089], [77.957, 12.101], [77.952, 12.124], [77.972, 12.137], [77.985, 12.133], [78.012, 12.137], [78.019, 12.157], [78.039, 12.181], [78.049, 12.185], [78.055, 12.182], [78.064, 12.193], [78.073, 12.187], [78.095, 12.194], [78.114, 12.178], [78.139, 12.182], [78.145, 12.187]]]}}, {"type": "Feature", "properties": {"id": "TN-059", "ac_no": 59, "name": "Dharmapuri", "district": "DHARMAPURI", "pc": "DHARMAPURI"}, "geometry": {"type": "Polygon", "coordinates": [[[78.114, 12.178], [78.095, 12.194], [78.073, 12.187], [78.064, 12.193], [78.055, 12.182], [78.049, 12.185], [78.039, 12.181], [78.019, 12.157], [78.012, 12.137], [77.985, 12.133], [77.972, 12.137], [77.952, 12.124], [77.957, 12.101], [77.951, 12.089], [77.938, 12.088], [77.936, 12.096], [77.928, 12.083], [77.929, 12.079], [77.953, 12.077], [77.976, 12.055], [77.987, 12.062], [78.006, 12.063], [78.012, 12.07], [78.039, 12.053], [78.01, 12.015], [78.001, 12.02], [78.001, 12.024], [77.992, 12.02], [77.988, 12.022], [77.987, 12.017], [77.982, 12.019], [77.965, 11.991], [77.97, 11.982], [77.959, 11.975], [77.958, 11.98], [77.954, 11.979], [77.955, 11.974], [77.966, 11.968], [77.964, 11.964], [77.948, 11.966], [77.937, 11.953], [77.929, 11.908], [77.934, 11.9], [77.948, 11.895], [77.956, 11.901], [77.978, 11.897], [77.98, 11.903], [77.998, 11.909], [78.011, 11.922], [78.027, 11.921], [78.035, 11.935], [78.061, 11.938], [78.074, 11.937], [78.1, 11.956], [78.119, 11.96], [78.115, 11.973], [78.127, 11.987], [78.153, 11.988], [78.141, 12.005], [78.159, 12.033], [78.173, 12.029], [78.192, 12.037], [78.192, 12.041], [78.183, 12.041], [78.181, 12.046], [78.188, 12.054], [78.175, 12.059], [78.169, 12.056], [78.158, 12.086], [78.147, 12.089], [78.148, 12.101], [78.161, 12.104], [78.172, 12.127], [78.192, 12.121], [78.196, 12.129], [78.198, 12.123], [78.206, 12.123], [78.209, 12.135], [78.178, 12.152], [78.169, 12.143], [78.158, 12.15], [78.156, 12.142], [78.144, 12.142], [78.132, 12.124], [78.121, 12.125], [78.114, 12.131], [78.104, 12.152], [78.114, 12.178]]]}}, {"type": "Feature", "properties": {"id": "TN-060", "ac_no": 60, "name": "Pappireddippatti", "district": "DHARMAPURI", "pc": "DHARMAPURI"}, "geometry": {"type": "Polygon", "coordinates": [[[78.254, 12.226], [78.248, 12.227], [78.236, 12.218], [78.223, 12.217], [78.203, 12.201], [78.202, 12.207], [78.191, 12.203], [78.181, 12.207], [78.169, 12.2], [78.171, 12.193], [78.151, 12.192], [78.145, 12.187], [78.139, 12.182], [78.114, 12.178], [78.104, 12.152], [78.114, 12.131], [78.121, 12.125], [78.132, 12.124], [78.144, 12.142], [78.156, 12.142], [78.158, 12.15], [78.169, 12.143], [78.178, 12.152], [78.209, 12.135], [78.206, 12.123], [78.198, 12.123], [78.196, 12.129], [78.192, 12.121], [78.172, 12.127], [78.161, 12.104], [78.148, 12.101], [78.147, 12.089], [78.158, 12.086], [78.169, 12.056], [78.175, 12.059], [78.188, 12.054], [78.181, 12.046], [78.183, 12.041], [78.192, 12.041], [78.192, 12.037], [78.173, 12.029], [78.159, 12.033], [78.141, 12.005], [78.153, 11.988], [78.127, 11.987], [78.115, 11.973], [78.119, 11.96], [78.14, 11.967], [78.235, 11.979], [78.245, 11.969], [78.252, 11.95], [78.25, 11.938], [78.236, 11.918], [78.255, 11.934], [78.256, 11.94], [78.273, 11.939], [78.263, 11.927], [78.26, 11.911], [78.277, 11.931], [78.29, 11.932], [78.293, 11.929], [78.288, 11.924], [78.28, 11.923], [78.28, 11.913], [78.269, 11.899], [78.272, 11.897], [78.293, 11.906], [78.292, 11.914], [78.319, 11.932], [78.329, 11.926], [78.332, 11.919], [78.323, 11.904], [78.327, 11.899], [78.308, 11.881], [78.335, 11.9], [78.34, 11.897], [78.357, 11.914], [78.36, 11.908], [78.353, 11.894], [78.368, 11.889], [78.387, 11.89], [78.407, 11.902], [78.42, 11.9], [78.45, 11.944], [78.462, 11.935], [78.478, 11.95], [78.482, 11.962], [78.472, 11.974], [78.466, 11.967], [78.462, 11.976], [78.448, 11.982], [78.446, 11.989], [78.431, 11.981], [78.421, 11.987], [78.424, 12.001], [78.44, 12.007], [78.441, 12.02], [78.448, 12.023], [78.443, 12.028], [78.431, 12.029], [78.436, 12.049], [78.445, 12.059], [78.443, 12.065], [78.431, 12.072], [78.422, 12.063], [78.406, 12.059], [78.395, 12.047], [78.385, 12.062], [78.391, 12.084], [78.375, 12.084], [78.373, 12.092], [78.368, 12.094], [78.361, 12.089], [78.356, 12.094], [78.361, 12.11], [78.369, 12.115], [78.351, 12.123], [78.331, 12.109], [78.322, 12.109], [78.325, 12.114], [78.318, 12.119], [78.32, 12.139], [78.294, 12.141], [78.287, 12.148], [78.291, 12.156], [78.287, 12.162], [78.275, 12.166], [78.269, 12.179], [78.281, 12.195], [78.282, 12.204], [78.277, 12.205], [78.279, 12.217], [78.269, 12.224], [78.254, 12.226]]]}}, {"type": "Feature", "properties": {"id": "TN-061", "ac_no": 61, "name": "Harur (SC)", "district": "DHARMAPURI", "pc": "DHARMAPURI"}, "geometry": {"type": "Polygon", "coordinates": [[[78.349, 12.251], [78.33, 12.265], [78.32, 12.259], [78.3, 12.274], [78.276, 12.261], [78.27, 12.25], [78.262, 12.245], [78.254, 12.226], [78.269, 12.224], [78.279, 12.217], [78.277, 12.205], [78.282, 12.204], [78.281, 12.195], [78.269, 12.179], [78.275, 12.166], [78.287, 12.162], [78.291, 12.156], [78.287, 12.148], [78.294, 12.141], [78.32, 12.139], [78.318, 12.119], [78.325, 12.114], [78.322, 12.109], [78.331, 12.109], [78.351, 12.123], [78.369, 12.115], [78.361, 12.11], [78.356, 12.094], [78.361, 12.089], [78.368, 12.094], [78.373, 12.092], [78.375, 12.084], [78.391, 12.084], [78.385, 12.062], [78.395, 12.047], [78.406, 12.059], [78.422, 12.063], [78.431, 12.072], [78.443, 12.065], [78.445, 12.059], [78.436, 12.049], [78.431, 12.029], [78.443, 12.028], [78.448, 12.023], [78.441, 12.02], [78.44, 12.007], [78.424, 12.001], [78.421, 11.987], [78.431, 11.981], [78.446, 11.989], [78.448, 11.982], [78.462, 11.976], [78.466, 11.967], [78.472, 11.974], [78.482, 11.962], [78.478, 11.95], [78.462, 11.935], [78.45, 11.944], [78.42, 11.9], [78.407, 11.902], [78.387, 11.89], [78.368, 11.889], [78.367, 11.88], [78.356, 11.864], [78.351, 11.848], [78.348, 11.848], [78.351, 11.845], [78.347, 11.84], [78.351, 11.834], [78.329, 11.797], [78.313, 11.783], [78.322, 11.778], [78.329, 11.776], [78.346, 11.793], [78.352, 11.793], [78.382, 11.828], [78.403, 11.874], [78.414, 11.88], [78.441, 11.869], [78.433, 11.862], [78.44, 11.84], [78.449, 11.83], [78.469, 11.824], [78.474, 11.818], [78.512, 11.812], [78.522, 11.816], [78.54, 11.805], [78.573, 11.82], [78.597, 11.824], [78.608, 11.848], [78.627, 11.872], [78.634, 11.875], [78.634, 11.889], [78.652, 11.885], [78.66, 11.895], [78.69, 11.904], [78.694, 11.894], [78.708, 11.897], [78.711, 11.908], [78.724, 11.92], [78.704, 11.939], [78.709, 11.951], [78.713, 11.951], [78.71, 11.967], [78.717, 11.984], [78.703, 11.987], [78.697, 11.992], [78.702, 11.999], [78.704, 12.029], [78.72, 12.069], [78.728, 12.1], [78.736, 12.111], [78.734, 12.113], [78.745, 12.124], [78.738, 12.134], [78.728, 12.127], [78.691, 12.115], [78.684, 12.106], [78.661, 12.102], [78.664, 12.115], [78.657, 12.125], [78.649, 12.129], [78.631, 12.128], [78.636, 12.147], [78.642, 12.15], [78.648, 12.163], [78.633, 12.177], [78.613, 12.184], [78.596, 12.168], [78.584, 12.164], [78.573, 12.194], [78.554, 12.18], [78.515, 12.178], [78.507, 12.144], [78.491, 12.141], [78.466, 12.151], [78.474, 12.172], [78.447, 12.184], [78.444, 12.191], [78.42, 12.191], [78.412, 12.196], [78.399, 12.186], [78.398, 12.191], [78.391, 12.186], [78.382, 12.194], [78.375, 12.195], [78.379, 12.206], [78.392, 12.206], [78.403, 12.223], [78.384, 12.229], [78.379, 12.222], [78.369, 12.226], [78.363, 12.222], [78.355, 12.226], [78.358, 12.235], [78.349, 12.251]]]}}, {"type": "Feature", "properties": {"id": "TN-062", "ac_no": 62, "name": "Chengam (SC)", "district": "TIRUVANNAMALAI", "pc": "TIRUVANNAMALAI"}, "geometry": {"type": "Polygon", "coordinates": [[[78.837, 12.582], [78.821, 12.537], [78.806, 12.51], [78.796, 12.497], [78.79, 12.499], [78.776, 12.484], [78.778, 12.46], [78.772, 12.461], [78.758, 12.443], [78.769, 12.438], [78.769, 12.422], [78.751, 12.385], [78.743, 12.378], [78.729, 12.374], [78.729, 12.359], [78.71, 12.304], [78.703, 12.296], [78.694, 12.294], [78.678, 12.272], [78.648, 12.258], [78.653, 12.252], [78.65, 12.24], [78.664, 12.234], [78.671, 12.221], [78.667, 12.208], [78.657, 12.198], [78.644, 12.205], [78.633, 12.177], [78.648, 12.163], [78.642, 12.15], [78.636, 12.147], [78.631, 12.128], [78.649, 12.129], [78.657, 12.125], [78.664, 12.115], [78.661, 12.102], [78.684, 12.106], [78.691, 12.115], [78.728, 12.127], [78.738, 12.134], [78.745, 12.124], [78.734, 12.113], [78.736, 12.111], [78.728, 12.1], [78.72, 12.069], [78.704, 12.029], [78.702, 11.999], [78.697, 11.992], [78.703, 11.987], [78.717, 11.984], [78.718, 11.988], [78.738, 11.987], [78.737, 11.994], [78.746, 11.997], [78.757, 12.012], [78.776, 12.007], [78.804, 12.02], [78.816, 12.01], [78.83, 12.008], [78.856, 12.013], [78.88, 12.027], [78.897, 12.018], [78.915, 12.015], [78.958, 12.068], [78.964, 12.065], [78.98, 12.066], [78.988, 12.055], [78.996, 12.068], [79.005, 12.089], [78.984, 12.1], [78.988, 12.121], [78.984, 12.129], [78.992, 12.137], [78.984, 12.147], [78.972, 12.141], [78.966, 12.113], [78.961, 12.114], [78.961, 12.13], [78.954, 12.15], [78.957, 12.179], [78.966, 12.181], [78.974, 12.177], [78.977, 12.183], [78.969, 12.198], [78.949, 12.213], [78.959, 12.224], [78.961, 12.247], [78.976, 12.245], [78.983, 12.239], [78.97, 12.213], [78.977, 12.203], [78.98, 12.206], [78.994, 12.203], [78.996, 12.208], [79.008, 12.209], [79.007, 12.224], [78.999, 12.224], [78.997, 12.229], [78.999, 12.235], [79.007, 12.237], [78.996, 12.246], [79.023, 12.27], [79.022, 12.276], [79.01, 12.283], [78.976, 12.273], [78.964, 12.275], [78.956, 12.283], [78.946, 12.281], [78.944, 12.287], [78.932, 12.27], [78.914, 12.276], [78.901, 12.268], [78.891, 12.28], [78.874, 12.267], [78.873, 12.279], [78.858, 12.279], [78.84, 12.285], [78.836, 12.291], [78.84, 12.303], [78.833, 12.308], [78.834, 12.327], [78.849, 12.331], [78.851, 12.346], [78.868, 12.358], [78.867, 12.373], [78.877, 12.366], [78.895, 12.377], [78.894, 12.397], [78.876, 12.423], [78.894, 12.441], [78.875, 12.469], [78.882, 12.503], [78.896, 12.52], [78.892, 12.535], [78.896, 12.556], [78.872, 12.583], [78.861, 12.585], [78.85, 12.579], [78.837, 12.582]]]}}, {"type": "Feature", "properties": {"id": "TN-063", "ac_no": 63, "name": "Tiruvannamalai", "district": "TIRUVANNAMALAI", "pc": "TIRUVANNAMALAI"}, "geometry": {"type": "Polygon", "coordinates": [[[79.041, 12.303], [79.029, 12.294], [79.017, 12.292], [79.01, 12.283], [79.022, 12.276], [79.023, 12.27], [78.996, 12.246], [79.007, 12.237], [78.999, 12.235], [78.997, 12.229], [78.999, 12.224], [79.007, 12.224], [79.008, 12.209], [78.996, 12.208], [78.994, 12.203], [78.98, 12.206], [78.977, 12.203], [78.97, 12.213], [78.983, 12.239], [78.976, 12.245], [78.961, 12.247], [78.959, 12.224], [78.949, 12.213], [78.969, 12.198], [78.977, 12.183], [78.974, 12.177], [78.966, 12.181], [78.957, 12.179], [78.954, 12.15], [78.961, 12.13], [78.961, 12.114], [78.966, 12.113], [78.972, 12.141], [78.984, 12.147], [78.992, 12.137], [78.984, 12.129], [78.988, 12.121], [78.984, 12.1], [79.005, 12.089], [78.996, 12.068], [79.031, 12.064], [79.022, 12.057], [79.022, 12.05], [79.052, 12.036], [79.06, 12.052], [79.068, 12.052], [79.061, 12.06], [79.063, 12.07], [79.079, 12.071], [79.085, 12.081], [79.091, 12.078], [79.101, 12.098], [79.087, 12.106], [79.093, 12.125], [79.109, 12.118], [79.113, 12.133], [79.126, 12.136], [79.129, 12.132], [79.128, 12.14], [79.132, 12.142], [79.129, 12.157], [79.137, 12.155], [79.142, 12.164], [79.129, 12.167], [79.126, 12.175], [79.123, 12.175], [79.123, 12.178], [79.128, 12.178], [79.123, 12.181], [79.124, 12.188], [79.115, 12.19], [79.124, 12.191], [79.123, 12.197], [79.127, 12.2], [79.136, 12.201], [79.132, 12.211], [79.14, 12.208], [79.146, 12.213], [79.13, 12.218], [79.126, 12.227], [79.128, 12.23], [79.134, 12.23], [79.136, 12.237], [79.128, 12.243], [79.13, 12.257], [79.112, 12.271], [79.114, 12.28], [79.095, 12.288], [79.089, 12.286], [79.088, 12.281], [79.081, 12.289], [79.073, 12.29], [79.072, 12.28], [79.055, 12.28], [79.041, 12.303]]]}}, {"type": "Feature", "properties": {"id": "TN-064", "ac_no": 64, "name": "Kilpennathur", "district": "TIRUVANNAMALAI", "pc": "TIRUVANNAMALAI"}, "geometry": {"type": "Polygon", "coordinates": [[[79.2, 12.387], [79.192, 12.381], [79.177, 12.382], [79.174, 12.411], [79.138, 12.404], [79.144, 12.417], [79.136, 12.435], [79.122, 12.433], [79.119, 12.425], [79.122, 12.401], [79.094, 12.411], [79.087, 12.409], [79.079, 12.423], [79.058, 12.422], [79.056, 12.412], [79.046, 12.413], [79.045, 12.397], [79.029, 12.396], [79.036, 12.419], [79.007, 12.415], [79.01, 12.391], [79.017, 12.389], [79.033, 12.361], [79.032, 12.346], [79.027, 12.346], [79.03, 12.34], [79.026, 12.337], [79.043, 12.311], [79.041, 12.303], [79.055, 12.28], [79.072, 12.28], [79.073, 12.29], [79.081, 12.289], [79.088, 12.281], [79.089, 12.286], [79.095, 12.288], [79.114, 12.28], [79.112, 12.271], [79.13, 12.257], [79.128, 12.243], [79.136, 12.237], [79.134, 12.23], [79.128, 12.23], [79.126, 12.227], [79.13, 12.218], [79.146, 12.213], [79.14, 12.208], [79.132, 12.211], [79.136, 12.201], [79.127, 12.2], [79.123, 12.197], [79.124, 12.191], [79.115, 12.19], [79.124, 12.188], [79.123, 12.181], [79.128, 12.178], [79.123, 12.178], [79.123, 12.175], [79.126, 12.175], [79.129, 12.167], [79.142, 12.164], [79.137, 12.155], [79.129, 12.157], [79.132, 12.142], [79.128, 12.14], [79.129, 12.132], [79.126, 12.136], [79.113, 12.133], [79.109, 12.118], [79.093, 12.125], [79.087, 12.106], [79.101, 12.098], [79.091, 12.078], [79.098, 12.066], [79.088, 12.043], [79.08, 12.047], [79.076, 12.044], [79.081, 12.039], [79.079, 12.032], [79.093, 12.031], [79.095, 12.025], [79.106, 12.02], [79.112, 12.027], [79.125, 12.019], [79.136, 12.026], [79.139, 12.038], [79.147, 12.044], [79.173, 12.03], [79.176, 12.047], [79.19, 12.049], [79.201, 12.071], [79.209, 12.072], [79.215, 12.065], [79.234, 12.06], [79.24, 12.072], [79.238, 12.077], [79.243, 12.081], [79.249, 12.079], [79.26, 12.083], [79.27, 12.104], [79.278, 12.107], [79.277, 12.125], [79.259, 12.13], [79.259, 12.135], [79.249, 12.14], [79.246, 12.147], [79.236, 12.15], [79.238, 12.154], [79.211, 12.166], [79.214, 12.184], [79.209, 12.187], [79.218, 12.198], [79.223, 12.184], [79.235, 12.183], [79.231, 12.19], [79.233, 12.198], [79.216, 12.211], [79.219, 12.215], [79.236, 12.211], [79.237, 12.217], [79.225, 12.221], [79.248, 12.241], [79.241, 12.249], [79.244, 12.273], [79.261, 12.277], [79.267, 12.289], [79.28, 12.292], [79.273, 12.305], [79.285, 12.306], [79.289, 12.318], [79.251, 12.323], [79.246, 12.316], [79.234, 12.316], [79.234, 12.33], [79.221, 12.333], [79.217, 12.339], [79.198, 12.343], [79.221, 12.35], [79.227, 12.342], [79.239, 12.346], [79.232, 12.362], [79.224, 12.368], [79.227, 12.373], [79.237, 12.368], [79.244, 12.373], [79.248, 12.384], [79.242, 12.397], [79.227, 12.402], [79.216, 12.401], [79.2, 12.387]]]}}, {"type": "Feature", "properties": {"id": "TN-065", "ac_no": 65, "name": "Kalasapakkam", "district": "TIRUVANNAMALAI", "pc": "TIRUVANNAMALAI"}, "geometry": {"type": "Polygon", "coordinates": [[[79.094, 12.758], [79.081, 12.75], [79.072, 12.755], [79.058, 12.736], [79.064, 12.739], [79.057, 12.73], [79.058, 12.717], [79.051, 12.717], [79.042, 12.711], [79.03, 12.687], [79.024, 12.688], [79.027, 12.679], [79.014, 12.666], [79.013, 12.658], [79.009, 12.658], [79.024, 12.693], [79.007, 12.704], [78.994, 12.706], [78.994, 12.697], [78.987, 12.697], [78.984, 12.684], [78.979, 12.68], [78.981, 12.674], [78.971, 12.667], [78.971, 12.671], [78.948, 12.68], [78.95, 12.687], [78.943, 12.685], [78.944, 12.681], [78.928, 12.676], [78.912, 12.687], [78.897, 12.679], [78.896, 12.689], [78.882, 12.656], [78.876, 12.654], [78.866, 12.632], [78.858, 12.633], [78.837, 12.582], [78.85, 12.579], [78.861, 12.585], [78.872, 12.583], [78.896, 12.556], [78.892, 12.535], [78.896, 12.52], [78.882, 12.503], [78.875, 12.469], [78.894, 12.441], [78.876, 12.423], [78.894, 12.397], [78.895, 12.377], [78.877, 12.366], [78.867, 12.373], [78.868, 12.358], [78.851, 12.346], [78.849, 12.331], [78.834, 12.327], [78.833, 12.308], [78.84, 12.303], [78.836, 12.291], [78.84, 12.285], [78.858, 12.279], [78.873, 12.279], [78.874, 12.267], [78.891, 12.28], [78.901, 12.268], [78.914, 12.276], [78.932, 12.27], [78.944, 12.287], [78.946, 12.281], [78.956, 12.283], [78.964, 12.275], [78.976, 12.273], [79.01, 12.283], [79.017, 12.292], [79.029, 12.294], [79.041, 12.303], [79.043, 12.311], [79.026, 12.337], [79.03, 12.34], [79.027, 12.346], [79.032, 12.346], [79.033, 12.361], [79.017, 12.389], [79.01, 12.391], [79.007, 12.415], [79.036, 12.419], [79.029, 12.396], [79.045, 12.397], [79.046, 12.413], [79.056, 12.412], [79.058, 12.422], [79.079, 12.423], [79.087, 12.409], [79.094, 12.411], [79.122, 12.401], [79.119, 12.425], [79.122, 12.433], [79.136, 12.435], [79.144, 12.417], [79.138, 12.404], [79.174, 12.411], [79.177, 12.382], [79.192, 12.381], [79.2, 12.387], [79.181, 12.4], [79.184, 12.414], [79.194, 12.412], [79.198, 12.418], [79.196, 12.436], [79.175, 12.428], [79.169, 12.439], [79.141, 12.457], [79.136, 12.465], [79.136, 12.476], [79.13, 12.48], [79.12, 12.474], [79.113, 12.45], [79.108, 12.453], [79.109, 12.464], [79.091, 12.467], [79.078, 12.478], [79.044, 12.478], [79.059, 12.505], [79.06, 12.521], [79.052, 12.538], [79.042, 12.536], [79.033, 12.543], [79.043, 12.541], [79.053, 12.55], [79.066, 12.553], [79.072, 12.554], [79.08, 12.547], [79.094, 12.553], [79.093, 12.564], [79.104, 12.576], [79.107, 12.587], [79.1, 12.594], [79.088, 12.594], [79.082, 12.605], [79.128, 12.62], [79.13, 12.625], [79.143, 12.625], [79.145, 12.622], [79.159, 12.625], [79.161, 12.634], [79.158, 12.644], [79.151, 12.645], [79.144, 12.635], [79.13, 12.649], [79.138, 12.652], [79.139, 12.656], [79.134, 12.655], [79.133, 12.659], [79.142, 12.672], [79.162, 12.681], [79.131, 12.677], [79.133, 12.687], [79.142, 12.697], [79.142, 12.724], [79.129, 12.729], [79.127, 12.737], [79.119, 12.744], [79.111, 12.745], [79.11, 12.759], [79.094, 12.758]]]}}, {"type": "Feature", "properties": {"id": "TN-066", "ac_no": 66, "name": "Polur", "district": "TIRUVANNAMALAI", "pc": "ARANI"}, "geometry": {"type": "Polygon", "coordinates": [[[79.162, 12.681], [79.142, 12.672], [79.133, 12.659], [79.134, 12.655], [79.139, 12.656], [79.138, 12.652], [79.13, 12.649], [79.144, 12.635], [79.151, 12.645], [79.158, 12.644], [79.161, 12.634], [79.159, 12.625], [79.145, 12.622], [79.143, 12.625], [79.13, 12.625], [79.128, 12.62], [79.082, 12.605], [79.088, 12.594], [79.1, 12.594], [79.107, 12.587], [79.104, 12.576], [79.093, 12.564], [79.094, 12.553], [79.08, 12.547], [79.072, 12.554], [79.066, 12.553], [79.053, 12.55], [79.043, 12.541], [79.033, 12.543], [79.042, 12.536], [79.052, 12.538], [79.06, 12.521], [79.059, 12.505], [79.044, 12.478], [79.078, 12.478], [79.091, 12.467], [79.109, 12.464], [79.108, 12.453], [79.113, 12.45], [79.12, 12.474], [79.13, 12.48], [79.136, 12.476], [79.136, 12.465], [79.141, 12.457], [79.169, 12.439], [79.175, 12.428], [79.196, 12.436], [79.198, 12.418], [79.194, 12.412], [79.184, 12.414], [79.181, 12.4], [79.2, 12.387], [79.216, 12.401], [79.227, 12.402], [79.234, 12.436], [79.231, 12.443], [79.256, 12.448], [79.309, 12.439], [79.325, 12.451], [79.347, 12.443], [79.357, 12.444], [79.362, 12.439], [79.368, 12.444], [79.382, 12.443], [79.402, 12.436], [79.401, 12.432], [79.412, 12.44], [79.418, 12.45], [79.41, 12.455], [79.405, 12.452], [79.404, 12.455], [79.412, 12.463], [79.41, 12.473], [79.416, 12.476], [79.418, 12.49], [79.41, 12.504], [79.421, 12.531], [79.411, 12.543], [79.414, 12.549], [79.396, 12.556], [79.403, 12.587], [79.388, 12.591], [79.381, 12.603], [79.381, 12.613], [79.362, 12.601], [79.351, 12.599], [79.344, 12.605], [79.347, 12.609], [79.339, 12.612], [79.329, 12.594], [79.328, 12.583], [79.301, 12.549], [79.301, 12.544], [79.313, 12.541], [79.306, 12.502], [79.314, 12.499], [79.324, 12.508], [79.325, 12.499], [79.316, 12.487], [79.293, 12.486], [79.289, 12.49], [79.294, 12.505], [79.286, 12.51], [79.27, 12.509], [79.265, 12.507], [79.263, 12.491], [79.245, 12.486], [79.239, 12.5], [79.24, 12.52], [79.249, 12.522], [79.251, 12.515], [79.264, 12.51], [79.277, 12.531], [79.292, 12.527], [79.291, 12.551], [79.284, 12.559], [79.259, 12.559], [79.25, 12.573], [79.244, 12.595], [79.236, 12.599], [79.236, 12.607], [79.226, 12.622], [79.244, 12.643], [79.241, 12.647], [79.222, 12.657], [79.206, 12.656], [79.212, 12.663], [79.21, 12.666], [79.19, 12.663], [79.197, 12.674], [79.209, 12.675], [79.217, 12.685], [79.207, 12.693], [79.201, 12.687], [79.189, 12.685], [79.19, 12.677], [79.167, 12.668], [79.162, 12.668], [79.166, 12.675], [79.162, 12.681]]]}}, {"type": "Feature", "properties": {"id": "TN-067", "ac_no": 67, "name": "Arani", "district": "TIRUVANNAMALAI", "pc": "ARANI"}, "geometry": {"type": "Polygon", "coordinates": [[[79.11, 12.759], [79.111, 12.745], [79.119, 12.744], [79.127, 12.737], [79.129, 12.729], [79.142, 12.724], [79.142, 12.697], [79.133, 12.687], [79.131, 12.677], [79.162, 12.681], [79.166, 12.675], [79.162, 12.668], [79.167, 12.668], [79.19, 12.677], [79.189, 12.685], [79.201, 12.687], [79.207, 12.693], [79.217, 12.685], [79.209, 12.675], [79.197, 12.674], [79.19, 12.663], [79.21, 12.666], [79.212, 12.663], [79.206, 12.656], [79.222, 12.657], [79.241, 12.647], [79.244, 12.643], [79.226, 12.622], [79.236, 12.607], [79.236, 12.599], [79.244, 12.595], [79.25, 12.573], [79.259, 12.559], [79.284, 12.559], [79.291, 12.551], [79.292, 12.527], [79.277, 12.531], [79.264, 12.51], [79.251, 12.515], [79.249, 12.522], [79.24, 12.52], [79.239, 12.5], [79.245, 12.486], [79.263, 12.491], [79.265, 12.507], [79.27, 12.509], [79.286, 12.51], [79.294, 12.505], [79.289, 12.49], [79.293, 12.486], [79.316, 12.487], [79.325, 12.499], [79.324, 12.508], [79.314, 12.499], [79.306, 12.502], [79.313, 12.541], [79.301, 12.544], [79.301, 12.549], [79.328, 12.583], [79.329, 12.594], [79.339, 12.612], [79.347, 12.609], [79.344, 12.605], [79.351, 12.599], [79.362, 12.601], [79.381, 12.613], [79.381, 12.603], [79.388, 12.591], [79.403, 12.587], [79.409, 12.595], [79.424, 12.594], [79.421, 12.587], [79.425, 12.582], [79.443, 12.578], [79.448, 12.579], [79.46, 12.592], [79.462, 12.596], [79.458, 12.603], [79.444, 12.61], [79.445, 12.621], [79.451, 12.625], [79.438, 12.635], [79.44, 12.644], [79.433, 12.64], [79.427, 12.66], [79.41, 12.656], [79.408, 12.649], [79.38, 12.628], [79.357, 12.641], [79.354, 12.649], [79.363, 12.658], [79.359, 12.667], [79.354, 12.668], [79.356, 12.673], [79.395, 12.69], [79.381, 12.709], [79.393, 12.714], [79.395, 12.727], [79.39, 12.729], [79.39, 12.733], [79.379, 12.734], [79.379, 12.726], [79.366, 12.721], [79.366, 12.715], [79.358, 12.72], [79.354, 12.713], [79.357, 12.698], [79.345, 12.694], [79.344, 12.7], [79.339, 12.701], [79.346, 12.71], [79.344, 12.729], [79.322, 12.744], [79.311, 12.742], [79.31, 12.747], [79.297, 12.748], [79.289, 12.753], [79.283, 12.764], [79.287, 12.779], [79.277, 12.784], [79.28, 12.788], [79.262, 12.795], [79.264, 12.806], [79.26, 12.808], [79.262, 12.819], [79.256, 12.822], [79.25, 12.823], [79.25, 12.813], [79.255, 12.812], [79.251, 12.807], [79.241, 12.808], [79.238, 12.797], [79.22, 12.793], [79.209, 12.785], [79.214, 12.76], [79.207, 12.742], [79.191, 12.749], [79.174, 12.742], [79.173, 12.76], [79.163, 12.766], [79.161, 12.772], [79.16, 12.752], [79.133, 12.762], [79.11, 12.759]]]}}, {"type": "Feature", "properties": {"id": "TN-068", "ac_no": 68, "name": "Cheyyar", "district": "TIRUVANNAMALAI", "pc": "ARANI"}, "geometry": {"type": "Polygon", "coordinates": [[[79.473, 12.874], [79.473, 12.852], [79.463, 12.85], [79.461, 12.843], [79.457, 12.844], [79.461, 12.829], [79.457, 12.811], [79.477, 12.807], [79.475, 12.8], [79.462, 12.799], [79.461, 12.785], [79.474, 12.773], [79.466, 12.764], [79.467, 12.756], [79.462, 12.757], [79.455, 12.745], [79.456, 12.738], [79.468, 12.732], [79.472, 12.735], [79.476, 12.729], [79.466, 12.716], [79.465, 12.7], [79.457, 12.698], [79.461, 12.685], [79.453, 12.682], [79.451, 12.672], [79.442, 12.67], [79.427, 12.66], [79.433, 12.64], [79.44, 12.644], [79.438, 12.635], [79.451, 12.625], [79.445, 12.621], [79.444, 12.61], [79.458, 12.603], [79.462, 12.596], [79.46, 12.592], [79.48, 12.544], [79.484, 12.544], [79.491, 12.564], [79.486, 12.57], [79.492, 12.582], [79.496, 12.58], [79.499, 12.584], [79.51, 12.575], [79.515, 12.564], [79.536, 12.57], [79.55, 12.562], [79.57, 12.565], [79.572, 12.549], [79.587, 12.54], [79.604, 12.565], [79.619, 12.562], [79.627, 12.568], [79.65, 12.547], [79.663, 12.542], [79.663, 12.547], [79.676, 12.551], [79.68, 12.558], [79.693, 12.558], [79.693, 12.573], [79.707, 12.572], [79.717, 12.582], [79.725, 12.578], [79.725, 12.588], [79.698, 12.594], [79.689, 12.602], [79.673, 12.593], [79.667, 12.593], [79.654, 12.603], [79.646, 12.603], [79.643, 12.613], [79.646, 12.625], [79.637, 12.627], [79.63, 12.633], [79.631, 12.638], [79.646, 12.67], [79.683, 12.668], [79.742, 12.693], [79.744, 12.702], [79.735, 12.702], [79.737, 12.718], [79.715, 12.724], [79.714, 12.728], [79.741, 12.733], [79.745, 12.744], [79.732, 12.756], [79.709, 12.758], [79.709, 12.777], [79.704, 12.78], [79.703, 12.777], [79.697, 12.777], [79.678, 12.791], [79.67, 12.787], [79.669, 12.778], [79.657, 12.777], [79.658, 12.768], [79.653, 12.765], [79.647, 12.773], [79.65, 12.782], [79.635, 12.786], [79.643, 12.802], [79.64, 12.81], [79.632, 12.822], [79.595, 12.829], [79.579, 12.843], [79.557, 12.852], [79.56, 12.853], [79.536, 12.863], [79.509, 12.857], [79.5, 12.873], [79.498, 12.869], [79.49, 12.871], [79.489, 12.876], [79.479, 12.872], [79.473, 12.874]]]}}, {"type": "Feature", "properties": {"id": "TN-069", "ac_no": 69, "name": "Vandavasi (SC)", "district": "TIRUVANNAMALAI", "pc": "ARANI"}, "geometry": {"type": "Polygon", "coordinates": [[[79.46, 12.592], [79.448, 12.579], [79.443, 12.578], [79.425, 12.582], [79.421, 12.587], [79.424, 12.594], [79.409, 12.595], [79.403, 12.587], [79.396, 12.556], [79.414, 12.549], [79.411, 12.543], [79.421, 12.531], [79.41, 12.504], [79.418, 12.49], [79.416, 12.476], [79.41, 12.473], [79.412, 12.463], [79.404, 12.455], [79.405, 12.452], [79.41, 12.455], [79.418, 12.45], [79.412, 12.44], [79.401, 12.432], [79.41, 12.418], [79.408, 12.411], [79.411, 12.407], [79.417, 12.408], [79.421, 12.411], [79.427, 12.401], [79.433, 12.41], [79.439, 12.408], [79.436, 12.394], [79.441, 12.389], [79.442, 12.394], [79.449, 12.396], [79.451, 12.375], [79.462, 12.375], [79.473, 12.366], [79.485, 12.371], [79.486, 12.376], [79.493, 12.371], [79.489, 12.35], [79.497, 12.346], [79.507, 12.346], [79.512, 12.354], [79.518, 12.353], [79.531, 12.37], [79.546, 12.363], [79.558, 12.365], [79.598, 12.348], [79.602, 12.372], [79.61, 12.378], [79.621, 12.374], [79.623, 12.365], [79.619, 12.354], [79.621, 12.35], [79.642, 12.345], [79.646, 12.361], [79.664, 12.367], [79.667, 12.375], [79.66, 12.377], [79.667, 12.388], [79.681, 12.393], [79.686, 12.4], [79.695, 12.398], [79.696, 12.409], [79.687, 12.415], [79.689, 12.418], [79.705, 12.414], [79.703, 12.43], [79.714, 12.428], [79.716, 12.436], [79.736, 12.429], [79.738, 12.439], [79.732, 12.447], [79.733, 12.453], [79.75, 12.458], [79.745, 12.463], [79.744, 12.483], [79.739, 12.484], [79.735, 12.493], [79.723, 12.494], [79.723, 12.498], [79.727, 12.501], [79.738, 12.496], [79.74, 12.502], [79.749, 12.504], [79.749, 12.508], [79.757, 12.513], [79.756, 12.525], [79.749, 12.525], [79.743, 12.533], [79.715, 12.549], [79.72, 12.565], [79.707, 12.569], [79.707, 12.572], [79.693, 12.573], [79.693, 12.558], [79.68, 12.558], [79.676, 12.551], [79.663, 12.547], [79.663, 12.542], [79.65, 12.547], [79.627, 12.568], [79.619, 12.562], [79.604, 12.565], [79.587, 12.54], [79.572, 12.549], [79.57, 12.565], [79.55, 12.562], [79.536, 12.57], [79.515, 12.564], [79.51, 12.575], [79.499, 12.584], [79.496, 12.58], [79.492, 12.582], [79.486, 12.57], [79.491, 12.564], [79.484, 12.544], [79.48, 12.544], [79.46, 12.592]]]}}, {"type": "Feature", "properties": {"id": "TN-070", "ac_no": 70, "name": "Gingee", "district": "VILUPPURAM", "pc": "ARANI"}, "geometry": {"type": "Polygon", "coordinates": [[[79.401, 12.432], [79.402, 12.436], [79.382, 12.443], [79.368, 12.444], [79.362, 12.439], [79.357, 12.444], [79.347, 12.443], [79.325, 12.451], [79.309, 12.439], [79.256, 12.448], [79.231, 12.443], [79.234, 12.436], [79.227, 12.402], [79.242, 12.397], [79.248, 12.384], [79.244, 12.373], [79.237, 12.368], [79.227, 12.373], [79.224, 12.368], [79.232, 12.362], [79.239, 12.346], [79.227, 12.342], [79.221, 12.35], [79.198, 12.343], [79.217, 12.339], [79.221, 12.333], [79.234, 12.33], [79.234, 12.316], [79.246, 12.316], [79.251, 12.323], [79.289, 12.318], [79.285, 12.306], [79.273, 12.305], [79.28, 12.292], [79.267, 12.289], [79.261, 12.277], [79.244, 12.273], [79.241, 12.249], [79.248, 12.241], [79.225, 12.221], [79.237, 12.217], [79.236, 12.211], [79.219, 12.215], [79.216, 12.211], [79.233, 12.198], [79.231, 12.19], [79.235, 12.183], [79.223, 12.184], [79.218, 12.198], [79.209, 12.187], [79.214, 12.184], [79.211, 12.166], [79.238, 12.154], [79.236, 12.15], [79.246, 12.147], [79.249, 12.14], [79.259, 12.135], [79.259, 12.13], [79.277, 12.125], [79.278, 12.107], [79.27, 12.104], [79.26, 12.083], [79.266, 12.078], [79.291, 12.075], [79.301, 12.087], [79.338, 12.085], [79.339, 12.101], [79.353, 12.1], [79.359, 12.107], [79.367, 12.105], [79.369, 12.114], [79.386, 12.12], [79.406, 12.118], [79.406, 12.129], [79.418, 12.126], [79.43, 12.132], [79.434, 12.14], [79.442, 12.152], [79.426, 12.165], [79.419, 12.2], [79.408, 12.201], [79.414, 12.207], [79.407, 12.213], [79.413, 12.223], [79.41, 12.228], [79.432, 12.239], [79.426, 12.278], [79.415, 12.292], [79.401, 12.292], [79.4, 12.307], [79.393, 12.312], [79.412, 12.342], [79.41, 12.349], [79.419, 12.367], [79.411, 12.379], [79.417, 12.408], [79.411, 12.407], [79.408, 12.411], [79.41, 12.418], [79.401, 12.432]]]}}, {"type": "Feature", "properties": {"id": "TN-071", "ac_no": 71, "name": "Mailam", "district": "VILUPPURAM", "pc": "ARANI"}, "geometry": {"type": "Polygon", "coordinates": [[[79.642, 12.345], [79.621, 12.35], [79.619, 12.354], [79.623, 12.365], [79.621, 12.374], [79.61, 12.378], [79.602, 12.372], [79.598, 12.348], [79.558, 12.365], [79.546, 12.363], [79.531, 12.37], [79.518, 12.353], [79.512, 12.354], [79.507, 12.346], [79.497, 12.346], [79.489, 12.35], [79.493, 12.371], [79.486, 12.376], [79.485, 12.371], [79.473, 12.366], [79.462, 12.375], [79.451, 12.375], [79.449, 12.396], [79.442, 12.394], [79.441, 12.389], [79.436, 12.394], [79.439, 12.408], [79.433, 12.41], [79.427, 12.401], [79.421, 12.411], [79.417, 12.408], [79.411, 12.379], [79.419, 12.367], [79.41, 12.349], [79.412, 12.342], [79.393, 12.312], [79.4, 12.307], [79.401, 12.292], [79.415, 12.292], [79.426, 12.278], [79.432, 12.239], [79.41, 12.228], [79.413, 12.223], [79.407, 12.213], [79.414, 12.207], [79.408, 12.201], [79.419, 12.2], [79.426, 12.165], [79.442, 12.152], [79.434, 12.14], [79.45, 12.138], [79.46, 12.145], [79.471, 12.139], [79.474, 12.151], [79.478, 12.15], [79.477, 12.141], [79.478, 12.137], [79.491, 12.137], [79.498, 12.147], [79.509, 12.139], [79.518, 12.139], [79.526, 12.128], [79.516, 12.118], [79.52, 12.089], [79.525, 12.09], [79.532, 12.083], [79.54, 12.088], [79.544, 12.088], [79.544, 12.083], [79.568, 12.081], [79.568, 12.072], [79.578, 12.067], [79.573, 12.047], [79.585, 12.045], [79.588, 12.06], [79.6, 12.06], [79.603, 12.063], [79.633, 12.057], [79.646, 12.083], [79.645, 12.091], [79.651, 12.094], [79.648, 12.114], [79.655, 12.119], [79.672, 12.121], [79.681, 12.137], [79.691, 12.142], [79.683, 12.167], [79.672, 12.163], [79.666, 12.15], [79.646, 12.149], [79.638, 12.16], [79.63, 12.159], [79.624, 12.149], [79.615, 12.151], [79.611, 12.156], [79.618, 12.186], [79.607, 12.188], [79.612, 12.226], [79.621, 12.236], [79.633, 12.24], [79.632, 12.253], [79.64, 12.262], [79.641, 12.27], [79.68, 12.261], [79.681, 12.269], [79.693, 12.271], [79.685, 12.282], [79.686, 12.289], [79.691, 12.297], [79.705, 12.295], [79.709, 12.303], [79.699, 12.308], [79.686, 12.306], [79.683, 12.316], [79.657, 12.326], [79.642, 12.345]]]}}, {"type": "Feature", "properties": {"id": "TN-072", "ac_no": 72, "name": "Tindivanam (SC)", "district": "VILUPPURAM", "pc": "VILUPPURAM (SC)"}, "geometry": {"type": "Polygon", "coordinates": [[[79.798, 12.337], [79.778, 12.338], [79.761, 12.329], [79.76, 12.325], [79.749, 12.324], [79.709, 12.337], [79.701, 12.335], [79.699, 12.325], [79.69, 12.325], [79.683, 12.316], [79.686, 12.306], [79.699, 12.308], [79.709, 12.303], [79.705, 12.295], [79.691, 12.297], [79.686, 12.289], [79.685, 12.282], [79.693, 12.271], [79.681, 12.269], [79.68, 12.261], [79.641, 12.27], [79.64, 12.262], [79.632, 12.253], [79.633, 12.24], [79.621, 12.236], [79.612, 12.226], [79.607, 12.188], [79.618, 12.186], [79.611, 12.156], [79.615, 12.151], [79.624, 12.149], [79.63, 12.159], [79.638, 12.16], [79.646, 12.149], [79.666, 12.15], [79.672, 12.163], [79.683, 12.167], [79.691, 12.142], [79.696, 12.139], [79.703, 12.15], [79.7, 12.158], [79.709, 12.177], [79.72, 12.174], [79.727, 12.182], [79.754, 12.179], [79.762, 12.187], [79.77, 12.186], [79.775, 12.18], [79.791, 12.164], [79.807, 12.168], [79.826, 12.158], [79.833, 12.169], [79.84, 12.166], [79.842, 12.169], [79.864, 12.161], [79.856, 12.12], [79.851, 12.119], [79.853, 12.084], [79.849, 12.049], [79.85, 12.052], [79.874, 12.043], [80.004, 12.248], [79.987, 12.25], [79.977, 12.235], [79.96, 12.233], [79.956, 12.228], [79.945, 12.241], [79.925, 12.248], [79.925, 12.231], [79.914, 12.235], [79.901, 12.229], [79.885, 12.235], [79.873, 12.242], [79.859, 12.266], [79.841, 12.279], [79.845, 12.28], [79.841, 12.289], [79.832, 12.298], [79.828, 12.312], [79.819, 12.312], [79.798, 12.337]]]}}, {"type": "Feature", "properties": {"id": "TN-073", "ac_no": 73, "name": "Vanur (SC)", "district": "VILUPPURAM", "pc": "VILUPPURAM (SC)"}, "geometry": {"type": "MultiPolygon", "coordinates": [[[[79.619, 11.971], [79.612, 11.967], [79.603, 11.975], [79.596, 11.976], [79.592, 11.969], [79.597, 11.959], [79.61, 11.957], [79.616, 11.965], [79.629, 11.957], [79.627, 11.968], [79.619, 11.971]]], [[[79.849, 12.049], [79.853, 12.084], [79.851, 12.119], [79.856, 12.12], [79.864, 12.161], [79.842, 12.169], [79.84, 12.166], [79.833, 12.169], [79.826, 12.158], [79.807, 12.168], [79.791, 12.164], [79.775, 12.18], [79.77, 12.186], [79.762, 12.187], [79.754, 12.179], [79.727, 12.182], [79.72, 12.174], [79.709, 12.177], [79.7, 12.158], [79.703, 12.15], [79.696, 12.139], [79.691, 12.142], [79.681, 12.137], [79.672, 12.121], [79.655, 12.119], [79.648, 12.114], [79.651, 12.094], [79.645, 12.091], [79.646, 12.083], [79.633, 12.057], [79.603, 12.063], [79.6, 12.06], [79.588, 12.06], [79.585, 12.045], [79.591, 12.034], [79.589, 12.029], [79.611, 12.013], [79.621, 12.01], [79.621, 12.014], [79.629, 12.019], [79.628, 12.032], [79.651, 12.022], [79.642, 11.999], [79.636, 11.996], [79.64, 11.993], [79.636, 11.978], [79.648, 11.967], [79.647, 11.953], [79.642, 11.954], [79.643, 11.942], [79.648, 11.945], [79.652, 11.944], [79.653, 11.948], [79.659, 11.945], [79.661, 11.937], [79.67, 11.935], [79.669, 11.918], [79.656, 11.913], [79.656, 11.908], [79.641, 11.908], [79.641, 11.902], [79.63, 11.902], [79.626, 11.906], [79.623, 11.901], [79.632, 11.899], [79.627, 11.889], [79.631, 11.881], [79.635, 11.881], [79.635, 11.889], [79.641, 11.887], [79.641, 11.881], [79.649, 11.88], [79.649, 11.87], [79.663, 11.867], [79.658, 11.853], [79.647, 11.85], [79.627, 11.854], [79.629, 11.87], [79.619, 11.87], [79.619, 11.863], [79.612, 11.863], [79.602, 11.858], [79.603, 11.862], [79.6, 11.858], [79.601, 11.855], [79.604, 11.853], [79.602, 11.852], [79.586, 11.848], [79.577, 11.851], [79.577, 11.842], [79.591, 11.841], [79.604, 11.829], [79.616, 11.825], [79.623, 11.813], [79.64, 11.799], [79.665, 11.811], [79.675, 11.807], [79.676, 11.814], [79.68, 11.815], [79.684, 11.813], [79.685, 11.821], [79.691, 11.821], [79.685, 11.833], [79.703, 11.832], [79.695, 11.844], [79.695, 11.859], [79.689, 11.864], [79.69, 11.881], [79.685, 11.881], [79.674, 11.881], [79.674, 11.892], [79.687, 11.889], [79.687, 11.895], [79.695, 11.895], [79.696, 11.919], [79.705, 11.919], [79.719, 11.919], [79.718, 11.913], [79.707, 11.914], [79.709, 11.903], [79.705, 11.894], [79.711, 11.891], [79.717, 11.893], [79.724, 11.889], [79.723, 11.892], [79.731, 11.892], [79.731, 11.903], [79.741, 11.905], [79.735, 11.912], [79.717, 11.929], [79.721, 11.945], [79.71, 11.95], [79.708, 11.944], [79.711, 11.933], [79.697, 11.942], [79.692, 11.951], [79.697, 11.963], [79.7, 11.963], [79.703, 11.967], [79.715, 11.968], [79.716, 11.971], [79.709, 11.976], [79.712, 11.986], [79.716, 11.985], [79.721, 11.993], [79.733, 11.993], [79.748, 12.008], [79.756, 12.004], [79.762, 12.003], [79.76, 11.989], [79.748, 11.985], [79.743, 11.978], [79.727, 11.986], [79.724, 11.978], [79.725, 11.971], [79.745, 11.965], [79.749, 11.929], [79.75, 11.92], [79.756, 11.92], [79.755, 11.926], [79.761, 11.928], [79.76, 11.944], [79.77, 11.944], [79.785, 11.96], [79.803, 11.953], [79.805, 11.964], [79.813, 11.978], [79.819, 11.978], [79.822, 11.97], [79.828, 11.959], [79.83, 11.958], [79.839, 11.956], [79.857, 12.007], [79.841, 12.013], [79.849, 12.049]], [[79.693, 12.035], [79.695, 12.035], [79.705, 12.032], [79.703, 12.011], [79.72, 11.992], [79.685, 11.992], [79.681, 11.983], [79.674, 11.995], [79.663, 11.99], [79.657, 11.992], [79.661, 12.012], [79.672, 12.01], [79.677, 12.022], [79.684, 12.022], [79.693, 12.035]], [[79.647, 11.844], [79.654, 11.843], [79.662, 11.839], [79.659, 11.829], [79.671, 11.824], [79.671, 11.815], [79.646, 11.816], [79.641, 11.824], [79.647, 11.844]], [[79.685, 11.973], [79.687, 11.973], [79.685, 11.953], [79.673, 11.948], [79.655, 11.953], [79.654, 11.961], [79.66, 11.958], [79.662, 11.969], [79.677, 11.968], [79.685, 11.973]], [[79.798, 12.017], [79.788, 12.019], [79.789, 12.028], [79.794, 12.026], [79.805, 12.025], [79.798, 12.017]]]]}}, {"type": "Feature", "properties": {"id": "TN-074", "ac_no": 74, "name": "Viluppuram", "district": "VILUPPURAM", "pc": "VILUPPURAM (SC)"}, "geometry": {"type": "Polygon", "coordinates": [[[79.592, 11.969], [79.578, 11.969], [79.573, 11.974], [79.558, 11.959], [79.549, 11.96], [79.548, 11.965], [79.522, 11.966], [79.513, 11.975], [79.49, 11.975], [79.489, 11.97], [79.491, 11.959], [79.498, 11.96], [79.498, 11.956], [79.483, 11.958], [79.483, 11.948], [79.475, 11.938], [79.468, 11.956], [79.462, 11.954], [79.462, 11.946], [79.453, 11.946], [79.452, 11.954], [79.405, 11.948], [79.402, 11.933], [79.39, 11.937], [79.384, 11.915], [79.418, 11.894], [79.438, 11.875], [79.455, 11.871], [79.468, 11.872], [79.509, 11.858], [79.528, 11.857], [79.564, 11.84], [79.577, 11.842], [79.577, 11.851], [79.586, 11.848], [79.602, 11.852], [79.604, 11.853], [79.601, 11.855], [79.6, 11.858], [79.603, 11.862], [79.599, 11.883], [79.608, 11.877], [79.621, 11.891], [79.627, 11.889], [79.632, 11.899], [79.623, 11.901], [79.626, 11.906], [79.628, 11.92], [79.619, 11.926], [79.618, 11.936], [79.619, 11.943], [79.629, 11.945], [79.629, 11.957], [79.616, 11.965], [79.61, 11.957], [79.597, 11.959], [79.592, 11.969]]]}}, {"type": "Feature", "properties": {"id": "TN-075", "ac_no": 75, "name": "Vikravandi", "district": "VILUPPURAM", "pc": "VILUPPURAM (SC)"}, "geometry": {"type": "Polygon", "coordinates": [[[79.585, 12.045], [79.573, 12.047], [79.578, 12.067], [79.568, 12.072], [79.568, 12.081], [79.544, 12.083], [79.544, 12.088], [79.54, 12.088], [79.532, 12.083], [79.525, 12.09], [79.52, 12.089], [79.516, 12.118], [79.526, 12.128], [79.518, 12.139], [79.509, 12.139], [79.498, 12.147], [79.491, 12.137], [79.478, 12.137], [79.477, 12.141], [79.478, 12.15], [79.474, 12.151], [79.471, 12.139], [79.46, 12.145], [79.45, 12.138], [79.434, 12.14], [79.43, 12.132], [79.418, 12.126], [79.406, 12.129], [79.406, 12.118], [79.386, 12.12], [79.369, 12.114], [79.367, 12.105], [79.359, 12.107], [79.353, 12.1], [79.339, 12.101], [79.338, 12.085], [79.301, 12.087], [79.293, 12.059], [79.295, 12.048], [79.304, 12.047], [79.307, 12.055], [79.319, 12.065], [79.322, 12.064], [79.321, 12.045], [79.318, 12.043], [79.326, 12.042], [79.329, 12.033], [79.363, 12.035], [79.363, 12.019], [79.356, 12.012], [79.357, 11.999], [79.362, 11.999], [79.356, 11.992], [79.357, 11.983], [79.363, 11.977], [79.363, 11.957], [79.35, 11.957], [79.348, 11.951], [79.352, 11.927], [79.36, 11.919], [79.384, 11.915], [79.39, 11.937], [79.402, 11.933], [79.405, 11.948], [79.452, 11.954], [79.453, 11.946], [79.462, 11.946], [79.462, 11.954], [79.468, 11.956], [79.475, 11.938], [79.483, 11.948], [79.483, 11.958], [79.498, 11.956], [79.498, 11.96], [79.491, 11.959], [79.489, 11.97], [79.49, 11.975], [79.513, 11.975], [79.522, 11.966], [79.548, 11.965], [79.549, 11.96], [79.558, 11.959], [79.573, 11.974], [79.578, 11.969], [79.592, 11.969], [79.596, 11.976], [79.603, 11.975], [79.612, 11.967], [79.619, 11.971], [79.625, 11.976], [79.624, 11.982], [79.617, 11.99], [79.624, 11.989], [79.626, 12.0], [79.619, 12.001], [79.621, 12.01], [79.611, 12.013], [79.589, 12.029], [79.591, 12.034], [79.585, 12.045]]]}}, {"type": "Feature", "properties": {"id": "TN-076", "ac_no": 76, "name": "Tirukkoyilur", "district": "VILUPPURAM", "pc": "VILUPPURAM (SC)"}, "geometry": {"type": "Polygon", "coordinates": [[[79.26, 12.083], [79.249, 12.079], [79.243, 12.081], [79.238, 12.077], [79.24, 12.072], [79.234, 12.06], [79.215, 12.065], [79.209, 12.072], [79.201, 12.071], [79.19, 12.049], [79.176, 12.047], [79.173, 12.03], [79.147, 12.044], [79.139, 12.038], [79.136, 12.026], [79.143, 12.016], [79.127, 12.011], [79.13, 12.004], [79.121, 11.994], [79.122, 11.976], [79.13, 11.968], [79.15, 11.965], [79.169, 11.966], [79.183, 11.974], [79.188, 11.961], [79.186, 11.955], [79.195, 11.947], [79.203, 11.946], [79.205, 11.952], [79.221, 11.955], [79.221, 11.946], [79.214, 11.937], [79.22, 11.931], [79.218, 11.918], [79.213, 11.912], [79.223, 11.904], [79.217, 11.895], [79.218, 11.876], [79.247, 11.872], [79.242, 11.871], [79.237, 11.865], [79.237, 11.853], [79.243, 11.848], [79.26, 11.849], [79.267, 11.839], [79.277, 11.854], [79.288, 11.859], [79.29, 11.866], [79.304, 11.872], [79.308, 11.873], [79.31, 11.865], [79.33, 11.848], [79.332, 11.854], [79.34, 11.853], [79.343, 11.868], [79.348, 11.871], [79.359, 11.861], [79.358, 11.853], [79.37, 11.844], [79.371, 11.825], [79.388, 11.825], [79.392, 11.841], [79.385, 11.851], [79.391, 11.857], [79.39, 11.863], [79.382, 11.865], [79.383, 11.871], [79.402, 11.877], [79.407, 11.858], [79.419, 11.862], [79.42, 11.867], [79.432, 11.859], [79.431, 11.864], [79.417, 11.876], [79.414, 11.882], [79.418, 11.894], [79.384, 11.915], [79.36, 11.919], [79.352, 11.927], [79.348, 11.951], [79.35, 11.957], [79.363, 11.957], [79.363, 11.977], [79.357, 11.983], [79.356, 11.992], [79.362, 11.999], [79.357, 11.999], [79.356, 12.012], [79.363, 12.019], [79.363, 12.035], [79.329, 12.033], [79.326, 12.042], [79.318, 12.043], [79.321, 12.045], [79.322, 12.064], [79.319, 12.065], [79.307, 12.055], [79.304, 12.047], [79.295, 12.048], [79.293, 12.059], [79.301, 12.087], [79.291, 12.075], [79.266, 12.078], [79.26, 12.083]]]}}, {"type": "Feature", "properties": {"id": "TN-077", "ac_no": 77, "name": "Ulundurpettai", "district": "VILUPPURAM", "pc": "VILUPPURAM (SC)"}, "geometry": {"type": "Polygon", "coordinates": [[[79.455, 11.871], [79.438, 11.875], [79.418, 11.894], [79.414, 11.882], [79.417, 11.876], [79.431, 11.864], [79.432, 11.859], [79.42, 11.867], [79.419, 11.862], [79.407, 11.858], [79.402, 11.877], [79.383, 11.871], [79.382, 11.865], [79.39, 11.863], [79.391, 11.857], [79.385, 11.851], [79.392, 11.841], [79.388, 11.825], [79.371, 11.825], [79.37, 11.844], [79.358, 11.853], [79.359, 11.861], [79.348, 11.871], [79.343, 11.868], [79.34, 11.853], [79.332, 11.854], [79.33, 11.848], [79.31, 11.865], [79.308, 11.873], [79.304, 11.872], [79.29, 11.866], [79.288, 11.859], [79.277, 11.854], [79.267, 11.839], [79.26, 11.849], [79.243, 11.848], [79.237, 11.853], [79.237, 11.865], [79.242, 11.871], [79.231, 11.874], [79.224, 11.858], [79.191, 11.848], [79.18, 11.854], [79.162, 11.851], [79.149, 11.863], [79.141, 11.86], [79.14, 11.868], [79.136, 11.867], [79.126, 11.854], [79.134, 11.853], [79.139, 11.821], [79.13, 11.81], [79.124, 11.807], [79.119, 11.788], [79.12, 11.779], [79.128, 11.776], [79.125, 11.759], [79.132, 11.762], [79.144, 11.752], [79.137, 11.725], [79.127, 11.713], [79.127, 11.708], [79.13, 11.7], [79.151, 11.704], [79.167, 11.699], [79.158, 11.673], [79.152, 11.669], [79.182, 11.657], [79.178, 11.644], [79.192, 11.639], [79.193, 11.628], [79.191, 11.619], [79.181, 11.61], [79.194, 11.602], [79.212, 11.62], [79.21, 11.634], [79.216, 11.639], [79.236, 11.629], [79.249, 11.653], [79.271, 11.644], [79.279, 11.649], [79.292, 11.647], [79.296, 11.637], [79.308, 11.633], [79.312, 11.644], [79.318, 11.642], [79.321, 11.649], [79.326, 11.648], [79.333, 11.661], [79.359, 11.66], [79.362, 11.661], [79.362, 11.673], [79.377, 11.679], [79.395, 11.68], [79.395, 11.677], [79.418, 11.671], [79.418, 11.668], [79.432, 11.666], [79.444, 11.666], [79.442, 11.689], [79.437, 11.692], [79.434, 11.703], [79.437, 11.718], [79.428, 11.731], [79.439, 11.736], [79.457, 11.737], [79.463, 11.743], [79.464, 11.767], [79.453, 11.77], [79.446, 11.764], [79.436, 11.768], [79.435, 11.775], [79.43, 11.778], [79.439, 11.789], [79.442, 11.81], [79.466, 11.807], [79.464, 11.8], [79.47, 11.8], [79.472, 11.806], [79.478, 11.806], [79.482, 11.812], [79.476, 11.823], [79.481, 11.829], [79.48, 11.838], [79.47, 11.835], [79.469, 11.844], [79.472, 11.847], [79.451, 11.849], [79.455, 11.871]]]}}, {"type": "Feature", "properties": {"id": "TN-078", "ac_no": 78, "name": "Rishivandiyam", "district": "VILUPPURAM", "pc": "KALLAKURICHI"}, "geometry": {"type": "Polygon", "coordinates": [[[78.996, 12.068], [78.988, 12.055], [78.98, 12.066], [78.964, 12.065], [78.958, 12.068], [78.915, 12.015], [78.897, 12.018], [78.88, 12.027], [78.856, 12.013], [78.83, 12.008], [78.863, 11.987], [78.856, 11.984], [78.858, 11.975], [78.849, 11.963], [78.852, 11.958], [78.894, 11.963], [78.904, 11.961], [78.913, 11.951], [78.934, 11.96], [78.938, 11.956], [78.937, 11.937], [78.942, 11.932], [78.939, 11.921], [78.952, 11.916], [78.949, 11.901], [78.954, 11.889], [78.974, 11.911], [78.979, 11.909], [78.979, 11.901], [78.994, 11.886], [78.986, 11.87], [78.985, 11.861], [78.991, 11.854], [78.98, 11.836], [78.98, 11.814], [79.021, 11.803], [79.023, 11.789], [79.018, 11.775], [79.03, 11.753], [79.038, 11.766], [79.046, 11.764], [79.047, 11.759], [79.056, 11.763], [79.056, 11.77], [79.078, 11.792], [79.088, 11.786], [79.097, 11.795], [79.12, 11.805], [79.124, 11.807], [79.13, 11.81], [79.139, 11.821], [79.134, 11.853], [79.126, 11.854], [79.136, 11.867], [79.14, 11.868], [79.141, 11.86], [79.149, 11.863], [79.162, 11.851], [79.18, 11.854], [79.191, 11.848], [79.224, 11.858], [79.231, 11.874], [79.242, 11.871], [79.247, 11.872], [79.218, 11.876], [79.217, 11.895], [79.223, 11.904], [79.213, 11.912], [79.218, 11.918], [79.22, 11.931], [79.214, 11.937], [79.221, 11.946], [79.221, 11.955], [79.205, 11.952], [79.203, 11.946], [79.195, 11.947], [79.186, 11.955], [79.188, 11.961], [79.183, 11.974], [79.169, 11.966], [79.15, 11.965], [79.13, 11.968], [79.122, 11.976], [79.121, 11.994], [79.13, 12.004], [79.127, 12.011], [79.143, 12.016], [79.136, 12.026], [79.125, 12.019], [79.112, 12.027], [79.106, 12.02], [79.095, 12.025], [79.093, 12.031], [79.079, 12.032], [79.081, 12.039], [79.076, 12.044], [79.08, 12.047], [79.088, 12.043], [79.098, 12.066], [79.091, 12.078], [79.085, 12.081], [79.079, 12.071], [79.063, 12.07], [79.061, 12.06], [79.068, 12.052], [79.06, 12.052], [79.052, 12.036], [79.022, 12.05], [79.022, 12.057], [79.031, 12.064], [78.996, 12.068]]]}}, {"type": "Feature", "properties": {"id": "TN-079", "ac_no": 79, "name": "Sankarapuram", "district": "VILUPPURAM", "pc": "KALLAKURICHI"}, "geometry": {"type": "Polygon", "coordinates": [[[78.717, 11.984], [78.71, 11.967], [78.713, 11.951], [78.709, 11.951], [78.704, 11.939], [78.724, 11.92], [78.711, 11.908], [78.708, 11.897], [78.694, 11.894], [78.69, 11.904], [78.66, 11.895], [78.652, 11.885], [78.634, 11.889], [78.634, 11.875], [78.627, 11.872], [78.633, 11.865], [78.653, 11.866], [78.659, 11.857], [78.682, 11.857], [78.695, 11.851], [78.691, 11.804], [78.666, 11.796], [78.663, 11.78], [78.64, 11.764], [78.643, 11.754], [78.638, 11.74], [78.638, 11.723], [78.653, 11.715], [78.65, 11.67], [78.646, 11.661], [78.66, 11.662], [78.658, 11.648], [78.662, 11.647], [78.68, 11.644], [78.678, 11.665], [78.683, 11.668], [78.678, 11.667], [78.678, 11.671], [78.682, 11.683], [78.692, 11.69], [78.709, 11.69], [78.718, 11.684], [78.736, 11.693], [78.749, 11.692], [78.781, 11.703], [78.804, 11.686], [78.824, 11.674], [78.833, 11.674], [78.839, 11.687], [78.837, 11.704], [78.874, 11.698], [78.882, 11.7], [78.881, 11.708], [78.888, 11.712], [78.887, 11.737], [78.893, 11.752], [78.905, 11.764], [78.914, 11.758], [78.918, 11.764], [78.928, 11.755], [78.944, 11.751], [78.955, 11.761], [78.95, 11.774], [78.969, 11.779], [78.985, 11.77], [78.989, 11.759], [79.005, 11.755], [79.018, 11.775], [79.023, 11.789], [79.021, 11.803], [78.98, 11.814], [78.98, 11.836], [78.991, 11.854], [78.985, 11.861], [78.986, 11.87], [78.994, 11.886], [78.979, 11.901], [78.979, 11.909], [78.974, 11.911], [78.954, 11.889], [78.949, 11.901], [78.952, 11.916], [78.939, 11.921], [78.942, 11.932], [78.937, 11.937], [78.938, 11.956], [78.934, 11.96], [78.913, 11.951], [78.904, 11.961], [78.894, 11.963], [78.852, 11.958], [78.849, 11.963], [78.858, 11.975], [78.856, 11.984], [78.863, 11.987], [78.83, 12.008], [78.816, 12.01], [78.804, 12.02], [78.776, 12.007], [78.757, 12.012], [78.746, 11.997], [78.737, 11.994], [78.738, 11.987], [78.718, 11.988], [78.717, 11.984]]]}}, {"type": "Feature", "properties": {"id": "TN-080", "ac_no": 80, "name": "Kallakurichi (SC)", "district": "VILUPPURAM", "pc": "KALLAKURICHI"}, "geometry": {"type": "Polygon", "coordinates": [[[79.124, 11.807], [79.12, 11.805], [79.097, 11.795], [79.088, 11.786], [79.078, 11.792], [79.056, 11.77], [79.056, 11.763], [79.047, 11.759], [79.046, 11.764], [79.038, 11.766], [79.03, 11.753], [79.018, 11.775], [79.005, 11.755], [78.989, 11.759], [78.985, 11.77], [78.969, 11.779], [78.95, 11.774], [78.955, 11.761], [78.944, 11.751], [78.928, 11.755], [78.918, 11.764], [78.914, 11.758], [78.905, 11.764], [78.893, 11.752], [78.887, 11.737], [78.888, 11.712], [78.881, 11.708], [78.882, 11.7], [78.874, 11.698], [78.837, 11.704], [78.839, 11.687], [78.833, 11.674], [78.824, 11.674], [78.804, 11.686], [78.805, 11.66], [78.795, 11.658], [78.793, 11.651], [78.774, 11.636], [78.786, 11.641], [78.789, 11.629], [78.786, 11.614], [78.777, 11.613], [78.776, 11.606], [78.817, 11.59], [78.829, 11.578], [78.816, 11.561], [78.816, 11.544], [78.836, 11.54], [78.835, 11.53], [78.843, 11.523], [78.871, 11.518], [78.878, 11.508], [78.879, 11.51], [78.905, 11.505], [78.917, 11.529], [78.915, 11.538], [78.924, 11.567], [78.971, 11.574], [78.98, 11.568], [78.995, 11.575], [79.004, 11.575], [79.019, 11.593], [79.012, 11.603], [79.018, 11.607], [79.033, 11.598], [79.05, 11.596], [79.043, 11.587], [79.049, 11.586], [79.065, 11.593], [79.068, 11.599], [79.077, 11.599], [79.077, 11.608], [79.066, 11.611], [79.069, 11.621], [79.067, 11.63], [79.078, 11.63], [79.084, 11.634], [79.091, 11.623], [79.098, 11.621], [79.098, 11.614], [79.103, 11.611], [79.106, 11.615], [79.113, 11.613], [79.118, 11.606], [79.116, 11.599], [79.134, 11.594], [79.136, 11.589], [79.148, 11.59], [79.15, 11.597], [79.156, 11.598], [79.184, 11.586], [79.192, 11.593], [79.194, 11.602], [79.181, 11.61], [79.191, 11.619], [79.193, 11.628], [79.192, 11.639], [79.178, 11.644], [79.182, 11.657], [79.152, 11.669], [79.158, 11.673], [79.167, 11.699], [79.151, 11.704], [79.13, 11.7], [79.127, 11.708], [79.127, 11.713], [79.137, 11.725], [79.144, 11.752], [79.132, 11.762], [79.125, 11.759], [79.128, 11.776], [79.12, 11.779], [79.119, 11.788], [79.124, 11.807]]]}}, {"type": "Feature", "properties": {"id": "TN-081", "ac_no": 81, "name": "Gangavalli (SC)", "district": "SALEM", "pc": "KALLAKURICHI"}, "geometry": {"type": "Polygon", "coordinates": [[[78.804, 11.686], [78.781, 11.703], [78.749, 11.692], [78.736, 11.693], [78.718, 11.684], [78.709, 11.69], [78.692, 11.69], [78.682, 11.683], [78.678, 11.671], [78.678, 11.667], [78.683, 11.668], [78.678, 11.665], [78.68, 11.644], [78.662, 11.647], [78.648, 11.637], [78.648, 11.606], [78.662, 11.584], [78.655, 11.579], [78.654, 11.569], [78.644, 11.558], [78.627, 11.509], [78.603, 11.52], [78.574, 11.513], [78.573, 11.505], [78.584, 11.503], [78.579, 11.5], [78.583, 11.49], [78.594, 11.491], [78.596, 11.485], [78.605, 11.484], [78.611, 11.491], [78.62, 11.49], [78.602, 11.463], [78.595, 11.463], [78.601, 11.477], [78.598, 11.478], [78.586, 11.475], [78.581, 11.469], [78.577, 11.472], [78.561, 11.459], [78.548, 11.458], [78.556, 11.469], [78.551, 11.482], [78.534, 11.48], [78.522, 11.471], [78.506, 11.48], [78.492, 11.476], [78.489, 11.48], [78.497, 11.492], [78.485, 11.484], [78.477, 11.49], [78.479, 11.502], [78.465, 11.503], [78.462, 11.495], [78.458, 11.503], [78.44, 11.495], [78.434, 11.499], [78.433, 11.476], [78.426, 11.473], [78.433, 11.463], [78.437, 11.464], [78.445, 11.44], [78.457, 11.438], [78.448, 11.429], [78.443, 11.408], [78.446, 11.402], [78.426, 11.386], [78.46, 11.404], [78.48, 11.406], [78.483, 11.413], [78.488, 11.414], [78.486, 11.407], [78.496, 11.409], [78.51, 11.396], [78.504, 11.379], [78.515, 11.385], [78.524, 11.371], [78.543, 11.369], [78.554, 11.358], [78.556, 11.327], [78.553, 11.325], [78.554, 11.318], [78.561, 11.316], [78.578, 11.317], [78.582, 11.33], [78.593, 11.328], [78.605, 11.338], [78.624, 11.336], [78.642, 11.343], [78.664, 11.374], [78.658, 11.381], [78.656, 11.402], [78.65, 11.408], [78.651, 11.422], [78.68, 11.43], [78.703, 11.456], [78.741, 11.45], [78.744, 11.443], [78.756, 11.437], [78.789, 11.388], [78.793, 11.391], [78.799, 11.386], [78.801, 11.403], [78.806, 11.402], [78.823, 11.428], [78.818, 11.433], [78.819, 11.44], [78.789, 11.454], [78.79, 11.458], [78.796, 11.462], [78.798, 11.483], [78.81, 11.483], [78.81, 11.508], [78.834, 11.507], [78.843, 11.523], [78.835, 11.53], [78.836, 11.54], [78.816, 11.544], [78.816, 11.561], [78.829, 11.578], [78.817, 11.59], [78.776, 11.606], [78.777, 11.613], [78.786, 11.614], [78.789, 11.629], [78.786, 11.641], [78.774, 11.636], [78.793, 11.651], [78.795, 11.658], [78.805, 11.66], [78.804, 11.686]]]}}, {"type": "Feature", "properties": {"id": "TN-082", "ac_no": 82, "name": "Attur(SC)", "district": "SALEM", "pc": "KALLAKURICHI"}, "geometry": {"type": "Polygon", "coordinates": [[[78.64, 11.764], [78.627, 11.772], [78.621, 11.756], [78.605, 11.759], [78.602, 11.755], [78.593, 11.755], [78.584, 11.725], [78.576, 11.728], [78.564, 11.722], [78.557, 11.728], [78.554, 11.723], [78.544, 11.723], [78.537, 11.731], [78.538, 11.74], [78.531, 11.729], [78.511, 11.734], [78.511, 11.744], [78.518, 11.74], [78.524, 11.746], [78.518, 11.751], [78.529, 11.764], [78.51, 11.771], [78.476, 11.761], [78.457, 11.744], [78.456, 11.75], [78.438, 11.747], [78.436, 11.732], [78.428, 11.731], [78.42, 11.718], [78.415, 11.72], [78.414, 11.709], [78.41, 11.706], [78.42, 11.704], [78.428, 11.711], [78.43, 11.703], [78.438, 11.699], [78.432, 11.686], [78.428, 11.685], [78.429, 11.689], [78.426, 11.69], [78.418, 11.684], [78.426, 11.671], [78.42, 11.661], [78.417, 11.638], [78.426, 11.637], [78.42, 11.633], [78.427, 11.632], [78.417, 11.615], [78.418, 11.611], [78.425, 11.612], [78.433, 11.595], [78.452, 11.597], [78.449, 11.566], [78.461, 11.561], [78.454, 11.542], [78.466, 11.538], [78.46, 11.535], [78.462, 11.529], [78.47, 11.529], [78.473, 11.523], [78.465, 11.503], [78.479, 11.502], [78.477, 11.49], [78.485, 11.484], [78.497, 11.492], [78.489, 11.48], [78.492, 11.476], [78.506, 11.48], [78.522, 11.471], [78.534, 11.48], [78.551, 11.482], [78.556, 11.469], [78.548, 11.458], [78.561, 11.459], [78.577, 11.472], [78.581, 11.469], [78.586, 11.475], [78.598, 11.478], [78.601, 11.477], [78.595, 11.463], [78.602, 11.463], [78.62, 11.49], [78.611, 11.491], [78.605, 11.484], [78.596, 11.485], [78.594, 11.491], [78.583, 11.49], [78.579, 11.5], [78.584, 11.503], [78.573, 11.505], [78.574, 11.513], [78.603, 11.52], [78.627, 11.509], [78.644, 11.558], [78.654, 11.569], [78.655, 11.579], [78.662, 11.584], [78.648, 11.606], [78.648, 11.637], [78.662, 11.647], [78.658, 11.648], [78.66, 11.662], [78.646, 11.661], [78.65, 11.67], [78.653, 11.715], [78.638, 11.723], [78.638, 11.74], [78.643, 11.754], [78.64, 11.764]]]}}, {"type": "Feature", "properties": {"id": "TN-083", "ac_no": 83, "name": "Yercaud (ST)", "district": "SALEM", "pc": "KALLAKURICHI"}, "geometry": {"type": "Polygon", "coordinates": [[[78.236, 11.918], [78.208, 11.881], [78.212, 11.877], [78.207, 11.87], [78.196, 11.869], [78.193, 11.878], [78.174, 11.887], [78.176, 11.893], [78.17, 11.896], [78.16, 11.885], [78.155, 11.86], [78.167, 11.844], [78.163, 11.837], [78.15, 11.847], [78.142, 11.846], [78.139, 11.836], [78.15, 11.822], [78.137, 11.818], [78.129, 11.809], [78.129, 11.802], [78.138, 11.791], [78.154, 11.785], [78.159, 11.778], [78.159, 11.754], [78.148, 11.743], [78.17, 11.738], [78.177, 11.73], [78.178, 11.72], [78.188, 11.72], [78.186, 11.712], [78.205, 11.725], [78.206, 11.717], [78.215, 11.716], [78.203, 11.699], [78.202, 11.686], [78.195, 11.68], [78.21, 11.674], [78.207, 11.663], [78.209, 11.65], [78.224, 11.655], [78.229, 11.651], [78.224, 11.65], [78.221, 11.635], [78.241, 11.632], [78.258, 11.64], [78.259, 11.634], [78.253, 11.623], [78.271, 11.632], [78.277, 11.641], [78.297, 11.637], [78.312, 11.624], [78.318, 11.606], [78.318, 11.599], [78.313, 11.596], [78.31, 11.588], [78.319, 11.579], [78.318, 11.573], [78.31, 11.575], [78.307, 11.565], [78.329, 11.559], [78.324, 11.555], [78.323, 11.543], [78.31, 11.541], [78.326, 11.537], [78.328, 11.531], [78.345, 11.542], [78.344, 11.547], [78.356, 11.559], [78.374, 11.589], [78.376, 11.577], [78.383, 11.575], [78.386, 11.587], [78.433, 11.595], [78.425, 11.612], [78.418, 11.611], [78.417, 11.615], [78.427, 11.632], [78.42, 11.633], [78.426, 11.637], [78.417, 11.638], [78.42, 11.661], [78.426, 11.671], [78.418, 11.684], [78.426, 11.69], [78.429, 11.689], [78.428, 11.685], [78.432, 11.686], [78.438, 11.699], [78.43, 11.703], [78.428, 11.711], [78.42, 11.704], [78.41, 11.706], [78.414, 11.709], [78.415, 11.72], [78.42, 11.718], [78.428, 11.731], [78.436, 11.732], [78.438, 11.747], [78.456, 11.75], [78.457, 11.744], [78.476, 11.761], [78.51, 11.771], [78.529, 11.764], [78.518, 11.751], [78.524, 11.746], [78.518, 11.74], [78.511, 11.744], [78.511, 11.734], [78.531, 11.729], [78.538, 11.74], [78.537, 11.731], [78.544, 11.723], [78.554, 11.723], [78.557, 11.728], [78.564, 11.722], [78.576, 11.728], [78.584, 11.725], [78.593, 11.755], [78.602, 11.755], [78.605, 11.759], [78.621, 11.756], [78.627, 11.772], [78.64, 11.764], [78.663, 11.78], [78.666, 11.796], [78.691, 11.804], [78.695, 11.851], [78.682, 11.857], [78.659, 11.857], [78.653, 11.866], [78.633, 11.865], [78.627, 11.872], [78.608, 11.848], [78.597, 11.824], [78.573, 11.82], [78.54, 11.805], [78.522, 11.816], [78.512, 11.812], [78.474, 11.818], [78.469, 11.824], [78.449, 11.83], [78.44, 11.84], [78.433, 11.862], [78.441, 11.869], [78.414, 11.88], [78.403, 11.874], [78.382, 11.828], [78.352, 11.793], [78.346, 11.793], [78.329, 11.776], [78.322, 11.778], [78.313, 11.783], [78.329, 11.797], [78.351, 11.834], [78.347, 11.84], [78.351, 11.845], [78.348, 11.848], [78.351, 11.848], [78.356, 11.864], [78.367, 11.88], [78.368, 11.889], [78.353, 11.894], [78.36, 11.908], [78.357, 11.914], [78.34, 11.897], [78.335, 11.9], [78.308, 11.881], [78.327, 11.899], [78.323, 11.904], [78.332, 11.919], [78.329, 11.926], [78.319, 11.932], [78.292, 11.914], [78.293, 11.906], [78.272, 11.897], [78.269, 11.899], [78.28, 11.913], [78.28, 11.923], [78.288, 11.924], [78.293, 11.929], [78.29, 11.932], [78.277, 11.931], [78.26, 11.911], [78.263, 11.927], [78.273, 11.939], [78.256, 11.94], [78.255, 11.934], [78.236, 11.918]]]}}, {"type": "Feature", "properties": {"id": "TN-084", "ac_no": 84, "name": "Omalur", "district": "SALEM", "pc": "SALEM"}, "geometry": {"type": "Polygon", "coordinates": [[[78.236, 11.918], [78.25, 11.938], [78.252, 11.95], [78.245, 11.969], [78.235, 11.979], [78.14, 11.967], [78.119, 11.96], [78.1, 11.956], [78.074, 11.937], [78.061, 11.938], [78.056, 11.929], [78.029, 11.909], [77.979, 11.891], [77.981, 11.882], [77.986, 11.883], [77.987, 11.88], [77.982, 11.875], [77.99, 11.863], [77.981, 11.854], [77.991, 11.848], [77.987, 11.841], [77.993, 11.838], [77.99, 11.826], [78.003, 11.818], [78.001, 11.811], [78.009, 11.813], [78.005, 11.805], [78.006, 11.783], [78.022, 11.775], [78.019, 11.771], [77.999, 11.76], [77.976, 11.77], [77.971, 11.763], [77.967, 11.78], [77.954, 11.784], [77.954, 11.779], [77.946, 11.78], [77.946, 11.772], [77.934, 11.76], [77.946, 11.75], [77.946, 11.746], [77.942, 11.741], [77.934, 11.741], [77.945, 11.728], [77.934, 11.723], [77.912, 11.727], [77.904, 11.722], [77.9, 11.697], [77.906, 11.689], [77.914, 11.69], [77.917, 11.686], [77.925, 11.696], [77.933, 11.693], [77.937, 11.681], [77.947, 11.684], [77.957, 11.678], [77.962, 11.683], [77.969, 11.679], [77.978, 11.695], [77.985, 11.695], [77.984, 11.702], [77.989, 11.708], [78.002, 11.707], [78.017, 11.719], [78.035, 11.712], [78.038, 11.731], [78.046, 11.72], [78.056, 11.727], [78.068, 11.726], [78.068, 11.731], [78.081, 11.726], [78.107, 11.733], [78.114, 11.727], [78.13, 11.725], [78.148, 11.743], [78.159, 11.754], [78.159, 11.778], [78.154, 11.785], [78.138, 11.791], [78.129, 11.802], [78.129, 11.809], [78.137, 11.818], [78.15, 11.822], [78.139, 11.836], [78.142, 11.846], [78.15, 11.847], [78.163, 11.837], [78.167, 11.844], [78.155, 11.86], [78.16, 11.885], [78.17, 11.896], [78.176, 11.893], [78.174, 11.887], [78.193, 11.878], [78.196, 11.869], [78.207, 11.87], [78.212, 11.877], [78.208, 11.881], [78.236, 11.918]]]}}, {"type": "Feature", "properties": {"id": "TN-085", "ac_no": 85, "name": "Mettur", "district": "SALEM", "pc": "DHARMAPURI"}, "geometry": {"type": "Polygon", "coordinates": [[[77.676, 11.952], [77.681, 11.925], [77.679, 11.9], [77.685, 11.89], [77.685, 11.878], [77.662, 11.878], [77.662, 11.852], [77.646, 11.819], [77.653, 11.813], [77.661, 11.814], [77.666, 11.824], [77.691, 11.818], [77.7, 11.811], [77.71, 11.811], [77.71, 11.798], [77.722, 11.795], [77.708, 11.767], [77.696, 11.721], [77.691, 11.718], [77.695, 11.706], [77.69, 11.694], [77.698, 11.694], [77.689, 11.652], [77.7, 11.635], [77.706, 11.634], [77.716, 11.642], [77.715, 11.649], [77.724, 11.65], [77.734, 11.658], [77.746, 11.654], [77.749, 11.659], [77.77, 11.697], [77.775, 11.696], [77.782, 11.71], [77.784, 11.735], [77.798, 11.764], [77.811, 11.765], [77.806, 11.755], [77.816, 11.753], [77.852, 11.765], [77.867, 11.783], [77.864, 11.787], [77.87, 11.8], [77.882, 11.791], [77.884, 11.783], [77.895, 11.782], [77.9, 11.798], [77.913, 11.797], [77.917, 11.802], [77.921, 11.796], [77.936, 11.794], [77.946, 11.78], [77.954, 11.779], [77.954, 11.784], [77.967, 11.78], [77.971, 11.763], [77.976, 11.77], [77.999, 11.76], [78.019, 11.771], [78.022, 11.775], [78.006, 11.783], [78.005, 11.805], [78.009, 11.813], [78.001, 11.811], [78.003, 11.818], [77.99, 11.826], [77.993, 11.838], [77.987, 11.841], [77.991, 11.848], [77.981, 11.854], [77.99, 11.863], [77.982, 11.875], [77.987, 11.88], [77.986, 11.883], [77.981, 11.882], [77.979, 11.891], [78.029, 11.909], [78.056, 11.929], [78.061, 11.938], [78.035, 11.935], [78.027, 11.921], [78.011, 11.922], [77.998, 11.909], [77.98, 11.903], [77.978, 11.897], [77.956, 11.901], [77.948, 11.895], [77.934, 11.9], [77.905, 11.9], [77.895, 11.908], [77.883, 11.912], [77.873, 11.911], [77.867, 11.916], [77.85, 11.905], [77.848, 11.895], [77.807, 11.909], [77.762, 11.91], [77.75, 11.928], [77.74, 11.932], [77.738, 11.94], [77.691, 11.942], [77.676, 11.952]]]}}, {"type": "Feature", "properties": {"id": "TN-086", "ac_no": 86, "name": "Edappadi", "district": "SALEM", "pc": "SALEM"}, "geometry": {"type": "Polygon", "coordinates": [[[77.946, 11.78], [77.936, 11.794], [77.921, 11.796], [77.917, 11.802], [77.913, 11.797], [77.9, 11.798], [77.895, 11.782], [77.884, 11.783], [77.882, 11.791], [77.87, 11.8], [77.864, 11.787], [77.867, 11.783], [77.852, 11.765], [77.816, 11.753], [77.806, 11.755], [77.811, 11.765], [77.798, 11.764], [77.784, 11.735], [77.782, 11.71], [77.775, 11.696], [77.761, 11.648], [77.736, 11.602], [77.746, 11.57], [77.743, 11.563], [77.74, 11.554], [77.749, 11.555], [77.759, 11.573], [77.746, 11.576], [77.753, 11.58], [77.76, 11.591], [77.802, 11.583], [77.808, 11.585], [77.808, 11.565], [77.816, 11.558], [77.852, 11.561], [77.846, 11.543], [77.836, 11.536], [77.839, 11.531], [77.886, 11.521], [77.902, 11.524], [77.914, 11.537], [77.916, 11.548], [77.921, 11.548], [77.925, 11.557], [77.931, 11.556], [77.92, 11.566], [77.924, 11.575], [77.932, 11.575], [77.934, 11.568], [77.943, 11.567], [77.958, 11.59], [77.95, 11.605], [77.952, 11.62], [77.941, 11.624], [77.942, 11.665], [77.924, 11.668], [77.92, 11.659], [77.916, 11.659], [77.915, 11.669], [77.903, 11.671], [77.9, 11.681], [77.906, 11.689], [77.9, 11.697], [77.904, 11.722], [77.912, 11.727], [77.934, 11.723], [77.945, 11.728], [77.934, 11.741], [77.942, 11.741], [77.946, 11.746], [77.946, 11.75], [77.934, 11.76], [77.946, 11.772], [77.946, 11.78]]]}}, {"type": "Feature", "properties": {"id": "TN-087", "ac_no": 87, "name": "Sankari", "district": "SALEM", "pc": "NAMAKKAL"}, "geometry": {"type": "Polygon", "coordinates": [[[78.002, 11.707], [77.989, 11.708], [77.984, 11.702], [77.985, 11.695], [77.978, 11.695], [77.969, 11.679], [77.962, 11.683], [77.957, 11.678], [77.947, 11.684], [77.937, 11.681], [77.933, 11.693], [77.925, 11.696], [77.917, 11.686], [77.914, 11.69], [77.906, 11.689], [77.9, 11.681], [77.903, 11.671], [77.915, 11.669], [77.916, 11.659], [77.92, 11.659], [77.924, 11.668], [77.942, 11.665], [77.941, 11.624], [77.952, 11.62], [77.95, 11.605], [77.958, 11.59], [77.943, 11.567], [77.934, 11.568], [77.932, 11.575], [77.924, 11.575], [77.92, 11.566], [77.931, 11.556], [77.925, 11.557], [77.921, 11.548], [77.916, 11.548], [77.914, 11.537], [77.902, 11.524], [77.886, 11.521], [77.839, 11.531], [77.836, 11.536], [77.846, 11.543], [77.852, 11.561], [77.816, 11.558], [77.808, 11.565], [77.808, 11.585], [77.802, 11.583], [77.76, 11.591], [77.753, 11.58], [77.746, 11.576], [77.759, 11.573], [77.749, 11.555], [77.74, 11.554], [77.743, 11.563], [77.724, 11.536], [77.732, 11.518], [77.732, 11.51], [77.702, 11.483], [77.697, 11.464], [77.706, 11.461], [77.709, 11.466], [77.712, 11.464], [77.709, 11.449], [77.719, 11.453], [77.731, 11.445], [77.742, 11.446], [77.76, 11.451], [77.766, 11.479], [77.773, 11.483], [77.784, 11.478], [77.791, 11.466], [77.784, 11.451], [77.804, 11.448], [77.806, 11.459], [77.814, 11.458], [77.816, 11.468], [77.808, 11.469], [77.83, 11.47], [77.835, 11.457], [77.82, 11.446], [77.847, 11.436], [77.85, 11.434], [77.848, 11.421], [77.852, 11.422], [77.853, 11.415], [77.864, 11.423], [77.865, 11.417], [77.875, 11.413], [77.88, 11.423], [77.89, 11.424], [77.89, 11.419], [77.9, 11.419], [77.906, 11.425], [77.911, 11.422], [77.91, 11.442], [77.914, 11.444], [77.915, 11.459], [77.919, 11.452], [77.924, 11.452], [77.923, 11.461], [77.929, 11.458], [77.942, 11.46], [77.949, 11.474], [77.955, 11.469], [77.972, 11.468], [77.977, 11.5], [77.974, 11.515], [77.978, 11.529], [78.006, 11.524], [78.019, 11.529], [78.02, 11.552], [78.006, 11.556], [78.014, 11.586], [77.999, 11.592], [77.996, 11.602], [77.999, 11.611], [78.018, 11.607], [78.029, 11.62], [78.027, 11.629], [78.005, 11.648], [78.012, 11.653], [78.015, 11.663], [78.021, 11.657], [78.03, 11.66], [78.037, 11.687], [78.034, 11.689], [78.04, 11.691], [78.033, 11.697], [78.027, 11.695], [78.029, 11.698], [78.025, 11.7], [78.009, 11.691], [78.001, 11.7], [78.002, 11.707]]]}}, {"type": "Feature", "properties": {"id": "TN-088", "ac_no": 88, "name": "Salem (West)", "district": "SALEM", "pc": "SALEM"}, "geometry": {"type": "Polygon", "coordinates": [[[78.203, 11.699], [78.215, 11.716], [78.206, 11.717], [78.205, 11.725], [78.186, 11.712], [78.188, 11.72], [78.178, 11.72], [78.177, 11.73], [78.17, 11.738], [78.148, 11.743], [78.13, 11.725], [78.114, 11.727], [78.107, 11.733], [78.081, 11.726], [78.068, 11.731], [78.068, 11.726], [78.056, 11.727], [78.046, 11.72], [78.038, 11.731], [78.035, 11.712], [78.017, 11.719], [78.002, 11.707], [78.001, 11.7], [78.009, 11.691], [78.025, 11.7], [78.029, 11.698], [78.027, 11.695], [78.033, 11.697], [78.04, 11.691], [78.048, 11.691], [78.051, 11.674], [78.06, 11.677], [78.068, 11.673], [78.067, 11.665], [78.073, 11.666], [78.077, 11.655], [78.084, 11.654], [78.079, 11.651], [78.081, 11.645], [78.09, 11.648], [78.093, 11.662], [78.091, 11.666], [78.102, 11.673], [78.101, 11.695], [78.108, 11.702], [78.12, 11.705], [78.123, 11.712], [78.133, 11.711], [78.131, 11.705], [78.137, 11.697], [78.155, 11.704], [78.155, 11.719], [78.162, 11.721], [78.166, 11.718], [78.165, 11.709], [78.171, 11.711], [78.175, 11.696], [78.186, 11.695], [78.189, 11.702], [78.203, 11.699]]]}}, {"type": "Feature", "properties": {"id": "TN-089", "ac_no": 89, "name": "Salem (North)", "district": "SALEM", "pc": "SALEM"}, "geometry": {"type": "Polygon", "coordinates": [[[78.203, 11.699], [78.189, 11.702], [78.186, 11.695], [78.175, 11.696], [78.171, 11.711], [78.165, 11.709], [78.166, 11.718], [78.162, 11.721], [78.155, 11.719], [78.155, 11.704], [78.137, 11.697], [78.131, 11.705], [78.133, 11.711], [78.123, 11.712], [78.12, 11.705], [78.108, 11.702], [78.101, 11.695], [78.102, 11.673], [78.091, 11.666], [78.093, 11.662], [78.106, 11.666], [78.111, 11.658], [78.12, 11.649], [78.148, 11.651], [78.158, 11.658], [78.191, 11.665], [78.196, 11.66], [78.207, 11.663], [78.21, 11.674], [78.195, 11.68], [78.202, 11.686], [78.203, 11.699]]]}}, {"type": "Feature", "properties": {"id": "TN-090", "ac_no": 90, "name": "Salem (South)", "district": "SALEM", "pc": "SALEM"}, "geometry": {"type": "Polygon", "coordinates": [[[78.207, 11.663], [78.196, 11.66], [78.191, 11.665], [78.158, 11.658], [78.148, 11.651], [78.12, 11.649], [78.111, 11.658], [78.104, 11.659], [78.107, 11.654], [78.097, 11.652], [78.095, 11.638], [78.114, 11.621], [78.119, 11.633], [78.126, 11.637], [78.136, 11.616], [78.155, 11.624], [78.157, 11.632], [78.176, 11.631], [78.177, 11.624], [78.191, 11.625], [78.196, 11.631], [78.198, 11.643], [78.224, 11.65], [78.229, 11.651], [78.224, 11.655], [78.209, 11.65], [78.207, 11.663]]]}}, {"type": "Feature", "properties": {"id": "TN-091", "ac_no": 91, "name": "Veerapandi", "district": "SALEM", "pc": "SALEM"}, "geometry": {"type": "Polygon", "coordinates": [[[78.111, 11.658], [78.106, 11.666], [78.093, 11.662], [78.09, 11.648], [78.081, 11.645], [78.079, 11.651], [78.084, 11.654], [78.077, 11.655], [78.073, 11.666], [78.067, 11.665], [78.068, 11.673], [78.06, 11.677], [78.051, 11.674], [78.048, 11.691], [78.04, 11.691], [78.034, 11.689], [78.037, 11.687], [78.03, 11.66], [78.021, 11.657], [78.015, 11.663], [78.012, 11.653], [78.005, 11.648], [78.027, 11.629], [78.029, 11.62], [78.018, 11.607], [77.999, 11.611], [77.996, 11.602], [77.999, 11.592], [78.014, 11.586], [78.006, 11.556], [78.02, 11.552], [78.019, 11.529], [78.035, 11.529], [78.035, 11.522], [78.054, 11.514], [78.055, 11.522], [78.058, 11.515], [78.062, 11.523], [78.067, 11.523], [78.07, 11.529], [78.07, 11.524], [78.074, 11.522], [78.078, 11.529], [78.077, 11.543], [78.083, 11.554], [78.086, 11.546], [78.091, 11.546], [78.105, 11.557], [78.11, 11.556], [78.117, 11.541], [78.131, 11.538], [78.138, 11.544], [78.146, 11.539], [78.16, 11.539], [78.166, 11.548], [78.178, 11.545], [78.176, 11.549], [78.181, 11.551], [78.201, 11.553], [78.209, 11.565], [78.239, 11.558], [78.243, 11.553], [78.264, 11.559], [78.277, 11.566], [78.264, 11.567], [78.272, 11.579], [78.31, 11.588], [78.313, 11.596], [78.318, 11.599], [78.318, 11.606], [78.312, 11.624], [78.297, 11.637], [78.277, 11.641], [78.271, 11.632], [78.253, 11.623], [78.259, 11.634], [78.258, 11.64], [78.241, 11.632], [78.221, 11.635], [78.224, 11.65], [78.198, 11.643], [78.196, 11.631], [78.191, 11.625], [78.177, 11.624], [78.176, 11.631], [78.157, 11.632], [78.155, 11.624], [78.136, 11.616], [78.126, 11.637], [78.119, 11.633], [78.114, 11.621], [78.095, 11.638], [78.097, 11.652], [78.107, 11.654], [78.104, 11.659], [78.111, 11.658]]]}}, {"type": "Feature", "properties": {"id": "TN-092", "ac_no": 92, "name": "Rasipuram (SC)", "district": "NAMAKKAL   *", "pc": "NAMAKKAL"}, "geometry": {"type": "Polygon", "coordinates": [[[78.433, 11.595], [78.386, 11.587], [78.383, 11.575], [78.376, 11.577], [78.374, 11.589], [78.356, 11.559], [78.344, 11.547], [78.345, 11.542], [78.328, 11.531], [78.326, 11.537], [78.31, 11.541], [78.323, 11.543], [78.324, 11.555], [78.329, 11.559], [78.307, 11.565], [78.31, 11.575], [78.318, 11.573], [78.319, 11.579], [78.31, 11.588], [78.272, 11.579], [78.264, 11.567], [78.277, 11.566], [78.264, 11.559], [78.243, 11.553], [78.239, 11.558], [78.209, 11.565], [78.201, 11.553], [78.181, 11.551], [78.176, 11.549], [78.178, 11.545], [78.166, 11.548], [78.16, 11.539], [78.146, 11.539], [78.138, 11.544], [78.131, 11.538], [78.117, 11.541], [78.11, 11.556], [78.105, 11.557], [78.091, 11.546], [78.086, 11.546], [78.083, 11.554], [78.077, 11.543], [78.078, 11.529], [78.074, 11.522], [78.07, 11.508], [78.075, 11.5], [78.083, 11.5], [78.08, 11.49], [78.066, 11.484], [78.063, 11.49], [78.06, 11.485], [78.051, 11.488], [78.053, 11.466], [78.062, 11.464], [78.061, 11.46], [78.067, 11.453], [78.083, 11.445], [78.088, 11.447], [78.094, 11.463], [78.106, 11.464], [78.116, 11.448], [78.116, 11.432], [78.112, 11.431], [78.106, 11.419], [78.124, 11.417], [78.119, 11.41], [78.136, 11.409], [78.135, 11.419], [78.138, 11.414], [78.145, 11.413], [78.142, 11.423], [78.154, 11.419], [78.154, 11.429], [78.163, 11.429], [78.162, 11.422], [78.172, 11.426], [78.175, 11.424], [78.172, 11.411], [78.188, 11.424], [78.197, 11.423], [78.195, 11.413], [78.202, 11.413], [78.209, 11.405], [78.206, 11.396], [78.217, 11.399], [78.222, 11.394], [78.232, 11.394], [78.224, 11.385], [78.227, 11.383], [78.244, 11.393], [78.233, 11.427], [78.223, 11.43], [78.229, 11.441], [78.238, 11.446], [78.235, 11.457], [78.238, 11.465], [78.255, 11.479], [78.301, 11.485], [78.304, 11.48], [78.32, 11.485], [78.32, 11.482], [78.313, 11.466], [78.316, 11.454], [78.299, 11.431], [78.325, 11.412], [78.339, 11.413], [78.343, 11.417], [78.337, 11.426], [78.345, 11.434], [78.35, 11.432], [78.361, 11.437], [78.368, 11.447], [78.385, 11.441], [78.394, 11.447], [78.402, 11.446], [78.402, 11.429], [78.41, 11.429], [78.407, 11.424], [78.414, 11.424], [78.418, 11.42], [78.448, 11.429], [78.457, 11.438], [78.445, 11.44], [78.437, 11.464], [78.433, 11.463], [78.426, 11.473], [78.433, 11.476], [78.434, 11.499], [78.44, 11.495], [78.458, 11.503], [78.462, 11.495], [78.465, 11.503], [78.473, 11.523], [78.47, 11.529], [78.462, 11.529], [78.46, 11.535], [78.466, 11.538], [78.454, 11.542], [78.461, 11.561], [78.449, 11.566], [78.452, 11.597], [78.433, 11.595]]]}}, {"type": "Feature", "properties": {"id": "TN-093", "ac_no": 93, "name": "Senthamangalam(ST)", "district": "NAMAKKAL   *", "pc": "NAMAKKAL"}, "geometry": {"type": "Polygon", "coordinates": [[[78.448, 11.429], [78.418, 11.42], [78.414, 11.424], [78.407, 11.424], [78.41, 11.429], [78.402, 11.429], [78.402, 11.446], [78.394, 11.447], [78.385, 11.441], [78.368, 11.447], [78.361, 11.437], [78.35, 11.432], [78.345, 11.434], [78.337, 11.426], [78.343, 11.417], [78.339, 11.413], [78.325, 11.412], [78.299, 11.431], [78.316, 11.454], [78.313, 11.466], [78.32, 11.482], [78.32, 11.485], [78.304, 11.48], [78.301, 11.485], [78.255, 11.479], [78.238, 11.465], [78.235, 11.457], [78.238, 11.446], [78.229, 11.441], [78.223, 11.43], [78.233, 11.427], [78.244, 11.393], [78.227, 11.383], [78.224, 11.385], [78.225, 11.365], [78.237, 11.353], [78.25, 11.351], [78.245, 11.339], [78.22, 11.325], [78.211, 11.31], [78.219, 11.298], [78.216, 11.274], [78.211, 11.271], [78.213, 11.264], [78.207, 11.254], [78.208, 11.239], [78.215, 11.227], [78.194, 11.22], [78.185, 11.213], [78.184, 11.203], [78.188, 11.19], [78.183, 11.174], [78.196, 11.167], [78.198, 11.161], [78.188, 11.139], [78.2, 11.132], [78.199, 11.125], [78.213, 11.12], [78.212, 11.108], [78.222, 11.1], [78.228, 11.1], [78.231, 11.095], [78.249, 11.093], [78.256, 11.075], [78.266, 11.07], [78.273, 11.078], [78.29, 11.077], [78.295, 11.072], [78.323, 11.059], [78.33, 11.03], [78.344, 11.026], [78.35, 11.048], [78.361, 11.048], [78.364, 11.065], [78.352, 11.069], [78.341, 11.084], [78.337, 11.084], [78.341, 11.09], [78.339, 11.095], [78.325, 11.097], [78.327, 11.103], [78.343, 11.112], [78.347, 11.123], [78.346, 11.139], [78.377, 11.134], [78.381, 11.14], [78.378, 11.177], [78.387, 11.177], [78.381, 11.188], [78.411, 11.198], [78.414, 11.208], [78.421, 11.212], [78.42, 11.222], [78.439, 11.259], [78.438, 11.267], [78.447, 11.275], [78.453, 11.299], [78.465, 11.312], [78.456, 11.332], [78.447, 11.332], [78.447, 11.344], [78.457, 11.34], [78.456, 11.355], [78.464, 11.377], [78.47, 11.386], [78.479, 11.388], [78.486, 11.407], [78.488, 11.414], [78.483, 11.413], [78.48, 11.406], [78.46, 11.404], [78.426, 11.386], [78.446, 11.402], [78.443, 11.408], [78.448, 11.429]]]}}, {"type": "Feature", "properties": {"id": "TN-094", "ac_no": 94, "name": "Namakkal", "district": "NAMAKKAL   *", "pc": "NAMAKKAL"}, "geometry": {"type": "Polygon", "coordinates": [[[78.224, 11.385], [78.232, 11.394], [78.222, 11.394], [78.217, 11.399], [78.206, 11.396], [78.209, 11.405], [78.202, 11.413], [78.195, 11.413], [78.197, 11.423], [78.188, 11.424], [78.172, 11.411], [78.175, 11.424], [78.172, 11.426], [78.162, 11.422], [78.163, 11.429], [78.154, 11.429], [78.154, 11.419], [78.142, 11.423], [78.145, 11.413], [78.138, 11.414], [78.135, 11.419], [78.136, 11.409], [78.119, 11.41], [78.124, 11.417], [78.106, 11.419], [78.098, 11.4], [78.091, 11.373], [78.082, 11.362], [78.076, 11.34], [78.086, 11.332], [78.105, 11.328], [78.105, 11.32], [78.13, 11.309], [78.135, 11.297], [78.129, 11.291], [78.133, 11.289], [78.116, 11.273], [78.082, 11.281], [78.078, 11.284], [78.078, 11.292], [78.074, 11.294], [78.069, 11.288], [78.056, 11.293], [78.038, 11.272], [78.043, 11.264], [78.042, 11.235], [78.052, 11.233], [78.055, 11.216], [78.061, 11.21], [78.058, 11.179], [78.043, 11.168], [78.047, 11.165], [78.048, 11.145], [78.06, 11.14], [78.075, 11.143], [78.078, 11.15], [78.09, 11.151], [78.093, 11.177], [78.109, 11.175], [78.117, 11.168], [78.119, 11.177], [78.133, 11.178], [78.139, 11.171], [78.138, 11.167], [78.125, 11.163], [78.121, 11.155], [78.122, 11.135], [78.116, 11.131], [78.131, 11.125], [78.132, 11.117], [78.12, 11.107], [78.124, 11.078], [78.122, 11.074], [78.114, 11.073], [78.112, 11.064], [78.148, 11.036], [78.165, 11.012], [78.195, 11.022], [78.199, 11.029], [78.197, 11.045], [78.182, 11.042], [78.164, 11.045], [78.163, 11.049], [78.182, 11.07], [78.196, 11.064], [78.201, 11.075], [78.204, 11.07], [78.22, 11.067], [78.222, 11.057], [78.229, 11.054], [78.237, 11.066], [78.229, 11.085], [78.231, 11.095], [78.228, 11.1], [78.222, 11.1], [78.212, 11.108], [78.213, 11.12], [78.199, 11.125], [78.2, 11.132], [78.188, 11.139], [78.198, 11.161], [78.196, 11.167], [78.183, 11.174], [78.188, 11.19], [78.184, 11.203], [78.185, 11.213], [78.194, 11.22], [78.215, 11.227], [78.208, 11.239], [78.207, 11.254], [78.213, 11.264], [78.211, 11.271], [78.216, 11.274], [78.219, 11.298], [78.211, 11.31], [78.22, 11.325], [78.245, 11.339], [78.25, 11.351], [78.237, 11.353], [78.225, 11.365], [78.224, 11.385]]]}}, {"type": "Feature", "properties": {"id": "TN-095", "ac_no": 95, "name": "Paramathi-Velur", "district": "NAMAKKAL   *", "pc": "NAMAKKAL"}, "geometry": {"type": "Polygon", "coordinates": [[[78.098, 11.4], [78.088, 11.4], [78.078, 11.407], [78.072, 11.395], [78.056, 11.393], [78.039, 11.409], [78.024, 11.414], [78.023, 11.408], [78.014, 11.405], [77.99, 11.413], [77.989, 11.41], [77.978, 11.38], [78.009, 11.371], [78.011, 11.365], [77.996, 11.341], [77.986, 11.336], [77.99, 11.318], [77.985, 11.297], [77.943, 11.305], [77.892, 11.306], [77.886, 11.29], [77.875, 11.28], [77.871, 11.256], [77.862, 11.246], [77.871, 11.216], [77.861, 11.186], [77.866, 11.175], [77.88, 11.163], [77.885, 11.153], [77.882, 11.126], [77.888, 11.087], [77.893, 11.078], [77.904, 11.073], [77.933, 11.07], [77.945, 11.066], [77.952, 11.067], [77.994, 11.097], [78.021, 11.094], [78.048, 11.079], [78.053, 11.074], [78.06, 11.076], [78.09, 11.078], [78.102, 11.074], [78.112, 11.064], [78.114, 11.073], [78.122, 11.074], [78.124, 11.078], [78.12, 11.107], [78.132, 11.117], [78.131, 11.125], [78.116, 11.131], [78.122, 11.135], [78.121, 11.155], [78.125, 11.163], [78.138, 11.167], [78.139, 11.171], [78.133, 11.178], [78.119, 11.177], [78.117, 11.168], [78.109, 11.175], [78.093, 11.177], [78.09, 11.151], [78.078, 11.15], [78.075, 11.143], [78.06, 11.14], [78.048, 11.145], [78.047, 11.165], [78.043, 11.168], [78.058, 11.179], [78.061, 11.21], [78.055, 11.216], [78.052, 11.233], [78.042, 11.235], [78.043, 11.264], [78.038, 11.272], [78.056, 11.293], [78.069, 11.288], [78.074, 11.294], [78.078, 11.292], [78.078, 11.284], [78.082, 11.281], [78.116, 11.273], [78.133, 11.289], [78.129, 11.291], [78.135, 11.297], [78.13, 11.309], [78.105, 11.32], [78.105, 11.328], [78.086, 11.332], [78.076, 11.34], [78.082, 11.362], [78.091, 11.373], [78.098, 11.4]]]}}, {"type": "Feature", "properties": {"id": "TN-096", "ac_no": 96, "name": "Tiruchengodu", "district": "NAMAKKAL   *", "pc": "NAMAKKAL"}, "geometry": {"type": "Polygon", "coordinates": [[[78.019, 11.529], [78.006, 11.524], [77.978, 11.529], [77.974, 11.515], [77.977, 11.5], [77.972, 11.468], [77.955, 11.469], [77.949, 11.474], [77.942, 11.46], [77.929, 11.458], [77.923, 11.461], [77.924, 11.452], [77.919, 11.452], [77.915, 11.459], [77.914, 11.444], [77.91, 11.442], [77.911, 11.422], [77.906, 11.425], [77.9, 11.419], [77.89, 11.419], [77.89, 11.424], [77.88, 11.423], [77.875, 11.413], [77.865, 11.417], [77.864, 11.423], [77.853, 11.415], [77.852, 11.422], [77.848, 11.421], [77.85, 11.434], [77.847, 11.436], [77.843, 11.409], [77.848, 11.401], [77.836, 11.377], [77.815, 11.37], [77.813, 11.361], [77.798, 11.357], [77.794, 11.351], [77.802, 11.336], [77.813, 11.335], [77.813, 11.313], [77.791, 11.292], [77.81, 11.266], [77.839, 11.262], [77.862, 11.246], [77.871, 11.256], [77.875, 11.28], [77.886, 11.29], [77.892, 11.306], [77.943, 11.305], [77.985, 11.297], [77.99, 11.318], [77.986, 11.336], [77.996, 11.341], [78.011, 11.365], [78.009, 11.371], [77.978, 11.38], [77.989, 11.41], [77.99, 11.413], [78.014, 11.405], [78.023, 11.408], [78.024, 11.414], [78.039, 11.409], [78.056, 11.393], [78.072, 11.395], [78.078, 11.407], [78.088, 11.4], [78.098, 11.4], [78.106, 11.419], [78.112, 11.431], [78.116, 11.432], [78.116, 11.448], [78.106, 11.464], [78.094, 11.463], [78.088, 11.447], [78.083, 11.445], [78.067, 11.453], [78.061, 11.46], [78.062, 11.464], [78.053, 11.466], [78.051, 11.488], [78.06, 11.485], [78.063, 11.49], [78.066, 11.484], [78.08, 11.49], [78.083, 11.5], [78.075, 11.5], [78.07, 11.508], [78.074, 11.522], [78.07, 11.524], [78.07, 11.529], [78.067, 11.523], [78.062, 11.523], [78.058, 11.515], [78.055, 11.522], [78.054, 11.514], [78.035, 11.522], [78.035, 11.529], [78.019, 11.529]]]}}, {"type": "Feature", "properties": {"id": "TN-097", "ac_no": 97, "name": "Kumarapalayam", "district": "NAMAKKAL   *", "pc": "ERODE"}, "geometry": {"type": "Polygon", "coordinates": [[[77.697, 11.464], [77.684, 11.428], [77.685, 11.417], [77.704, 11.395], [77.719, 11.377], [77.742, 11.365], [77.751, 11.354], [77.756, 11.339], [77.778, 11.311], [77.791, 11.292], [77.813, 11.313], [77.813, 11.335], [77.802, 11.336], [77.794, 11.351], [77.798, 11.357], [77.813, 11.361], [77.815, 11.37], [77.836, 11.377], [77.848, 11.401], [77.843, 11.409], [77.847, 11.436], [77.82, 11.446], [77.835, 11.457], [77.83, 11.47], [77.808, 11.469], [77.816, 11.468], [77.814, 11.458], [77.806, 11.459], [77.804, 11.448], [77.784, 11.451], [77.791, 11.466], [77.784, 11.478], [77.773, 11.483], [77.766, 11.479], [77.76, 11.451], [77.742, 11.446], [77.731, 11.445], [77.719, 11.453], [77.709, 11.449], [77.712, 11.464], [77.709, 11.466], [77.706, 11.461], [77.697, 11.464]]]}}, {"type": "Feature", "properties": {"id": "TN-098", "ac_no": 98, "name": "Erode (East)", "district": "ERODE", "pc": "ERODE"}, "geometry": {"type": "Polygon", "coordinates": [[[77.704, 11.395], [77.695, 11.391], [77.695, 11.386], [77.685, 11.384], [77.69, 11.381], [77.704, 11.372], [77.7, 11.364], [77.71, 11.354], [77.706, 11.346], [77.683, 11.34], [77.684, 11.332], [77.68, 11.329], [77.691, 11.328], [77.693, 11.32], [77.707, 11.321], [77.756, 11.339], [77.751, 11.354], [77.742, 11.365], [77.719, 11.377], [77.704, 11.395]]]}}, {"type": "Feature", "properties": {"id": "TN-099", "ac_no": 99, "name": "Erode (West)", "district": "ERODE", "pc": "ERODE"}, "geometry": {"type": "Polygon", "coordinates": [[[77.641, 11.397], [77.622, 11.365], [77.634, 11.339], [77.624, 11.328], [77.627, 11.324], [77.619, 11.311], [77.613, 11.281], [77.617, 11.278], [77.606, 11.272], [77.605, 11.257], [77.596, 11.244], [77.604, 11.221], [77.603, 11.213], [77.618, 11.204], [77.62, 11.192], [77.643, 11.19], [77.647, 11.204], [77.655, 11.209], [77.658, 11.217], [77.676, 11.217], [77.682, 11.212], [77.689, 11.218], [77.688, 11.236], [77.677, 11.233], [77.668, 11.249], [77.674, 11.265], [77.678, 11.265], [77.682, 11.256], [77.687, 11.28], [77.691, 11.285], [77.712, 11.292], [77.724, 11.292], [77.727, 11.307], [77.733, 11.31], [77.734, 11.317], [77.753, 11.318], [77.755, 11.324], [77.765, 11.32], [77.765, 11.315], [77.776, 11.301], [77.773, 11.308], [77.778, 11.311], [77.756, 11.339], [77.707, 11.321], [77.693, 11.32], [77.691, 11.328], [77.68, 11.329], [77.684, 11.332], [77.683, 11.34], [77.706, 11.346], [77.71, 11.354], [77.7, 11.364], [77.704, 11.372], [77.69, 11.381], [77.685, 11.384], [77.695, 11.386], [77.695, 11.391], [77.704, 11.395], [77.685, 11.417], [77.684, 11.428], [77.674, 11.452], [77.646, 11.459], [77.639, 11.437], [77.645, 11.404], [77.641, 11.397]]]}}, {"type": "Feature", "properties": {"id": "TN-100", "ac_no": 100, "name": "Modakkurichi", "district": "ERODE", "pc": "ERODE"}, "geometry": {"type": "Polygon", "coordinates": [[[77.778, 11.311], [77.773, 11.308], [77.776, 11.301], [77.765, 11.315], [77.765, 11.32], [77.755, 11.324], [77.753, 11.318], [77.734, 11.317], [77.733, 11.31], [77.727, 11.307], [77.724, 11.292], [77.712, 11.292], [77.691, 11.285], [77.687, 11.28], [77.682, 11.256], [77.678, 11.265], [77.674, 11.265], [77.668, 11.249], [77.677, 11.233], [77.688, 11.236], [77.689, 11.218], [77.682, 11.212], [77.676, 11.217], [77.658, 11.217], [77.655, 11.209], [77.647, 11.204], [77.643, 11.19], [77.652, 11.176], [77.646, 11.16], [77.652, 11.155], [77.65, 11.143], [77.658, 11.122], [77.654, 11.113], [77.657, 11.107], [77.663, 11.101], [77.701, 11.092], [77.711, 11.078], [77.73, 11.078], [77.734, 11.084], [77.739, 11.084], [77.778, 11.054], [77.78, 11.063], [77.794, 11.068], [77.805, 11.063], [77.809, 11.07], [77.818, 11.07], [77.828, 11.062], [77.831, 11.048], [77.851, 11.046], [77.855, 11.031], [77.876, 11.024], [77.888, 11.032], [77.9, 11.034], [77.907, 11.046], [77.92, 11.047], [77.933, 11.07], [77.904, 11.073], [77.893, 11.078], [77.888, 11.087], [77.882, 11.126], [77.885, 11.153], [77.88, 11.163], [77.866, 11.175], [77.861, 11.186], [77.871, 11.216], [77.862, 11.246], [77.839, 11.262], [77.81, 11.266], [77.791, 11.292], [77.778, 11.311]]]}}, {"type": "Feature", "properties": {"id": "TN-101", "ac_no": 101, "name": "Dharapuram (SC)", "district": "COIMBATORE", "pc": "ERODE"}, "geometry": {"type": "Polygon", "coordinates": [[[77.421, 10.912], [77.395, 10.903], [77.374, 10.902], [77.377, 10.88], [77.346, 10.868], [77.333, 10.869], [77.318, 10.858], [77.299, 10.858], [77.286, 10.855], [77.288, 10.852], [77.29, 10.832], [77.299, 10.815], [77.278, 10.803], [77.276, 10.792], [77.28, 10.789], [77.298, 10.777], [77.301, 10.751], [77.314, 10.75], [77.32, 10.69], [77.32, 10.687], [77.353, 10.693], [77.362, 10.676], [77.365, 10.653], [77.398, 10.654], [77.4, 10.643], [77.418, 10.626], [77.432, 10.632], [77.446, 10.63], [77.454, 10.64], [77.466, 10.645], [77.475, 10.643], [77.483, 10.65], [77.504, 10.643], [77.507, 10.628], [77.516, 10.614], [77.508, 10.614], [77.508, 10.607], [77.543, 10.61], [77.548, 10.639], [77.571, 10.657], [77.58, 10.679], [77.586, 10.684], [77.597, 10.676], [77.637, 10.669], [77.656, 10.673], [77.665, 10.716], [77.69, 10.735], [77.702, 10.734], [77.707, 10.709], [77.709, 10.686], [77.699, 10.662], [77.714, 10.642], [77.723, 10.641], [77.72, 10.631], [77.731, 10.631], [77.744, 10.637], [77.755, 10.652], [77.753, 10.668], [77.766, 10.675], [77.767, 10.68], [77.791, 10.685], [77.808, 10.681], [77.81, 10.7], [77.825, 10.716], [77.821, 10.733], [77.827, 10.75], [77.813, 10.759], [77.797, 10.753], [77.771, 10.767], [77.778, 10.79], [77.794, 10.791], [77.798, 10.806], [77.818, 10.797], [77.828, 10.798], [77.828, 10.792], [77.836, 10.79], [77.836, 10.787], [77.855, 10.784], [77.871, 10.772], [77.873, 10.776], [77.892, 10.774], [77.892, 10.792], [77.881, 10.789], [77.872, 10.795], [77.871, 10.801], [77.876, 10.809], [77.873, 10.836], [77.862, 10.848], [77.856, 10.849], [77.846, 10.837], [77.837, 10.835], [77.82, 10.858], [77.808, 10.858], [77.796, 10.866], [77.795, 10.88], [77.788, 10.886], [77.784, 10.874], [77.777, 10.87], [77.755, 10.866], [77.742, 10.87], [77.733, 10.881], [77.725, 10.879], [77.715, 10.885], [77.701, 10.886], [77.693, 10.883], [77.685, 10.888], [77.683, 10.86], [77.677, 10.856], [77.669, 10.855], [77.655, 10.867], [77.619, 10.863], [77.61, 10.872], [77.603, 10.875], [77.598, 10.873], [77.59, 10.879], [77.587, 10.905], [77.582, 10.907], [77.574, 10.906], [77.568, 10.897], [77.575, 10.885], [77.577, 10.865], [77.561, 10.864], [77.556, 10.854], [77.547, 10.868], [77.539, 10.863], [77.519, 10.861], [77.516, 10.877], [77.487, 10.883], [77.486, 10.901], [77.456, 10.898], [77.452, 10.892], [77.437, 10.89], [77.432, 10.908], [77.421, 10.912]]]}}, {"type": "Feature", "properties": {"id": "TN-102", "ac_no": 102, "name": "Kangayam", "district": "COIMBATORE", "pc": "ERODE"}, "geometry": {"type": "Polygon", "coordinates": [[[77.643, 11.19], [77.62, 11.192], [77.618, 11.204], [77.603, 11.213], [77.595, 11.208], [77.569, 11.206], [77.567, 11.187], [77.576, 11.168], [77.575, 11.159], [77.558, 11.161], [77.555, 11.156], [77.547, 11.17], [77.534, 11.169], [77.531, 11.164], [77.523, 11.165], [77.514, 11.159], [77.514, 11.153], [77.509, 11.154], [77.507, 11.143], [77.498, 11.145], [77.493, 11.141], [77.502, 11.129], [77.501, 11.109], [77.486, 11.117], [77.47, 11.119], [77.465, 11.115], [77.454, 11.12], [77.454, 11.094], [77.469, 11.091], [77.468, 11.057], [77.478, 11.057], [77.476, 11.045], [77.499, 11.042], [77.501, 11.013], [77.488, 11.005], [77.488, 10.99], [77.476, 10.975], [77.473, 10.962], [77.476, 10.954], [77.446, 10.944], [77.418, 10.927], [77.414, 10.924], [77.421, 10.912], [77.432, 10.908], [77.437, 10.89], [77.452, 10.892], [77.456, 10.898], [77.486, 10.901], [77.487, 10.883], [77.516, 10.877], [77.519, 10.861], [77.539, 10.863], [77.547, 10.868], [77.556, 10.854], [77.561, 10.864], [77.577, 10.865], [77.575, 10.885], [77.568, 10.897], [77.574, 10.906], [77.582, 10.907], [77.587, 10.905], [77.59, 10.879], [77.598, 10.873], [77.603, 10.875], [77.61, 10.872], [77.619, 10.863], [77.655, 10.867], [77.669, 10.855], [77.677, 10.856], [77.683, 10.86], [77.685, 10.888], [77.693, 10.883], [77.701, 10.886], [77.715, 10.885], [77.725, 10.879], [77.733, 10.881], [77.742, 10.87], [77.755, 10.866], [77.777, 10.87], [77.772, 10.894], [77.761, 10.904], [77.77, 10.962], [77.768, 10.967], [77.753, 10.966], [77.75, 10.977], [77.751, 10.981], [77.758, 10.979], [77.759, 10.984], [77.781, 10.998], [77.79, 11.019], [77.792, 11.033], [77.782, 11.039], [77.782, 11.051], [77.778, 11.054], [77.739, 11.084], [77.734, 11.084], [77.73, 11.078], [77.711, 11.078], [77.701, 11.092], [77.663, 11.101], [77.657, 11.107], [77.654, 11.113], [77.658, 11.122], [77.65, 11.143], [77.652, 11.155], [77.646, 11.16], [77.652, 11.176], [77.643, 11.19]]]}}, {"type": "Feature", "properties": {"id": "TN-103", "ac_no": 103, "name": "Perundurai", "district": "ERODE", "pc": "TIRUPPUR"}, "geometry": {"type": "Polygon", "coordinates": [[[77.519, 11.408], [77.514, 11.409], [77.5, 11.41], [77.502, 11.406], [77.496, 11.403], [77.498, 11.375], [77.505, 11.37], [77.504, 11.36], [77.48, 11.357], [77.477, 11.341], [77.466, 11.331], [77.428, 11.33], [77.426, 11.316], [77.418, 11.309], [77.386, 11.322], [77.381, 11.334], [77.365, 11.341], [77.362, 11.338], [77.367, 11.327], [77.364, 11.317], [77.364, 11.302], [77.377, 11.296], [77.39, 11.257], [77.386, 11.257], [77.382, 11.239], [77.373, 11.238], [77.374, 11.224], [77.38, 11.222], [77.385, 11.207], [77.406, 11.2], [77.401, 11.157], [77.391, 11.159], [77.396, 11.136], [77.377, 11.135], [77.377, 11.127], [77.392, 11.119], [77.402, 11.122], [77.427, 11.129], [77.454, 11.12], [77.465, 11.115], [77.47, 11.119], [77.486, 11.117], [77.501, 11.109], [77.502, 11.129], [77.493, 11.141], [77.498, 11.145], [77.507, 11.143], [77.509, 11.154], [77.514, 11.153], [77.514, 11.159], [77.523, 11.165], [77.531, 11.164], [77.534, 11.169], [77.547, 11.17], [77.555, 11.156], [77.558, 11.161], [77.575, 11.159], [77.576, 11.168], [77.567, 11.187], [77.569, 11.206], [77.595, 11.208], [77.603, 11.213], [77.604, 11.221], [77.596, 11.244], [77.605, 11.257], [77.606, 11.272], [77.617, 11.278], [77.613, 11.281], [77.619, 11.311], [77.627, 11.324], [77.624, 11.328], [77.634, 11.339], [77.622, 11.365], [77.641, 11.397], [77.622, 11.398], [77.616, 11.406], [77.604, 11.401], [77.594, 11.407], [77.588, 11.405], [77.584, 11.392], [77.576, 11.392], [77.549, 11.374], [77.52, 11.389], [77.519, 11.408]]]}}, {"type": "Feature", "properties": {"id": "TN-104", "ac_no": 104, "name": "Bhavani", "district": "ERODE", "pc": "TIRUPPUR"}, "geometry": {"type": "Polygon", "coordinates": [[[77.775, 11.696], [77.77, 11.697], [77.749, 11.659], [77.746, 11.654], [77.734, 11.658], [77.724, 11.65], [77.715, 11.649], [77.716, 11.642], [77.706, 11.634], [77.7, 11.635], [77.689, 11.652], [77.698, 11.694], [77.69, 11.694], [77.675, 11.676], [77.657, 11.68], [77.653, 11.676], [77.648, 11.652], [77.669, 11.637], [77.656, 11.617], [77.648, 11.621], [77.641, 11.616], [77.624, 11.618], [77.61, 11.602], [77.611, 11.572], [77.619, 11.569], [77.6, 11.529], [77.605, 11.519], [77.59, 11.499], [77.57, 11.492], [77.562, 11.476], [77.557, 11.476], [77.557, 11.472], [77.563, 11.472], [77.569, 11.462], [77.578, 11.463], [77.595, 11.454], [77.588, 11.451], [77.585, 11.437], [77.578, 11.441], [77.542, 11.446], [77.529, 11.467], [77.521, 11.469], [77.51, 11.461], [77.507, 11.435], [77.519, 11.408], [77.52, 11.389], [77.549, 11.374], [77.576, 11.392], [77.584, 11.392], [77.588, 11.405], [77.594, 11.407], [77.604, 11.401], [77.616, 11.406], [77.622, 11.398], [77.641, 11.397], [77.645, 11.404], [77.639, 11.437], [77.646, 11.459], [77.674, 11.452], [77.684, 11.428], [77.697, 11.464], [77.702, 11.483], [77.732, 11.51], [77.732, 11.518], [77.724, 11.536], [77.743, 11.563], [77.746, 11.57], [77.736, 11.602], [77.761, 11.648], [77.775, 11.696]]]}}, {"type": "Feature", "properties": {"id": "TN-105", "ac_no": 105, "name": "Anthiyur", "district": "ERODE", "pc": "TIRUPPUR"}, "geometry": {"type": "Polygon", "coordinates": [[[77.676, 11.952], [77.657, 11.95], [77.652, 11.955], [77.639, 11.948], [77.607, 11.942], [77.603, 11.938], [77.594, 11.94], [77.575, 11.936], [77.558, 11.942], [77.542, 11.938], [77.538, 11.932], [77.495, 11.944], [77.491, 11.909], [77.483, 11.9], [77.486, 11.888], [77.481, 11.894], [77.477, 11.891], [77.474, 11.899], [77.462, 11.9], [77.46, 11.881], [77.466, 11.874], [77.46, 11.864], [77.467, 11.847], [77.454, 11.82], [77.45, 11.796], [77.44, 11.789], [77.442, 11.783], [77.434, 11.778], [77.427, 11.761], [77.429, 11.755], [77.419, 11.736], [77.422, 11.727], [77.431, 11.73], [77.435, 11.727], [77.436, 11.715], [77.441, 11.718], [77.443, 11.714], [77.437, 11.7], [77.441, 11.674], [77.453, 11.664], [77.439, 11.647], [77.441, 11.631], [77.457, 11.61], [77.453, 11.564], [77.451, 11.559], [77.439, 11.562], [77.427, 11.536], [77.42, 11.534], [77.406, 11.519], [77.392, 11.521], [77.378, 11.529], [77.378, 11.507], [77.363, 11.502], [77.362, 11.516], [77.356, 11.511], [77.358, 11.509], [77.353, 11.506], [77.35, 11.495], [77.35, 11.486], [77.369, 11.476], [77.384, 11.473], [77.402, 11.48], [77.408, 11.472], [77.417, 11.478], [77.433, 11.477], [77.441, 11.486], [77.449, 11.487], [77.454, 11.495], [77.463, 11.495], [77.479, 11.507], [77.484, 11.504], [77.476, 11.493], [77.48, 11.482], [77.473, 11.478], [77.469, 11.484], [77.464, 11.483], [77.46, 11.475], [77.462, 11.461], [77.471, 11.463], [77.479, 11.457], [77.479, 11.451], [77.467, 11.446], [77.469, 11.439], [77.473, 11.441], [77.469, 11.426], [77.478, 11.42], [77.456, 11.424], [77.462, 11.42], [77.468, 11.407], [77.481, 11.409], [77.481, 11.404], [77.494, 11.398], [77.496, 11.403], [77.502, 11.406], [77.5, 11.41], [77.514, 11.409], [77.519, 11.408], [77.507, 11.435], [77.51, 11.461], [77.521, 11.469], [77.529, 11.467], [77.542, 11.446], [77.578, 11.441], [77.585, 11.437], [77.588, 11.451], [77.595, 11.454], [77.578, 11.463], [77.569, 11.462], [77.563, 11.472], [77.557, 11.472], [77.557, 11.476], [77.562, 11.476], [77.57, 11.492], [77.59, 11.499], [77.605, 11.519], [77.6, 11.529], [77.619, 11.569], [77.611, 11.572], [77.61, 11.602], [77.624, 11.618], [77.641, 11.616], [77.648, 11.621], [77.656, 11.617], [77.669, 11.637], [77.648, 11.652], [77.653, 11.676], [77.657, 11.68], [77.675, 11.676], [77.69, 11.694], [77.695, 11.706], [77.691, 11.718], [77.696, 11.721], [77.708, 11.767], [77.722, 11.795], [77.71, 11.798], [77.71, 11.811], [77.7, 11.811], [77.691, 11.818], [77.666, 11.824], [77.661, 11.814], [77.653, 11.813], [77.646, 11.819], [77.662, 11.852], [77.662, 11.878], [77.685, 11.878], [77.685, 11.89], [77.679, 11.9], [77.681, 11.925], [77.676, 11.952]]]}}, {"type": "Feature", "properties": {"id": "TN-106", "ac_no": 106, "name": "Gobichettipalayam", "district": "ERODE", "pc": "TIRUPPUR"}, "geometry": {"type": "Polygon", "coordinates": [[[77.378, 11.529], [77.365, 11.53], [77.37, 11.562], [77.365, 11.567], [77.359, 11.563], [77.343, 11.531], [77.335, 11.54], [77.331, 11.538], [77.317, 11.519], [77.313, 11.505], [77.294, 11.519], [77.291, 11.503], [77.296, 11.492], [77.282, 11.492], [77.279, 11.482], [77.29, 11.466], [77.297, 11.464], [77.297, 11.443], [77.288, 11.444], [77.284, 11.431], [77.271, 11.431], [77.263, 11.426], [77.25, 11.435], [77.244, 11.414], [77.255, 11.413], [77.246, 11.399], [77.248, 11.391], [77.22, 11.399], [77.212, 11.394], [77.207, 11.398], [77.192, 11.368], [77.18, 11.359], [77.187, 11.342], [77.197, 11.339], [77.218, 11.352], [77.235, 11.351], [77.222, 11.34], [77.234, 11.331], [77.236, 11.314], [77.226, 11.318], [77.218, 11.306], [77.204, 11.31], [77.202, 11.302], [77.211, 11.298], [77.217, 11.298], [77.219, 11.304], [77.242, 11.305], [77.238, 11.322], [77.248, 11.325], [77.247, 11.329], [77.251, 11.33], [77.255, 11.32], [77.25, 11.314], [77.254, 11.31], [77.282, 11.334], [77.288, 11.334], [77.288, 11.34], [77.292, 11.331], [77.286, 11.293], [77.295, 11.286], [77.314, 11.282], [77.308, 11.275], [77.296, 11.273], [77.318, 11.26], [77.333, 11.258], [77.336, 11.258], [77.335, 11.263], [77.341, 11.267], [77.348, 11.288], [77.345, 11.301], [77.335, 11.306], [77.333, 11.317], [77.364, 11.317], [77.367, 11.327], [77.362, 11.338], [77.365, 11.341], [77.381, 11.334], [77.386, 11.322], [77.418, 11.309], [77.426, 11.316], [77.428, 11.33], [77.466, 11.331], [77.477, 11.341], [77.48, 11.357], [77.504, 11.36], [77.505, 11.37], [77.498, 11.375], [77.496, 11.403], [77.494, 11.398], [77.481, 11.404], [77.481, 11.409], [77.468, 11.407], [77.462, 11.42], [77.456, 11.424], [77.478, 11.42], [77.469, 11.426], [77.473, 11.441], [77.469, 11.439], [77.467, 11.446], [77.479, 11.451], [77.479, 11.457], [77.471, 11.463], [77.462, 11.461], [77.46, 11.475], [77.464, 11.483], [77.469, 11.484], [77.473, 11.478], [77.48, 11.482], [77.476, 11.493], [77.484, 11.504], [77.479, 11.507], [77.463, 11.495], [77.454, 11.495], [77.449, 11.487], [77.441, 11.486], [77.433, 11.477], [77.417, 11.478], [77.408, 11.472], [77.402, 11.48], [77.384, 11.473], [77.369, 11.476], [77.35, 11.486], [77.35, 11.495], [77.353, 11.506], [77.358, 11.509], [77.356, 11.511], [77.362, 11.516], [77.363, 11.502], [77.378, 11.507], [77.378, 11.529]]]}}, {"type": "Feature", "properties": {"id": "TN-107", "ac_no": 107, "name": "Bhavanisagar", "district": "ERODE", "pc": "NILGIRIS (SC)"}, "geometry": {"type": "Polygon", "coordinates": [[[77.427, 11.761], [77.423, 11.762], [77.422, 11.772], [77.394, 11.788], [77.37, 11.787], [77.365, 11.791], [77.36, 11.78], [77.335, 11.771], [77.294, 11.809], [77.288, 11.801], [77.25, 11.813], [77.249, 11.804], [77.238, 11.795], [77.189, 11.792], [77.182, 11.787], [77.147, 11.782], [77.138, 11.773], [77.111, 11.774], [77.113, 11.757], [77.108, 11.753], [77.117, 11.732], [77.118, 11.721], [77.105, 11.733], [77.08, 11.736], [77.082, 11.74], [77.056, 11.769], [77.07, 11.78], [77.066, 11.789], [77.046, 11.787], [77.035, 11.77], [77.029, 11.775], [77.039, 11.794], [77.032, 11.796], [77.03, 11.805], [77.017, 11.811], [77.014, 11.806], [77.013, 11.815], [76.994, 11.809], [76.982, 11.811], [76.983, 11.801], [76.97, 11.776], [76.954, 11.792], [76.942, 11.788], [76.907, 11.795], [76.896, 11.776], [76.888, 11.734], [76.863, 11.711], [76.864, 11.705], [76.853, 11.692], [76.846, 11.674], [76.834, 11.649], [76.838, 11.642], [76.836, 11.638], [76.845, 11.634], [76.843, 11.627], [76.852, 11.622], [76.85, 11.616], [76.858, 11.614], [76.856, 11.599], [76.847, 11.595], [76.846, 11.584], [76.854, 11.577], [76.874, 11.581], [76.89, 11.572], [76.908, 11.581], [76.916, 11.564], [76.92, 11.579], [76.932, 11.574], [76.94, 11.579], [76.945, 11.573], [76.974, 11.566], [76.975, 11.554], [76.983, 11.556], [76.993, 11.546], [77.007, 11.546], [77.005, 11.537], [77.01, 11.529], [77.006, 11.524], [77.015, 11.526], [77.005, 11.514], [76.996, 11.513], [76.991, 11.481], [76.998, 11.477], [77.012, 11.452], [77.012, 11.443], [77.008, 11.434], [77.0, 11.434], [76.998, 11.441], [76.983, 11.44], [76.977, 11.416], [76.981, 11.402], [76.976, 11.397], [76.969, 11.397], [76.957, 11.381], [76.972, 11.386], [76.981, 11.378], [76.982, 11.383], [76.988, 11.382], [77.014, 11.369], [77.025, 11.374], [77.023, 11.388], [77.032, 11.385], [77.045, 11.403], [77.07, 11.403], [77.07, 11.386], [77.076, 11.392], [77.081, 11.388], [77.091, 11.394], [77.088, 11.397], [77.093, 11.399], [77.092, 11.403], [77.11, 11.406], [77.113, 11.381], [77.13, 11.375], [77.13, 11.367], [77.133, 11.363], [77.129, 11.354], [77.142, 11.337], [77.158, 11.333], [77.168, 11.317], [77.182, 11.314], [77.183, 11.322], [77.174, 11.333], [77.179, 11.342], [77.187, 11.342], [77.18, 11.359], [77.192, 11.368], [77.207, 11.398], [77.212, 11.394], [77.22, 11.399], [77.248, 11.391], [77.246, 11.399], [77.255, 11.413], [77.244, 11.414], [77.25, 11.435], [77.263, 11.426], [77.271, 11.431], [77.284, 11.431], [77.288, 11.444], [77.297, 11.443], [77.297, 11.464], [77.29, 11.466], [77.279, 11.482], [77.282, 11.492], [77.296, 11.492], [77.291, 11.503], [77.294, 11.519], [77.313, 11.505], [77.317, 11.519], [77.331, 11.538], [77.335, 11.54], [77.343, 11.531], [77.359, 11.563], [77.365, 11.567], [77.37, 11.562], [77.365, 11.53], [77.378, 11.529], [77.392, 11.521], [77.406, 11.519], [77.42, 11.534], [77.427, 11.536], [77.439, 11.562], [77.451, 11.559], [77.453, 11.564], [77.457, 11.61], [77.441, 11.631], [77.439, 11.647], [77.453, 11.664], [77.441, 11.674], [77.437, 11.7], [77.443, 11.714], [77.441, 11.718], [77.436, 11.715], [77.435, 11.727], [77.431, 11.73], [77.422, 11.727], [77.419, 11.736], [77.429, 11.755], [77.427, 11.761]]]}}, {"type": "Feature", "properties": {"id": "TN-108", "ac_no": 108, "name": "Udhagamandalam", "district": "THE NILGIRIS", "pc": "NILGIRIS (SC)"}, "geometry": {"type": "Polygon", "coordinates": [[[76.847, 11.595], [76.823, 11.608], [76.818, 11.605], [76.757, 11.619], [76.749, 11.615], [76.748, 11.603], [76.736, 11.606], [76.728, 11.601], [76.721, 11.603], [76.706, 11.584], [76.708, 11.576], [76.691, 11.573], [76.688, 11.555], [76.693, 11.542], [76.706, 11.533], [76.706, 11.514], [76.688, 11.495], [76.686, 11.478], [76.67, 11.475], [76.656, 11.465], [76.651, 11.452], [76.656, 11.438], [76.631, 11.433], [76.624, 11.448], [76.609, 11.462], [76.599, 11.435], [76.592, 11.437], [76.589, 11.428], [76.533, 11.373], [76.517, 11.369], [76.51, 11.355], [76.548, 11.359], [76.55, 11.332], [76.537, 11.315], [76.539, 11.305], [76.546, 11.301], [76.526, 11.288], [76.522, 11.272], [76.453, 11.239], [76.45, 11.213], [76.449, 11.206], [76.443, 11.204], [76.439, 11.199], [76.452, 11.199], [76.458, 11.188], [76.474, 11.195], [76.472, 11.209], [76.499, 11.211], [76.51, 11.211], [76.516, 11.204], [76.534, 11.197], [76.6, 11.206], [76.629, 11.194], [76.678, 11.221], [76.685, 11.234], [76.698, 11.239], [76.707, 11.238], [76.7, 11.246], [76.7, 11.257], [76.682, 11.266], [76.677, 11.277], [76.696, 11.271], [76.706, 11.278], [76.696, 11.284], [76.7, 11.297], [76.691, 11.317], [76.691, 11.353], [76.72, 11.365], [76.735, 11.344], [76.736, 11.329], [76.75, 11.326], [76.753, 11.332], [76.76, 11.332], [76.748, 11.342], [76.748, 11.351], [76.756, 11.36], [76.744, 11.372], [76.742, 11.385], [76.758, 11.394], [76.756, 11.4], [76.774, 11.404], [76.793, 11.403], [76.808, 11.411], [76.816, 11.451], [76.832, 11.461], [76.839, 11.477], [76.858, 11.492], [76.87, 11.513], [76.863, 11.523], [76.865, 11.542], [76.832, 11.571], [76.846, 11.584], [76.847, 11.595]]]}}, {"type": "Feature", "properties": {"id": "TN-109", "ac_no": 109, "name": "Gudalur (SC)", "district": "THE NILGIRIS", "pc": "NILGIRIS (SC)"}, "geometry": {"type": "Polygon", "coordinates": [[[76.749, 11.615], [76.661, 11.616], [76.63, 11.614], [76.614, 11.608], [76.598, 11.611], [76.592, 11.619], [76.577, 11.615], [76.575, 11.619], [76.56, 11.623], [76.561, 11.633], [76.549, 11.665], [76.551, 11.672], [76.539, 11.69], [76.512, 11.705], [76.499, 11.697], [76.489, 11.692], [76.482, 11.693], [76.483, 11.686], [76.458, 11.664], [76.431, 11.667], [76.436, 11.654], [76.444, 11.647], [76.432, 11.632], [76.406, 11.634], [76.388, 11.63], [76.378, 11.602], [76.355, 11.589], [76.34, 11.587], [76.336, 11.596], [76.321, 11.586], [76.316, 11.576], [76.31, 11.577], [76.302, 11.571], [76.296, 11.591], [76.286, 11.59], [76.279, 11.601], [76.274, 11.594], [76.265, 11.594], [76.234, 11.569], [76.244, 11.554], [76.244, 11.543], [76.252, 11.538], [76.25, 11.528], [76.238, 11.528], [76.248, 11.517], [76.251, 11.503], [76.248, 11.468], [76.264, 11.481], [76.276, 11.477], [76.285, 11.483], [76.294, 11.473], [76.29, 11.47], [76.294, 11.466], [76.305, 11.468], [76.326, 11.453], [76.342, 11.468], [76.371, 11.454], [76.398, 11.435], [76.419, 11.442], [76.415, 11.422], [76.462, 11.387], [76.517, 11.369], [76.533, 11.373], [76.589, 11.428], [76.592, 11.437], [76.599, 11.435], [76.609, 11.462], [76.624, 11.448], [76.631, 11.433], [76.656, 11.438], [76.651, 11.452], [76.656, 11.465], [76.67, 11.475], [76.686, 11.478], [76.688, 11.495], [76.706, 11.514], [76.706, 11.533], [76.693, 11.542], [76.688, 11.555], [76.691, 11.573], [76.708, 11.576], [76.706, 11.584], [76.721, 11.603], [76.728, 11.601], [76.736, 11.606], [76.748, 11.603], [76.749, 11.615]]]}}, {"type": "Feature", "properties": {"id": "TN-110", "ac_no": 110, "name": "Coonoor", "district": "THE NILGIRIS", "pc": "NILGIRIS (SC)"}, "geometry": {"type": "Polygon", "coordinates": [[[76.846, 11.584], [76.832, 11.571], [76.865, 11.542], [76.863, 11.523], [76.87, 11.513], [76.858, 11.492], [76.839, 11.477], [76.832, 11.461], [76.816, 11.451], [76.808, 11.411], [76.793, 11.403], [76.774, 11.404], [76.756, 11.4], [76.758, 11.394], [76.742, 11.385], [76.744, 11.372], [76.756, 11.36], [76.748, 11.351], [76.748, 11.342], [76.76, 11.332], [76.753, 11.332], [76.75, 11.326], [76.736, 11.329], [76.735, 11.344], [76.72, 11.365], [76.691, 11.353], [76.691, 11.317], [76.7, 11.297], [76.696, 11.284], [76.706, 11.278], [76.696, 11.271], [76.677, 11.277], [76.682, 11.266], [76.7, 11.257], [76.706, 11.264], [76.737, 11.245], [76.741, 11.252], [76.756, 11.251], [76.753, 11.255], [76.768, 11.264], [76.77, 11.277], [76.765, 11.284], [76.769, 11.29], [76.79, 11.279], [76.798, 11.296], [76.807, 11.299], [76.818, 11.29], [76.83, 11.294], [76.842, 11.287], [76.854, 11.297], [76.854, 11.306], [76.86, 11.304], [76.859, 11.314], [76.854, 11.318], [76.861, 11.324], [76.851, 11.328], [76.855, 11.333], [76.848, 11.335], [76.85, 11.344], [76.854, 11.341], [76.861, 11.348], [76.869, 11.345], [76.863, 11.352], [76.867, 11.355], [76.873, 11.352], [76.877, 11.359], [76.884, 11.352], [76.891, 11.362], [76.889, 11.366], [76.903, 11.363], [76.9, 11.358], [76.903, 11.351], [76.933, 11.363], [76.933, 11.357], [76.937, 11.364], [76.95, 11.366], [76.938, 11.366], [76.935, 11.37], [76.928, 11.368], [76.934, 11.377], [76.947, 11.376], [76.957, 11.381], [76.969, 11.397], [76.976, 11.397], [76.981, 11.402], [76.977, 11.416], [76.983, 11.44], [76.998, 11.441], [77.0, 11.434], [77.008, 11.434], [77.012, 11.443], [77.012, 11.452], [76.998, 11.477], [76.991, 11.481], [76.996, 11.513], [77.005, 11.514], [77.015, 11.526], [77.006, 11.524], [77.01, 11.529], [77.005, 11.537], [77.007, 11.546], [76.993, 11.546], [76.983, 11.556], [76.975, 11.554], [76.974, 11.566], [76.945, 11.573], [76.94, 11.579], [76.932, 11.574], [76.92, 11.579], [76.916, 11.564], [76.908, 11.581], [76.89, 11.572], [76.874, 11.581], [76.854, 11.577], [76.846, 11.584]]]}}, {"type": "Feature", "properties": {"id": "TN-111", "ac_no": 111, "name": "Mettuppalayam", "district": "COIMBATORE", "pc": "NILGIRIS (SC)"}, "geometry": {"type": "Polygon", "coordinates": [[[76.957, 11.381], [76.947, 11.376], [76.934, 11.377], [76.928, 11.368], [76.935, 11.37], [76.938, 11.366], [76.95, 11.366], [76.937, 11.364], [76.933, 11.357], [76.933, 11.363], [76.903, 11.351], [76.9, 11.358], [76.903, 11.363], [76.889, 11.366], [76.891, 11.362], [76.884, 11.352], [76.877, 11.359], [76.873, 11.352], [76.867, 11.355], [76.863, 11.352], [76.869, 11.345], [76.861, 11.348], [76.854, 11.341], [76.85, 11.344], [76.848, 11.335], [76.855, 11.333], [76.851, 11.328], [76.861, 11.324], [76.854, 11.318], [76.859, 11.314], [76.86, 11.304], [76.854, 11.306], [76.854, 11.297], [76.842, 11.287], [76.83, 11.294], [76.818, 11.29], [76.807, 11.299], [76.798, 11.296], [76.79, 11.279], [76.769, 11.29], [76.765, 11.284], [76.77, 11.277], [76.768, 11.264], [76.753, 11.255], [76.756, 11.251], [76.741, 11.252], [76.737, 11.245], [76.706, 11.264], [76.7, 11.257], [76.7, 11.246], [76.707, 11.238], [76.721, 11.225], [76.725, 11.226], [76.726, 11.219], [76.732, 11.216], [76.722, 11.203], [76.728, 11.191], [76.723, 11.192], [76.718, 11.187], [76.71, 11.188], [76.707, 11.18], [76.7, 11.182], [76.701, 11.177], [76.693, 11.172], [76.69, 11.159], [76.706, 11.142], [76.712, 11.142], [76.709, 11.148], [76.718, 11.148], [76.728, 11.13], [76.734, 11.136], [76.739, 11.132], [76.746, 11.138], [76.748, 11.118], [76.77, 11.131], [76.775, 11.127], [76.789, 11.127], [76.787, 11.139], [76.819, 11.144], [76.826, 11.149], [76.834, 11.144], [76.849, 11.149], [76.852, 11.152], [76.833, 11.158], [76.839, 11.179], [76.847, 11.179], [76.846, 11.183], [76.862, 11.178], [76.869, 11.184], [76.877, 11.183], [76.881, 11.191], [76.892, 11.191], [76.899, 11.199], [76.914, 11.194], [76.91, 11.165], [76.921, 11.159], [76.926, 11.151], [76.917, 11.141], [76.923, 11.138], [76.911, 11.128], [76.91, 11.119], [76.933, 11.12], [76.948, 11.129], [76.949, 11.139], [76.942, 11.156], [76.945, 11.166], [76.954, 11.17], [76.968, 11.151], [76.977, 11.149], [76.978, 11.194], [76.99, 11.201], [77.005, 11.194], [77.009, 11.209], [77.018, 11.211], [77.008, 11.231], [77.016, 11.24], [77.007, 11.264], [77.011, 11.267], [77.02, 11.261], [77.022, 11.273], [77.046, 11.285], [77.052, 11.3], [77.045, 11.303], [77.046, 11.323], [77.054, 11.323], [77.063, 11.312], [77.069, 11.315], [77.065, 11.324], [77.071, 11.337], [77.08, 11.345], [77.084, 11.337], [77.093, 11.336], [77.09, 11.329], [77.094, 11.319], [77.098, 11.319], [77.104, 11.337], [77.126, 11.34], [77.142, 11.337], [77.129, 11.354], [77.133, 11.363], [77.13, 11.367], [77.13, 11.375], [77.113, 11.381], [77.11, 11.406], [77.092, 11.403], [77.093, 11.399], [77.088, 11.397], [77.091, 11.394], [77.081, 11.388], [77.076, 11.392], [77.07, 11.386], [77.07, 11.403], [77.045, 11.403], [77.032, 11.385], [77.023, 11.388], [77.025, 11.374], [77.014, 11.369], [76.988, 11.382], [76.982, 11.383], [76.981, 11.378], [76.972, 11.386], [76.957, 11.381]]]}}, {"type": "Feature", "properties": {"id": "TN-112", "ac_no": 112, "name": "Avanashi (SC)", "district": "COIMBATORE", "pc": "NILGIRIS (SC)"}, "geometry": {"type": "Polygon", "coordinates": [[[77.142, 11.337], [77.126, 11.34], [77.104, 11.337], [77.098, 11.319], [77.094, 11.319], [77.09, 11.329], [77.093, 11.336], [77.084, 11.337], [77.08, 11.345], [77.071, 11.337], [77.065, 11.324], [77.069, 11.315], [77.063, 11.312], [77.054, 11.323], [77.046, 11.323], [77.045, 11.303], [77.052, 11.3], [77.046, 11.285], [77.022, 11.273], [77.02, 11.261], [77.011, 11.267], [77.007, 11.264], [77.016, 11.24], [77.008, 11.231], [77.018, 11.211], [77.009, 11.209], [77.005, 11.194], [77.007, 11.173], [77.012, 11.173], [77.027, 11.159], [77.038, 11.157], [77.05, 11.141], [77.054, 11.125], [77.077, 11.12], [77.075, 11.114], [77.08, 11.111], [77.088, 11.116], [77.1, 11.104], [77.115, 11.109], [77.112, 11.113], [77.133, 11.112], [77.138, 11.13], [77.121, 11.125], [77.115, 11.154], [77.098, 11.169], [77.106, 11.173], [77.119, 11.196], [77.125, 11.199], [77.14, 11.196], [77.154, 11.2], [77.157, 11.197], [77.161, 11.167], [77.175, 11.167], [77.185, 11.16], [77.175, 11.155], [77.178, 11.146], [77.175, 11.139], [77.182, 11.136], [77.19, 11.149], [77.194, 11.148], [77.224, 11.125], [77.232, 11.128], [77.236, 11.138], [77.244, 11.137], [77.27, 11.106], [77.296, 11.109], [77.288, 11.129], [77.292, 11.133], [77.29, 11.142], [77.31, 11.149], [77.316, 11.165], [77.313, 11.171], [77.307, 11.169], [77.307, 11.175], [77.314, 11.176], [77.317, 11.188], [77.323, 11.194], [77.322, 11.208], [77.335, 11.224], [77.333, 11.258], [77.318, 11.26], [77.296, 11.273], [77.308, 11.275], [77.314, 11.282], [77.295, 11.286], [77.286, 11.293], [77.292, 11.331], [77.288, 11.34], [77.288, 11.334], [77.282, 11.334], [77.254, 11.31], [77.25, 11.314], [77.255, 11.32], [77.251, 11.33], [77.247, 11.329], [77.248, 11.325], [77.238, 11.322], [77.242, 11.305], [77.219, 11.304], [77.217, 11.298], [77.211, 11.298], [77.202, 11.302], [77.204, 11.31], [77.218, 11.306], [77.226, 11.318], [77.236, 11.314], [77.234, 11.331], [77.222, 11.34], [77.235, 11.351], [77.218, 11.352], [77.197, 11.339], [77.187, 11.342], [77.179, 11.342], [77.174, 11.333], [77.183, 11.322], [77.182, 11.314], [77.168, 11.317], [77.158, 11.333], [77.142, 11.337]]]}}, {"type": "Feature", "properties": {"id": "TN-113", "ac_no": 113, "name": "Tiruppur (North)", "district": "COIMBATORE", "pc": "TIRUPPUR"}, "geometry": {"type": "Polygon", "coordinates": [[[77.333, 11.258], [77.335, 11.224], [77.322, 11.208], [77.323, 11.194], [77.317, 11.188], [77.314, 11.176], [77.307, 11.175], [77.307, 11.169], [77.313, 11.171], [77.316, 11.165], [77.31, 11.149], [77.29, 11.142], [77.292, 11.133], [77.288, 11.129], [77.296, 11.109], [77.313, 11.106], [77.311, 11.12], [77.325, 11.123], [77.322, 11.13], [77.326, 11.132], [77.35, 11.13], [77.355, 11.132], [77.352, 11.142], [77.377, 11.135], [77.396, 11.136], [77.391, 11.159], [77.401, 11.157], [77.406, 11.2], [77.385, 11.207], [77.38, 11.222], [77.374, 11.224], [77.373, 11.238], [77.382, 11.239], [77.386, 11.257], [77.39, 11.257], [77.377, 11.296], [77.364, 11.302], [77.364, 11.317], [77.333, 11.317], [77.335, 11.306], [77.345, 11.301], [77.348, 11.288], [77.341, 11.267], [77.335, 11.263], [77.336, 11.258], [77.333, 11.258]]]}}, {"type": "Feature", "properties": {"id": "TN-114", "ac_no": 114, "name": "Tiruppur (South)", "district": "COIMBATORE", "pc": "TIRUPPUR"}, "geometry": {"type": "Polygon", "coordinates": [[[77.377, 11.135], [77.352, 11.142], [77.355, 11.132], [77.35, 11.13], [77.326, 11.132], [77.322, 11.13], [77.325, 11.123], [77.311, 11.12], [77.313, 11.106], [77.331, 11.1], [77.328, 11.084], [77.358, 11.079], [77.369, 11.081], [77.375, 11.091], [77.386, 11.086], [77.398, 11.09], [77.405, 11.082], [77.404, 11.075], [77.419, 11.069], [77.431, 11.076], [77.435, 11.093], [77.42, 11.104], [77.404, 11.108], [77.402, 11.122], [77.392, 11.119], [77.377, 11.127], [77.377, 11.135]]]}}, {"type": "Feature", "properties": {"id": "TN-115", "ac_no": 115, "name": "Palladam", "district": "COIMBATORE", "pc": "COIMBATORE"}, "geometry": {"type": "Polygon", "coordinates": [[[77.402, 11.122], [77.404, 11.108], [77.42, 11.104], [77.435, 11.093], [77.431, 11.076], [77.419, 11.069], [77.404, 11.075], [77.405, 11.082], [77.398, 11.09], [77.386, 11.086], [77.375, 11.091], [77.369, 11.081], [77.358, 11.079], [77.328, 11.084], [77.331, 11.1], [77.313, 11.106], [77.296, 11.109], [77.27, 11.106], [77.252, 11.106], [77.242, 11.103], [77.24, 11.072], [77.236, 11.067], [77.174, 11.051], [77.166, 11.058], [77.167, 11.066], [77.146, 11.051], [77.146, 11.039], [77.153, 11.035], [77.169, 11.007], [77.157, 10.995], [77.178, 10.945], [77.181, 10.925], [77.201, 10.923], [77.206, 10.91], [77.218, 10.906], [77.229, 10.911], [77.258, 10.896], [77.266, 10.859], [77.288, 10.852], [77.286, 10.855], [77.299, 10.858], [77.318, 10.858], [77.333, 10.869], [77.346, 10.868], [77.377, 10.88], [77.374, 10.902], [77.395, 10.903], [77.421, 10.912], [77.414, 10.924], [77.418, 10.927], [77.446, 10.944], [77.476, 10.954], [77.473, 10.962], [77.476, 10.975], [77.488, 10.99], [77.488, 11.005], [77.501, 11.013], [77.499, 11.042], [77.476, 11.045], [77.478, 11.057], [77.468, 11.057], [77.469, 11.091], [77.454, 11.094], [77.454, 11.12], [77.427, 11.129], [77.402, 11.122]]]}}, {"type": "Feature", "properties": {"id": "TN-116", "ac_no": 116, "name": "Sulur", "district": "COIMBATORE", "pc": "COIMBATORE"}, "geometry": {"type": "Polygon", "coordinates": [[[77.27, 11.106], [77.244, 11.137], [77.236, 11.138], [77.232, 11.128], [77.224, 11.125], [77.194, 11.148], [77.19, 11.149], [77.182, 11.136], [77.175, 11.139], [77.178, 11.146], [77.175, 11.155], [77.185, 11.16], [77.175, 11.167], [77.161, 11.167], [77.157, 11.197], [77.154, 11.2], [77.14, 11.196], [77.125, 11.199], [77.119, 11.196], [77.106, 11.173], [77.098, 11.169], [77.115, 11.154], [77.121, 11.125], [77.138, 11.13], [77.133, 11.112], [77.112, 11.113], [77.115, 11.109], [77.1, 11.104], [77.097, 11.096], [77.084, 11.084], [77.06, 11.077], [77.061, 11.039], [77.05, 11.035], [77.051, 11.026], [77.061, 11.002], [77.054, 10.989], [77.037, 10.984], [77.047, 10.952], [77.052, 10.954], [77.061, 10.947], [77.069, 10.928], [77.06, 10.902], [77.053, 10.9], [77.056, 10.893], [77.048, 10.891], [77.04, 10.877], [77.069, 10.88], [77.071, 10.876], [77.082, 10.886], [77.101, 10.883], [77.111, 10.89], [77.113, 10.887], [77.12, 10.887], [77.123, 10.874], [77.13, 10.867], [77.147, 10.865], [77.149, 10.85], [77.158, 10.848], [77.158, 10.837], [77.164, 10.832], [77.17, 10.811], [77.168, 10.8], [77.183, 10.798], [77.203, 10.802], [77.214, 10.804], [77.208, 10.79], [77.233, 10.776], [77.28, 10.789], [77.276, 10.792], [77.278, 10.803], [77.299, 10.815], [77.29, 10.832], [77.288, 10.852], [77.266, 10.859], [77.258, 10.896], [77.229, 10.911], [77.218, 10.906], [77.206, 10.91], [77.201, 10.923], [77.181, 10.925], [77.178, 10.945], [77.157, 10.995], [77.169, 11.007], [77.153, 11.035], [77.146, 11.039], [77.146, 11.051], [77.167, 11.066], [77.166, 11.058], [77.174, 11.051], [77.236, 11.067], [77.24, 11.072], [77.242, 11.103], [77.252, 11.106], [77.27, 11.106]]]}}, {"type": "Feature", "properties": {"id": "TN-117", "ac_no": 117, "name": "Kavundampalayam", "district": "COIMBATORE", "pc": "COIMBATORE"}, "geometry": {"type": "Polygon", "coordinates": [[[77.005, 11.194], [76.99, 11.201], [76.978, 11.194], [76.977, 11.149], [76.968, 11.151], [76.954, 11.17], [76.945, 11.166], [76.942, 11.156], [76.949, 11.139], [76.948, 11.129], [76.933, 11.12], [76.91, 11.119], [76.911, 11.128], [76.923, 11.138], [76.917, 11.141], [76.926, 11.151], [76.921, 11.159], [76.91, 11.165], [76.914, 11.194], [76.899, 11.199], [76.892, 11.191], [76.881, 11.191], [76.877, 11.183], [76.869, 11.184], [76.862, 11.178], [76.846, 11.183], [76.847, 11.179], [76.839, 11.179], [76.833, 11.158], [76.852, 11.152], [76.849, 11.149], [76.834, 11.144], [76.826, 11.149], [76.819, 11.144], [76.787, 11.139], [76.789, 11.127], [76.775, 11.127], [76.77, 11.131], [76.748, 11.118], [76.746, 11.108], [76.739, 11.104], [76.747, 11.092], [76.752, 11.093], [76.755, 11.079], [76.741, 11.073], [76.744, 11.057], [76.761, 11.053], [76.765, 11.046], [76.777, 11.042], [76.789, 11.046], [76.796, 11.056], [76.8, 11.055], [76.832, 11.057], [76.847, 11.051], [76.864, 11.054], [76.863, 11.045], [76.892, 11.036], [76.894, 11.042], [76.9, 11.042], [76.909, 11.031], [76.918, 11.037], [76.919, 11.032], [76.951, 11.037], [76.947, 11.054], [76.983, 11.052], [77.003, 11.059], [77.008, 11.046], [77.03, 11.047], [77.035, 11.027], [77.051, 11.026], [77.05, 11.035], [77.061, 11.039], [77.06, 11.077], [77.084, 11.084], [77.097, 11.096], [77.1, 11.104], [77.088, 11.116], [77.08, 11.111], [77.075, 11.114], [77.077, 11.12], [77.054, 11.125], [77.05, 11.141], [77.038, 11.157], [77.027, 11.159], [77.012, 11.173], [77.007, 11.173], [77.005, 11.194]]]}}, {"type": "Feature", "properties": {"id": "TN-118", "ac_no": 118, "name": "Coimbatore(North)", "district": "COIMBATORE", "pc": "COIMBATORE"}, "geometry": {"type": "Polygon", "coordinates": [[[77.008, 11.046], [77.003, 11.059], [76.983, 11.052], [76.947, 11.054], [76.951, 11.037], [76.919, 11.032], [76.918, 11.037], [76.909, 11.031], [76.9, 11.042], [76.894, 11.042], [76.892, 11.036], [76.863, 11.045], [76.858, 11.029], [76.874, 11.029], [76.866, 11.027], [76.862, 11.021], [76.88, 10.997], [76.885, 11.006], [76.9, 11.006], [76.908, 11.002], [76.913, 11.005], [76.916, 11.004], [76.912, 10.999], [76.918, 10.998], [76.924, 11.005], [76.94, 11.004], [76.944, 11.014], [76.956, 11.014], [76.962, 11.02], [76.951, 11.026], [76.955, 11.032], [76.972, 11.031], [76.991, 11.022], [76.99, 11.029], [76.997, 11.035], [76.996, 11.043], [77.009, 11.039], [77.008, 11.046]]]}}, {"type": "Feature", "properties": {"id": "TN-119", "ac_no": 119, "name": "Thondamuthur", "district": "COIMBATORE", "pc": "POLLACHI"}, "geometry": {"type": "Polygon", "coordinates": [[[76.863, 11.045], [76.864, 11.054], [76.847, 11.051], [76.832, 11.057], [76.8, 11.055], [76.792, 11.038], [76.766, 11.03], [76.738, 11.04], [76.711, 11.039], [76.71, 11.034], [76.695, 11.023], [76.686, 10.99], [76.667, 10.969], [76.665, 10.944], [76.656, 10.939], [76.659, 10.93], [76.695, 10.91], [76.716, 10.907], [76.741, 10.89], [76.755, 10.895], [76.768, 10.888], [76.782, 10.891], [76.792, 10.882], [76.812, 10.877], [76.815, 10.883], [76.831, 10.885], [76.836, 10.915], [76.848, 10.913], [76.85, 10.921], [76.861, 10.93], [76.859, 10.941], [76.854, 10.944], [76.852, 10.974], [76.866, 10.978], [76.915, 10.972], [76.918, 10.937], [76.911, 10.927], [76.917, 10.926], [76.92, 10.918], [76.926, 10.934], [76.957, 10.929], [76.965, 10.936], [76.965, 10.959], [76.959, 10.969], [76.963, 10.975], [76.976, 10.984], [76.961, 10.992], [76.956, 11.014], [76.944, 11.014], [76.94, 11.004], [76.924, 11.005], [76.918, 10.998], [76.912, 10.999], [76.916, 11.004], [76.913, 11.005], [76.908, 11.002], [76.9, 11.006], [76.885, 11.006], [76.88, 10.997], [76.862, 11.021], [76.866, 11.027], [76.874, 11.029], [76.858, 11.029], [76.863, 11.045]]]}}, {"type": "Feature", "properties": {"id": "TN-120", "ac_no": 120, "name": "Coimbatore(South)", "district": "COIMBATORE", "pc": "COIMBATORE"}, "geometry": {"type": "Polygon", "coordinates": [[[76.991, 11.022], [76.972, 11.031], [76.955, 11.032], [76.951, 11.026], [76.962, 11.02], [76.956, 11.014], [76.961, 10.992], [76.976, 10.984], [76.963, 10.975], [76.982, 10.972], [76.978, 10.979], [76.991, 10.979], [76.994, 10.987], [76.987, 10.989], [76.986, 10.996], [76.993, 10.995], [76.994, 10.99], [77.004, 10.996], [76.992, 11.015], [76.991, 11.022]]]}}, {"type": "Feature", "properties": {"id": "TN-121", "ac_no": 121, "name": "Singanallur", "district": "COIMBATORE", "pc": "COIMBATORE"}, "geometry": {"type": "Polygon", "coordinates": [[[77.051, 11.026], [77.035, 11.027], [77.03, 11.047], [77.008, 11.046], [77.009, 11.039], [76.996, 11.043], [76.997, 11.035], [76.99, 11.029], [76.991, 11.022], [76.992, 11.015], [77.004, 10.996], [76.994, 10.99], [76.993, 10.995], [76.986, 10.996], [76.987, 10.989], [76.994, 10.987], [76.991, 10.979], [76.978, 10.979], [76.982, 10.972], [77.037, 10.984], [77.054, 10.989], [77.061, 11.002], [77.051, 11.026]]]}}, {"type": "Feature", "properties": {"id": "TN-122", "ac_no": 122, "name": "Kinathukadavu", "district": "COIMBATORE", "pc": "POLLACHI"}, "geometry": {"type": "Polygon", "coordinates": [[[77.037, 10.984], [76.982, 10.972], [76.963, 10.975], [76.959, 10.969], [76.965, 10.959], [76.965, 10.936], [76.957, 10.929], [76.926, 10.934], [76.92, 10.918], [76.917, 10.926], [76.911, 10.927], [76.918, 10.937], [76.915, 10.972], [76.866, 10.978], [76.852, 10.974], [76.854, 10.944], [76.859, 10.941], [76.861, 10.93], [76.85, 10.921], [76.848, 10.913], [76.836, 10.915], [76.831, 10.885], [76.815, 10.883], [76.812, 10.877], [76.828, 10.873], [76.833, 10.86], [76.848, 10.85], [76.853, 10.834], [76.845, 10.826], [76.85, 10.819], [76.863, 10.818], [76.872, 10.809], [76.9, 10.809], [76.907, 10.779], [76.904, 10.772], [76.911, 10.771], [76.915, 10.778], [76.944, 10.79], [76.957, 10.771], [76.998, 10.792], [77.016, 10.791], [77.024, 10.786], [77.026, 10.792], [77.03, 10.788], [77.038, 10.789], [77.043, 10.797], [77.04, 10.811], [77.032, 10.814], [77.03, 10.849], [77.026, 10.859], [77.032, 10.862], [77.04, 10.877], [77.048, 10.891], [77.056, 10.893], [77.053, 10.9], [77.06, 10.902], [77.069, 10.928], [77.061, 10.947], [77.052, 10.954], [77.047, 10.952], [77.037, 10.984]]]}}, {"type": "Feature", "properties": {"id": "TN-123", "ac_no": 123, "name": "Pollachi", "district": "COIMBATORE", "pc": "POLLACHI"}, "geometry": {"type": "Polygon", "coordinates": [[[77.168, 10.8], [77.17, 10.811], [77.164, 10.832], [77.158, 10.837], [77.158, 10.848], [77.149, 10.85], [77.147, 10.865], [77.13, 10.867], [77.123, 10.874], [77.12, 10.887], [77.113, 10.887], [77.111, 10.89], [77.101, 10.883], [77.082, 10.886], [77.071, 10.876], [77.069, 10.88], [77.04, 10.877], [77.032, 10.862], [77.026, 10.859], [77.03, 10.849], [77.032, 10.814], [77.04, 10.811], [77.043, 10.797], [77.038, 10.789], [77.03, 10.788], [77.026, 10.792], [77.024, 10.786], [77.016, 10.791], [76.998, 10.792], [76.957, 10.771], [76.944, 10.79], [76.915, 10.778], [76.911, 10.771], [76.904, 10.772], [76.905, 10.763], [76.889, 10.734], [76.893, 10.722], [76.891, 10.717], [76.882, 10.717], [76.868, 10.695], [76.872, 10.693], [76.866, 10.685], [76.867, 10.68], [76.878, 10.677], [76.878, 10.672], [76.891, 10.656], [76.897, 10.655], [76.925, 10.657], [76.934, 10.644], [76.946, 10.638], [76.959, 10.642], [76.955, 10.644], [76.957, 10.648], [76.963, 10.649], [76.967, 10.657], [76.962, 10.666], [76.963, 10.676], [76.967, 10.671], [76.972, 10.673], [76.982, 10.668], [76.985, 10.669], [76.982, 10.675], [76.992, 10.672], [76.989, 10.669], [76.987, 10.647], [76.992, 10.65], [77.021, 10.64], [77.026, 10.658], [77.047, 10.66], [77.056, 10.647], [77.068, 10.663], [77.075, 10.666], [77.072, 10.681], [77.067, 10.686], [77.077, 10.687], [77.071, 10.713], [77.078, 10.727], [77.139, 10.732], [77.132, 10.753], [77.136, 10.755], [77.142, 10.768], [77.152, 10.765], [77.155, 10.772], [77.152, 10.779], [77.159, 10.779], [77.157, 10.795], [77.168, 10.8]]]}}, {"type": "Feature", "properties": {"id": "TN-124", "ac_no": 124, "name": "Valparai (SC)", "district": "COIMBATORE", "pc": "POLLACHI"}, "geometry": {"type": "Polygon", "coordinates": [[[76.959, 10.642], [76.946, 10.638], [76.934, 10.644], [76.925, 10.657], [76.897, 10.655], [76.891, 10.656], [76.878, 10.672], [76.884, 10.648], [76.883, 10.64], [76.86, 10.632], [76.83, 10.638], [76.814, 10.636], [76.81, 10.624], [76.817, 10.617], [76.817, 10.604], [76.826, 10.597], [76.833, 10.6], [76.839, 10.597], [76.834, 10.575], [76.84, 10.565], [76.835, 10.546], [76.843, 10.537], [76.83, 10.498], [76.828, 10.451], [76.816, 10.424], [76.824, 10.41], [76.83, 10.412], [76.834, 10.408], [76.834, 10.404], [76.824, 10.395], [76.844, 10.378], [76.849, 10.369], [76.846, 10.358], [76.836, 10.346], [76.838, 10.338], [76.83, 10.304], [76.841, 10.3], [76.845, 10.295], [76.842, 10.291], [76.849, 10.285], [76.852, 10.285], [76.855, 10.293], [76.863, 10.292], [76.873, 10.299], [76.873, 10.277], [76.898, 10.263], [76.901, 10.252], [76.906, 10.248], [76.903, 10.24], [76.908, 10.241], [76.913, 10.235], [76.922, 10.232], [76.94, 10.239], [76.951, 10.233], [76.969, 10.231], [76.983, 10.22], [77.015, 10.245], [77.04, 10.253], [77.051, 10.263], [77.053, 10.273], [77.044, 10.284], [77.056, 10.287], [77.066, 10.298], [77.091, 10.314], [77.093, 10.312], [77.09, 10.324], [77.084, 10.322], [77.086, 10.327], [77.08, 10.335], [77.09, 10.351], [77.088, 10.372], [77.07, 10.394], [77.052, 10.408], [77.042, 10.424], [77.075, 10.462], [77.061, 10.475], [77.079, 10.504], [77.078, 10.514], [77.074, 10.515], [77.077, 10.529], [77.074, 10.541], [77.077, 10.56], [77.084, 10.563], [77.081, 10.567], [77.089, 10.584], [77.084, 10.596], [77.076, 10.599], [77.073, 10.58], [77.068, 10.575], [77.064, 10.587], [77.043, 10.589], [77.037, 10.596], [77.031, 10.582], [77.023, 10.581], [77.021, 10.585], [77.017, 10.58], [77.002, 10.579], [77.001, 10.584], [76.993, 10.587], [76.995, 10.607], [76.988, 10.619], [76.99, 10.625], [76.97, 10.621], [76.968, 10.629], [76.972, 10.634], [76.959, 10.642]]]}}, {"type": "Feature", "properties": {"id": "TN-125", "ac_no": 125, "name": "Udumalaipettai", "district": "COIMBATORE", "pc": "POLLACHI"}, "geometry": {"type": "Polygon", "coordinates": [[[77.28, 10.789], [77.233, 10.776], [77.208, 10.79], [77.214, 10.804], [77.203, 10.802], [77.183, 10.798], [77.168, 10.8], [77.157, 10.795], [77.159, 10.779], [77.152, 10.779], [77.155, 10.772], [77.152, 10.765], [77.142, 10.768], [77.136, 10.755], [77.132, 10.753], [77.139, 10.732], [77.078, 10.727], [77.071, 10.713], [77.077, 10.687], [77.067, 10.686], [77.072, 10.681], [77.075, 10.666], [77.068, 10.663], [77.056, 10.647], [77.047, 10.66], [77.026, 10.658], [77.021, 10.64], [76.992, 10.65], [76.987, 10.647], [76.989, 10.669], [76.992, 10.672], [76.982, 10.675], [76.985, 10.669], [76.982, 10.668], [76.972, 10.673], [76.967, 10.671], [76.963, 10.676], [76.962, 10.666], [76.967, 10.657], [76.963, 10.649], [76.957, 10.648], [76.955, 10.644], [76.959, 10.642], [76.972, 10.634], [76.968, 10.629], [76.97, 10.621], [76.99, 10.625], [76.988, 10.619], [76.995, 10.607], [76.993, 10.587], [77.001, 10.584], [77.002, 10.579], [77.017, 10.58], [77.021, 10.585], [77.023, 10.581], [77.031, 10.582], [77.037, 10.596], [77.043, 10.589], [77.064, 10.587], [77.068, 10.575], [77.073, 10.58], [77.076, 10.599], [77.084, 10.596], [77.089, 10.584], [77.156, 10.583], [77.167, 10.593], [77.18, 10.642], [77.199, 10.636], [77.206, 10.638], [77.226, 10.636], [77.222, 10.58], [77.224, 10.577], [77.235, 10.581], [77.233, 10.564], [77.238, 10.549], [77.252, 10.531], [77.259, 10.543], [77.257, 10.572], [77.274, 10.573], [77.277, 10.588], [77.287, 10.59], [77.287, 10.611], [77.309, 10.614], [77.31, 10.638], [77.304, 10.658], [77.32, 10.69], [77.314, 10.75], [77.301, 10.751], [77.298, 10.777], [77.28, 10.789]]]}}, {"type": "Feature", "properties": {"id": "TN-126", "ac_no": 126, "name": "Madathukulam", "district": "COIMBATORE", "pc": "POLLACHI"}, "geometry": {"type": "Polygon", "coordinates": [[[77.32, 10.69], [77.304, 10.658], [77.31, 10.638], [77.309, 10.614], [77.287, 10.611], [77.287, 10.59], [77.277, 10.588], [77.274, 10.573], [77.257, 10.572], [77.259, 10.543], [77.252, 10.531], [77.238, 10.549], [77.233, 10.564], [77.235, 10.581], [77.224, 10.577], [77.222, 10.58], [77.226, 10.636], [77.206, 10.638], [77.199, 10.636], [77.18, 10.642], [77.167, 10.593], [77.156, 10.583], [77.089, 10.584], [77.081, 10.567], [77.084, 10.563], [77.077, 10.56], [77.074, 10.541], [77.077, 10.529], [77.074, 10.515], [77.078, 10.514], [77.079, 10.504], [77.061, 10.475], [77.075, 10.462], [77.042, 10.424], [77.052, 10.408], [77.07, 10.394], [77.088, 10.372], [77.09, 10.351], [77.08, 10.335], [77.086, 10.327], [77.084, 10.322], [77.09, 10.324], [77.093, 10.312], [77.096, 10.309], [77.102, 10.316], [77.12, 10.318], [77.176, 10.358], [77.236, 10.352], [77.236, 10.34], [77.229, 10.331], [77.228, 10.316], [77.263, 10.264], [77.257, 10.259], [77.259, 10.23], [77.269, 10.237], [77.288, 10.232], [77.296, 10.253], [77.304, 10.246], [77.311, 10.246], [77.325, 10.27], [77.343, 10.262], [77.348, 10.264], [77.351, 10.274], [77.348, 10.29], [77.342, 10.295], [77.342, 10.301], [77.33, 10.31], [77.326, 10.322], [77.335, 10.332], [77.33, 10.335], [77.33, 10.341], [77.336, 10.355], [77.316, 10.355], [77.313, 10.372], [77.319, 10.418], [77.323, 10.424], [77.32, 10.434], [77.327, 10.436], [77.323, 10.449], [77.333, 10.456], [77.344, 10.454], [77.344, 10.448], [77.356, 10.445], [77.385, 10.449], [77.384, 10.472], [77.378, 10.491], [77.392, 10.495], [77.396, 10.5], [77.403, 10.498], [77.405, 10.523], [77.378, 10.526], [77.373, 10.53], [77.368, 10.547], [77.378, 10.563], [77.388, 10.596], [77.396, 10.598], [77.394, 10.605], [77.402, 10.614], [77.412, 10.617], [77.418, 10.626], [77.4, 10.643], [77.398, 10.654], [77.365, 10.653], [77.362, 10.676], [77.353, 10.693], [77.32, 10.687], [77.32, 10.69]]]}}, {"type": "Feature", "properties": {"id": "TN-127", "ac_no": 127, "name": "Palani", "district": "DINDIGUL", "pc": "DINDIGUL"}, "geometry": {"type": "Polygon", "coordinates": [[[77.405, 10.523], [77.403, 10.498], [77.396, 10.5], [77.392, 10.495], [77.378, 10.491], [77.384, 10.472], [77.385, 10.449], [77.356, 10.445], [77.344, 10.448], [77.344, 10.454], [77.333, 10.456], [77.323, 10.449], [77.327, 10.436], [77.32, 10.434], [77.323, 10.424], [77.319, 10.418], [77.313, 10.372], [77.316, 10.355], [77.336, 10.355], [77.33, 10.341], [77.33, 10.335], [77.335, 10.332], [77.326, 10.322], [77.33, 10.31], [77.342, 10.301], [77.342, 10.295], [77.348, 10.29], [77.351, 10.274], [77.348, 10.264], [77.343, 10.262], [77.325, 10.27], [77.311, 10.246], [77.304, 10.246], [77.296, 10.253], [77.288, 10.232], [77.295, 10.218], [77.283, 10.208], [77.284, 10.199], [77.275, 10.185], [77.271, 10.142], [77.275, 10.132], [77.266, 10.122], [77.283, 10.118], [77.284, 10.125], [77.29, 10.125], [77.302, 10.136], [77.313, 10.135], [77.324, 10.128], [77.329, 10.143], [77.341, 10.136], [77.361, 10.151], [77.372, 10.14], [77.385, 10.147], [77.395, 10.163], [77.409, 10.158], [77.411, 10.145], [77.428, 10.136], [77.438, 10.132], [77.452, 10.136], [77.465, 10.129], [77.466, 10.129], [77.468, 10.142], [77.481, 10.147], [77.483, 10.154], [77.488, 10.148], [77.5, 10.161], [77.512, 10.161], [77.528, 10.174], [77.523, 10.176], [77.537, 10.18], [77.538, 10.188], [77.546, 10.183], [77.544, 10.193], [77.551, 10.192], [77.546, 10.199], [77.548, 10.204], [77.55, 10.2], [77.556, 10.202], [77.567, 10.196], [77.57, 10.181], [77.589, 10.197], [77.592, 10.191], [77.598, 10.194], [77.603, 10.2], [77.596, 10.206], [77.604, 10.206], [77.622, 10.219], [77.632, 10.206], [77.645, 10.205], [77.664, 10.189], [77.681, 10.202], [77.696, 10.199], [77.702, 10.213], [77.7, 10.224], [77.708, 10.23], [77.706, 10.243], [77.692, 10.245], [77.688, 10.251], [77.657, 10.264], [77.658, 10.268], [77.673, 10.266], [77.673, 10.278], [77.677, 10.28], [77.701, 10.279], [77.705, 10.29], [77.713, 10.294], [77.717, 10.303], [77.724, 10.301], [77.732, 10.31], [77.735, 10.332], [77.719, 10.345], [77.72, 10.361], [77.711, 10.367], [77.704, 10.371], [77.695, 10.367], [77.683, 10.379], [77.688, 10.392], [77.678, 10.397], [77.679, 10.405], [77.669, 10.408], [77.675, 10.424], [77.666, 10.431], [77.618, 10.416], [77.61, 10.417], [77.604, 10.441], [77.605, 10.51], [77.599, 10.517], [77.586, 10.517], [77.582, 10.523], [77.573, 10.524], [77.542, 10.517], [77.544, 10.522], [77.53, 10.522], [77.526, 10.518], [77.505, 10.516], [77.488, 10.523], [77.48, 10.522], [77.48, 10.505], [77.471, 10.507], [77.47, 10.52], [77.464, 10.517], [77.464, 10.522], [77.405, 10.523]]]}}, {"type": "Feature", "properties": {"id": "TN-128", "ac_no": 128, "name": "Oddanchatram", "district": "DINDIGUL", "pc": "DINDIGUL"}, "geometry": {"type": "Polygon", "coordinates": [[[77.808, 10.681], [77.791, 10.685], [77.767, 10.68], [77.766, 10.675], [77.753, 10.668], [77.755, 10.652], [77.744, 10.637], [77.731, 10.631], [77.72, 10.631], [77.723, 10.641], [77.714, 10.642], [77.699, 10.662], [77.709, 10.686], [77.707, 10.709], [77.702, 10.734], [77.69, 10.735], [77.665, 10.716], [77.656, 10.673], [77.637, 10.669], [77.597, 10.676], [77.586, 10.684], [77.58, 10.679], [77.571, 10.657], [77.548, 10.639], [77.543, 10.61], [77.508, 10.607], [77.508, 10.614], [77.516, 10.614], [77.507, 10.628], [77.504, 10.643], [77.483, 10.65], [77.475, 10.643], [77.466, 10.645], [77.454, 10.64], [77.446, 10.63], [77.432, 10.632], [77.418, 10.626], [77.412, 10.617], [77.402, 10.614], [77.394, 10.605], [77.396, 10.598], [77.388, 10.596], [77.378, 10.563], [77.368, 10.547], [77.373, 10.53], [77.378, 10.526], [77.405, 10.523], [77.464, 10.522], [77.464, 10.517], [77.47, 10.52], [77.471, 10.507], [77.48, 10.505], [77.48, 10.522], [77.488, 10.523], [77.505, 10.516], [77.526, 10.518], [77.53, 10.522], [77.544, 10.522], [77.542, 10.517], [77.573, 10.524], [77.582, 10.523], [77.586, 10.517], [77.599, 10.517], [77.605, 10.51], [77.604, 10.441], [77.61, 10.417], [77.618, 10.416], [77.666, 10.431], [77.675, 10.424], [77.669, 10.408], [77.679, 10.405], [77.678, 10.397], [77.688, 10.392], [77.683, 10.379], [77.695, 10.367], [77.704, 10.371], [77.711, 10.367], [77.714, 10.372], [77.719, 10.371], [77.731, 10.395], [77.722, 10.408], [77.749, 10.439], [77.78, 10.463], [77.785, 10.486], [77.797, 10.497], [77.81, 10.501], [77.825, 10.484], [77.84, 10.48], [77.846, 10.493], [77.847, 10.519], [77.852, 10.516], [77.861, 10.527], [77.879, 10.524], [77.884, 10.519], [77.892, 10.523], [77.899, 10.533], [77.925, 10.529], [77.914, 10.545], [77.919, 10.557], [77.915, 10.567], [77.865, 10.58], [77.872, 10.59], [77.869, 10.6], [77.884, 10.628], [77.872, 10.632], [77.847, 10.639], [77.835, 10.633], [77.828, 10.634], [77.813, 10.649], [77.818, 10.68], [77.813, 10.677], [77.808, 10.681]]]}}, {"type": "Feature", "properties": {"id": "TN-129", "ac_no": 129, "name": "Athoor", "district": "DINDIGUL", "pc": "DINDIGUL"}, "geometry": {"type": "Polygon", "coordinates": [[[77.892, 10.523], [77.884, 10.519], [77.879, 10.524], [77.861, 10.527], [77.852, 10.516], [77.847, 10.519], [77.846, 10.493], [77.84, 10.48], [77.825, 10.484], [77.81, 10.501], [77.797, 10.497], [77.785, 10.486], [77.78, 10.463], [77.749, 10.439], [77.722, 10.408], [77.731, 10.395], [77.719, 10.371], [77.714, 10.372], [77.711, 10.367], [77.72, 10.361], [77.719, 10.345], [77.735, 10.332], [77.732, 10.31], [77.724, 10.301], [77.717, 10.303], [77.713, 10.294], [77.705, 10.29], [77.701, 10.279], [77.677, 10.28], [77.673, 10.278], [77.673, 10.266], [77.658, 10.268], [77.657, 10.264], [77.688, 10.251], [77.692, 10.245], [77.706, 10.243], [77.708, 10.23], [77.718, 10.228], [77.746, 10.201], [77.761, 10.216], [77.789, 10.201], [77.806, 10.203], [77.815, 10.228], [77.807, 10.229], [77.807, 10.25], [77.826, 10.241], [77.839, 10.245], [77.844, 10.241], [77.843, 10.236], [77.852, 10.236], [77.868, 10.264], [77.868, 10.281], [77.875, 10.284], [77.883, 10.28], [77.881, 10.277], [77.887, 10.279], [77.887, 10.275], [77.898, 10.274], [77.894, 10.255], [77.918, 10.242], [77.926, 10.252], [77.938, 10.253], [77.937, 10.26], [77.944, 10.264], [77.953, 10.282], [77.935, 10.292], [77.938, 10.305], [77.948, 10.311], [77.948, 10.326], [77.94, 10.33], [77.941, 10.355], [77.933, 10.363], [77.935, 10.393], [77.943, 10.397], [77.944, 10.402], [77.958, 10.402], [77.954, 10.422], [77.96, 10.423], [77.963, 10.433], [77.976, 10.424], [77.987, 10.423], [77.989, 10.431], [77.984, 10.441], [77.988, 10.459], [77.978, 10.464], [77.98, 10.485], [77.975, 10.493], [77.956, 10.498], [77.941, 10.509], [77.911, 10.502], [77.913, 10.509], [77.908, 10.512], [77.906, 10.508], [77.892, 10.523]]]}}, {"type": "Feature", "properties": {"id": "TN-130", "ac_no": 130, "name": "Nilakkottai (SC)", "district": "DINDIGUL", "pc": "DINDIGUL"}, "geometry": {"type": "Polygon", "coordinates": [[[77.918, 10.242], [77.894, 10.255], [77.898, 10.274], [77.887, 10.275], [77.887, 10.279], [77.881, 10.277], [77.883, 10.28], [77.875, 10.284], [77.868, 10.281], [77.868, 10.264], [77.852, 10.236], [77.843, 10.236], [77.844, 10.241], [77.839, 10.245], [77.826, 10.241], [77.807, 10.25], [77.807, 10.229], [77.815, 10.228], [77.806, 10.203], [77.789, 10.201], [77.761, 10.216], [77.746, 10.201], [77.718, 10.228], [77.708, 10.23], [77.7, 10.224], [77.702, 10.213], [77.706, 10.216], [77.71, 10.206], [77.701, 10.195], [77.712, 10.17], [77.729, 10.159], [77.724, 10.146], [77.724, 10.136], [77.729, 10.131], [77.722, 10.134], [77.716, 10.129], [77.708, 10.129], [77.697, 10.135], [77.692, 10.146], [77.676, 10.145], [77.675, 10.127], [77.669, 10.126], [77.669, 10.122], [77.697, 10.109], [77.702, 10.103], [77.697, 10.087], [77.701, 10.086], [77.709, 10.08], [77.708, 10.065], [77.712, 10.048], [77.706, 10.038], [77.712, 10.034], [77.712, 10.026], [77.71, 10.02], [77.717, 10.018], [77.754, 10.047], [77.76, 10.046], [77.763, 10.056], [77.781, 10.051], [77.806, 10.068], [77.822, 10.067], [77.836, 10.074], [77.861, 10.075], [77.875, 10.062], [77.894, 10.073], [77.905, 10.071], [77.91, 10.077], [77.919, 10.076], [77.919, 10.084], [77.947, 10.092], [77.937, 10.097], [77.936, 10.108], [77.954, 10.13], [77.954, 10.134], [77.947, 10.135], [77.954, 10.139], [77.949, 10.145], [77.946, 10.159], [77.941, 10.147], [77.937, 10.15], [77.938, 10.192], [77.93, 10.193], [77.933, 10.204], [77.921, 10.212], [77.915, 10.225], [77.918, 10.242]]]}}, {"type": "Feature", "properties": {"id": "TN-131", "ac_no": 131, "name": "Natham", "district": "DINDIGUL", "pc": "DINDIGUL"}, "geometry": {"type": "Polygon", "coordinates": [[[78.075, 10.385], [78.063, 10.374], [78.064, 10.361], [78.058, 10.355], [78.028, 10.345], [78.012, 10.35], [78.002, 10.343], [77.986, 10.344], [77.98, 10.337], [77.957, 10.342], [77.948, 10.326], [77.948, 10.311], [77.938, 10.305], [77.935, 10.292], [77.953, 10.282], [77.944, 10.264], [77.937, 10.26], [77.938, 10.253], [77.926, 10.252], [77.918, 10.242], [77.915, 10.225], [77.921, 10.212], [77.933, 10.204], [77.93, 10.193], [77.938, 10.192], [77.937, 10.15], [77.941, 10.147], [77.946, 10.159], [77.949, 10.145], [77.954, 10.139], [77.96, 10.14], [77.966, 10.132], [77.978, 10.135], [77.999, 10.16], [78.018, 10.161], [78.029, 10.181], [78.071, 10.18], [78.072, 10.184], [78.106, 10.185], [78.12, 10.19], [78.142, 10.183], [78.157, 10.157], [78.158, 10.15], [78.151, 10.147], [78.164, 10.141], [78.165, 10.124], [78.156, 10.108], [78.175, 10.098], [78.17, 10.094], [78.204, 10.079], [78.201, 10.074], [78.203, 10.067], [78.208, 10.066], [78.211, 10.075], [78.237, 10.077], [78.244, 10.084], [78.258, 10.088], [78.262, 10.095], [78.261, 10.104], [78.272, 10.117], [78.27, 10.129], [78.28, 10.13], [78.282, 10.152], [78.288, 10.159], [78.284, 10.164], [78.282, 10.157], [78.28, 10.167], [78.257, 10.158], [78.255, 10.165], [78.285, 10.191], [78.294, 10.192], [78.328, 10.227], [78.326, 10.24], [78.332, 10.255], [78.328, 10.256], [78.33, 10.278], [78.325, 10.284], [78.33, 10.289], [78.337, 10.289], [78.335, 10.294], [78.338, 10.298], [78.329, 10.298], [78.333, 10.301], [78.338, 10.326], [78.317, 10.349], [78.291, 10.361], [78.286, 10.37], [78.279, 10.373], [78.277, 10.383], [78.281, 10.39], [78.287, 10.392], [78.288, 10.402], [78.307, 10.412], [78.306, 10.423], [78.314, 10.439], [78.296, 10.45], [78.253, 10.462], [78.245, 10.468], [78.234, 10.47], [78.224, 10.466], [78.222, 10.45], [78.251, 10.433], [78.235, 10.424], [78.233, 10.417], [78.211, 10.423], [78.199, 10.408], [78.187, 10.405], [78.188, 10.395], [78.176, 10.374], [78.171, 10.376], [78.17, 10.382], [78.176, 10.395], [78.17, 10.409], [78.15, 10.421], [78.142, 10.416], [78.139, 10.404], [78.123, 10.401], [78.12, 10.382], [78.102, 10.378], [78.075, 10.385]]]}}, {"type": "Feature", "properties": {"id": "TN-132", "ac_no": 132, "name": "Dindigul", "district": "DINDIGUL", "pc": "DINDIGUL"}, "geometry": {"type": "Polygon", "coordinates": [[[77.987, 10.423], [77.976, 10.424], [77.963, 10.433], [77.96, 10.423], [77.954, 10.422], [77.958, 10.402], [77.944, 10.402], [77.943, 10.397], [77.935, 10.393], [77.933, 10.363], [77.941, 10.355], [77.94, 10.33], [77.948, 10.326], [77.957, 10.342], [77.98, 10.337], [77.986, 10.344], [78.002, 10.343], [78.012, 10.35], [78.028, 10.345], [78.058, 10.355], [78.064, 10.361], [78.063, 10.374], [78.075, 10.385], [78.054, 10.4], [78.057, 10.42], [78.052, 10.422], [78.04, 10.421], [78.031, 10.407], [78.025, 10.407], [78.013, 10.41], [78.009, 10.417], [77.99, 10.413], [77.986, 10.415], [77.987, 10.423]]]}}, {"type": "Feature", "properties": {"id": "TN-133", "ac_no": 133, "name": "Vedasandur", "district": "DINDIGUL", "pc": "KARUR"}, "geometry": {"type": "Polygon", "coordinates": [[[78.055, 10.772], [78.043, 10.779], [78.033, 10.775], [78.033, 10.781], [78.028, 10.782], [78.027, 10.776], [78.022, 10.778], [78.025, 10.773], [77.998, 10.774], [77.995, 10.762], [77.983, 10.76], [77.94, 10.768], [77.932, 10.751], [77.931, 10.737], [77.952, 10.743], [77.996, 10.743], [77.999, 10.729], [78.012, 10.731], [78.009, 10.723], [78.015, 10.72], [78.009, 10.711], [78.005, 10.676], [77.992, 10.671], [77.97, 10.673], [77.978, 10.639], [77.952, 10.64], [77.95, 10.644], [77.914, 10.648], [77.909, 10.657], [77.903, 10.648], [77.897, 10.649], [77.896, 10.645], [77.881, 10.649], [77.872, 10.632], [77.884, 10.628], [77.869, 10.6], [77.872, 10.59], [77.865, 10.58], [77.915, 10.567], [77.919, 10.557], [77.914, 10.545], [77.925, 10.529], [77.899, 10.533], [77.892, 10.523], [77.906, 10.508], [77.908, 10.512], [77.913, 10.509], [77.911, 10.502], [77.941, 10.509], [77.956, 10.498], [77.975, 10.493], [77.98, 10.485], [77.978, 10.464], [77.988, 10.459], [77.984, 10.441], [77.989, 10.431], [77.987, 10.423], [77.986, 10.415], [77.99, 10.413], [78.009, 10.417], [78.013, 10.41], [78.025, 10.407], [78.031, 10.407], [78.04, 10.421], [78.052, 10.422], [78.057, 10.42], [78.054, 10.4], [78.075, 10.385], [78.102, 10.378], [78.12, 10.382], [78.123, 10.401], [78.139, 10.404], [78.142, 10.416], [78.15, 10.421], [78.17, 10.409], [78.176, 10.395], [78.17, 10.382], [78.171, 10.376], [78.176, 10.374], [78.188, 10.395], [78.187, 10.405], [78.199, 10.408], [78.211, 10.423], [78.233, 10.417], [78.235, 10.424], [78.251, 10.433], [78.222, 10.45], [78.224, 10.466], [78.218, 10.467], [78.214, 10.474], [78.206, 10.474], [78.191, 10.5], [78.173, 10.503], [78.177, 10.517], [78.184, 10.522], [78.186, 10.528], [78.19, 10.539], [78.2, 10.547], [78.191, 10.552], [78.191, 10.558], [78.18, 10.559], [78.171, 10.554], [78.161, 10.562], [78.14, 10.564], [78.133, 10.575], [78.139, 10.601], [78.166, 10.613], [78.16, 10.641], [78.163, 10.649], [78.145, 10.65], [78.146, 10.677], [78.154, 10.708], [78.156, 10.729], [78.152, 10.741], [78.168, 10.775], [78.17, 10.799], [78.186, 10.819], [78.181, 10.821], [78.186, 10.833], [78.181, 10.832], [78.179, 10.823], [78.176, 10.835], [78.173, 10.832], [78.159, 10.834], [78.158, 10.827], [78.152, 10.826], [78.149, 10.805], [78.105, 10.806], [78.096, 10.79], [78.1, 10.78], [78.098, 10.767], [78.07, 10.777], [78.066, 10.767], [78.057, 10.764], [78.055, 10.772]]]}}, {"type": "Feature", "properties": {"id": "TN-134", "ac_no": 134, "name": "Aravakurichi", "district": "KARUR  *", "pc": "KARUR"}, "geometry": {"type": "Polygon", "coordinates": [[[78.06, 11.076], [78.053, 11.074], [78.048, 11.079], [78.021, 11.094], [77.994, 11.097], [77.952, 11.067], [77.945, 11.066], [77.933, 11.07], [77.92, 11.047], [77.907, 11.046], [77.9, 11.034], [77.888, 11.032], [77.876, 11.024], [77.855, 11.031], [77.851, 11.046], [77.831, 11.048], [77.828, 11.062], [77.818, 11.07], [77.809, 11.07], [77.805, 11.063], [77.794, 11.068], [77.78, 11.063], [77.778, 11.054], [77.782, 11.051], [77.782, 11.039], [77.792, 11.033], [77.79, 11.019], [77.781, 10.998], [77.759, 10.984], [77.758, 10.979], [77.751, 10.981], [77.75, 10.977], [77.753, 10.966], [77.768, 10.967], [77.77, 10.962], [77.761, 10.904], [77.772, 10.894], [77.777, 10.87], [77.784, 10.874], [77.788, 10.886], [77.795, 10.88], [77.796, 10.866], [77.808, 10.858], [77.82, 10.858], [77.837, 10.835], [77.846, 10.837], [77.856, 10.849], [77.862, 10.848], [77.873, 10.836], [77.876, 10.809], [77.871, 10.801], [77.872, 10.795], [77.881, 10.789], [77.892, 10.792], [77.892, 10.774], [77.873, 10.776], [77.871, 10.772], [77.855, 10.784], [77.836, 10.787], [77.836, 10.79], [77.828, 10.792], [77.828, 10.798], [77.818, 10.797], [77.798, 10.806], [77.794, 10.791], [77.778, 10.79], [77.771, 10.767], [77.797, 10.753], [77.813, 10.759], [77.827, 10.75], [77.821, 10.733], [77.825, 10.716], [77.81, 10.7], [77.808, 10.681], [77.813, 10.677], [77.818, 10.68], [77.813, 10.649], [77.828, 10.634], [77.835, 10.633], [77.847, 10.639], [77.872, 10.632], [77.881, 10.649], [77.896, 10.645], [77.897, 10.649], [77.903, 10.648], [77.909, 10.657], [77.914, 10.648], [77.95, 10.644], [77.952, 10.64], [77.978, 10.639], [77.97, 10.673], [77.992, 10.671], [78.005, 10.676], [78.009, 10.711], [78.015, 10.72], [78.009, 10.723], [78.012, 10.731], [77.999, 10.729], [77.996, 10.743], [77.952, 10.743], [77.931, 10.737], [77.932, 10.751], [77.94, 10.768], [77.983, 10.76], [77.995, 10.762], [77.998, 10.774], [78.025, 10.773], [78.022, 10.778], [78.027, 10.776], [78.028, 10.782], [78.033, 10.781], [78.033, 10.775], [78.043, 10.779], [78.055, 10.772], [78.056, 10.778], [78.051, 10.787], [78.054, 10.799], [78.048, 10.804], [78.042, 10.801], [78.039, 10.822], [78.028, 10.829], [78.02, 10.829], [78.013, 10.836], [78.021, 10.84], [78.027, 10.854], [78.006, 10.854], [78.004, 10.87], [77.989, 10.886], [77.992, 10.902], [77.989, 10.913], [78.004, 10.929], [78.003, 10.935], [78.014, 10.94], [78.024, 10.938], [78.026, 10.948], [78.016, 10.953], [78.009, 10.965], [78.016, 11.028], [78.038, 11.029], [78.043, 11.042], [78.06, 11.054], [78.06, 11.076]]]}}, {"type": "Feature", "properties": {"id": "TN-135", "ac_no": 135, "name": "Karur", "district": "KARUR  *", "pc": "KARUR"}, "geometry": {"type": "Polygon", "coordinates": [[[78.06, 11.076], [78.06, 11.054], [78.043, 11.042], [78.038, 11.029], [78.016, 11.028], [78.009, 10.965], [78.016, 10.953], [78.026, 10.948], [78.04, 10.95], [78.052, 10.945], [78.05, 10.914], [78.053, 10.909], [78.068, 10.91], [78.073, 10.894], [78.105, 10.901], [78.104, 10.912], [78.109, 10.925], [78.105, 10.933], [78.114, 10.937], [78.116, 10.944], [78.099, 10.949], [78.097, 10.955], [78.106, 10.957], [78.102, 10.963], [78.094, 10.964], [78.1, 10.969], [78.126, 10.973], [78.133, 10.977], [78.136, 10.986], [78.142, 10.982], [78.143, 10.971], [78.149, 10.966], [78.147, 10.956], [78.157, 10.949], [78.165, 10.951], [78.166, 10.956], [78.17, 10.951], [78.171, 10.957], [78.193, 10.965], [78.17, 10.996], [78.165, 11.012], [78.148, 11.036], [78.112, 11.064], [78.102, 11.074], [78.09, 11.078], [78.06, 11.076]]]}}, {"type": "Feature", "properties": {"id": "TN-136", "ac_no": 136, "name": "Krishnarayapuram(SC)", "district": "KARUR  *", "pc": "KARUR"}, "geometry": {"type": "Polygon", "coordinates": [[[78.308, 10.96], [78.249, 10.968], [78.208, 10.958], [78.193, 10.965], [78.171, 10.957], [78.17, 10.951], [78.166, 10.956], [78.165, 10.951], [78.157, 10.949], [78.147, 10.956], [78.149, 10.966], [78.143, 10.971], [78.142, 10.982], [78.136, 10.986], [78.133, 10.977], [78.126, 10.973], [78.1, 10.969], [78.094, 10.964], [78.102, 10.963], [78.106, 10.957], [78.097, 10.955], [78.099, 10.949], [78.116, 10.944], [78.114, 10.937], [78.105, 10.933], [78.109, 10.925], [78.104, 10.912], [78.105, 10.901], [78.073, 10.894], [78.068, 10.91], [78.053, 10.909], [78.05, 10.914], [78.052, 10.945], [78.04, 10.95], [78.026, 10.948], [78.024, 10.938], [78.014, 10.94], [78.003, 10.935], [78.004, 10.929], [77.989, 10.913], [77.992, 10.902], [77.989, 10.886], [78.004, 10.87], [78.006, 10.854], [78.027, 10.854], [78.021, 10.84], [78.013, 10.836], [78.02, 10.829], [78.028, 10.829], [78.039, 10.822], [78.042, 10.801], [78.048, 10.804], [78.054, 10.799], [78.051, 10.787], [78.056, 10.778], [78.055, 10.772], [78.057, 10.764], [78.066, 10.767], [78.07, 10.777], [78.098, 10.767], [78.1, 10.78], [78.096, 10.79], [78.105, 10.806], [78.149, 10.805], [78.152, 10.826], [78.158, 10.827], [78.159, 10.834], [78.173, 10.832], [78.176, 10.835], [78.179, 10.823], [78.181, 10.832], [78.186, 10.833], [78.181, 10.821], [78.186, 10.819], [78.17, 10.799], [78.168, 10.775], [78.152, 10.741], [78.156, 10.729], [78.154, 10.708], [78.146, 10.677], [78.145, 10.65], [78.163, 10.649], [78.16, 10.641], [78.166, 10.613], [78.139, 10.601], [78.133, 10.575], [78.14, 10.564], [78.161, 10.562], [78.171, 10.554], [78.18, 10.559], [78.191, 10.558], [78.191, 10.552], [78.2, 10.547], [78.19, 10.539], [78.186, 10.528], [78.215, 10.531], [78.217, 10.54], [78.227, 10.542], [78.242, 10.541], [78.237, 10.532], [78.24, 10.529], [78.253, 10.537], [78.268, 10.553], [78.272, 10.571], [78.262, 10.579], [78.261, 10.597], [78.256, 10.602], [78.263, 10.616], [78.283, 10.746], [78.284, 10.752], [78.305, 10.757], [78.31, 10.766], [78.305, 10.784], [78.312, 10.809], [78.29, 10.81], [78.29, 10.818], [78.283, 10.815], [78.278, 10.821], [78.273, 10.82], [78.275, 10.824], [78.271, 10.832], [78.278, 10.888], [78.299, 10.887], [78.313, 10.896], [78.312, 10.905], [78.32, 10.926], [78.316, 10.931], [78.317, 10.944], [78.312, 10.944], [78.308, 10.952], [78.308, 10.96]]]}}, {"type": "Feature", "properties": {"id": "TN-137", "ac_no": 137, "name": "Kulithalai", "district": "KARUR  *", "pc": "PERAMBALUR"}, "geometry": {"type": "Polygon", "coordinates": [[[78.465, 10.919], [78.409, 10.957], [78.382, 10.961], [78.308, 10.96], [78.308, 10.952], [78.312, 10.944], [78.317, 10.944], [78.316, 10.931], [78.32, 10.926], [78.312, 10.905], [78.313, 10.896], [78.299, 10.887], [78.278, 10.888], [78.271, 10.832], [78.275, 10.824], [78.273, 10.82], [78.278, 10.821], [78.283, 10.815], [78.29, 10.818], [78.29, 10.81], [78.312, 10.809], [78.305, 10.784], [78.31, 10.766], [78.305, 10.757], [78.284, 10.752], [78.283, 10.746], [78.292, 10.722], [78.289, 10.713], [78.293, 10.702], [78.316, 10.703], [78.319, 10.708], [78.328, 10.706], [78.332, 10.709], [78.342, 10.707], [78.345, 10.721], [78.378, 10.726], [78.374, 10.719], [78.397, 10.69], [78.404, 10.694], [78.401, 10.68], [78.407, 10.673], [78.422, 10.672], [78.432, 10.684], [78.454, 10.686], [78.46, 10.693], [78.46, 10.704], [78.484, 10.703], [78.487, 10.699], [78.514, 10.695], [78.517, 10.708], [78.532, 10.713], [78.544, 10.724], [78.551, 10.723], [78.564, 10.735], [78.569, 10.747], [78.562, 10.763], [78.569, 10.778], [78.564, 10.782], [78.556, 10.78], [78.558, 10.787], [78.544, 10.795], [78.554, 10.814], [78.576, 10.809], [78.586, 10.825], [78.586, 10.831], [78.572, 10.834], [78.575, 10.845], [78.579, 10.844], [78.578, 10.852], [78.558, 10.864], [78.559, 10.869], [78.546, 10.88], [78.509, 10.885], [78.492, 10.894], [78.477, 10.883], [78.468, 10.887], [78.476, 10.909], [78.464, 10.916], [78.465, 10.919]]]}}, {"type": "Feature", "properties": {"id": "TN-138", "ac_no": 138, "name": "Manapparai", "district": "TIRUCHIRAPPALLI", "pc": "KARUR"}, "geometry": {"type": "Polygon", "coordinates": [[[78.283, 10.746], [78.263, 10.616], [78.256, 10.602], [78.261, 10.597], [78.262, 10.579], [78.272, 10.571], [78.268, 10.553], [78.253, 10.537], [78.24, 10.529], [78.237, 10.532], [78.242, 10.541], [78.227, 10.542], [78.217, 10.54], [78.215, 10.531], [78.186, 10.528], [78.184, 10.522], [78.177, 10.517], [78.173, 10.503], [78.191, 10.5], [78.206, 10.474], [78.214, 10.474], [78.218, 10.467], [78.224, 10.466], [78.234, 10.47], [78.245, 10.468], [78.253, 10.462], [78.296, 10.45], [78.314, 10.439], [78.306, 10.423], [78.307, 10.412], [78.288, 10.402], [78.287, 10.392], [78.281, 10.39], [78.277, 10.383], [78.279, 10.373], [78.286, 10.37], [78.291, 10.361], [78.317, 10.349], [78.338, 10.326], [78.333, 10.301], [78.363, 10.294], [78.367, 10.301], [78.374, 10.3], [78.371, 10.309], [78.378, 10.31], [78.392, 10.318], [78.404, 10.343], [78.394, 10.349], [78.392, 10.354], [78.408, 10.358], [78.415, 10.363], [78.436, 10.363], [78.449, 10.375], [78.438, 10.384], [78.445, 10.408], [78.464, 10.407], [78.491, 10.396], [78.491, 10.389], [78.496, 10.388], [78.506, 10.389], [78.505, 10.376], [78.506, 10.375], [78.512, 10.371], [78.524, 10.378], [78.53, 10.39], [78.528, 10.402], [78.516, 10.407], [78.522, 10.437], [78.552, 10.433], [78.552, 10.427], [78.564, 10.427], [78.561, 10.431], [78.564, 10.443], [78.577, 10.445], [78.584, 10.441], [78.589, 10.474], [78.585, 10.481], [78.57, 10.49], [78.58, 10.509], [78.581, 10.523], [78.569, 10.52], [78.567, 10.515], [78.55, 10.515], [78.545, 10.53], [78.537, 10.531], [78.533, 10.514], [78.54, 10.515], [78.542, 10.509], [78.536, 10.495], [78.519, 10.484], [78.497, 10.485], [78.493, 10.489], [78.497, 10.507], [78.491, 10.51], [78.491, 10.517], [78.486, 10.518], [78.49, 10.527], [78.484, 10.54], [78.464, 10.541], [78.465, 10.578], [78.457, 10.579], [78.442, 10.591], [78.433, 10.607], [78.424, 10.607], [78.432, 10.62], [78.428, 10.634], [78.433, 10.647], [78.423, 10.663], [78.421, 10.649], [78.41, 10.636], [78.394, 10.63], [78.387, 10.641], [78.39, 10.647], [78.385, 10.658], [78.397, 10.69], [78.374, 10.719], [78.378, 10.726], [78.345, 10.721], [78.342, 10.707], [78.332, 10.709], [78.328, 10.706], [78.319, 10.708], [78.316, 10.703], [78.293, 10.702], [78.289, 10.713], [78.292, 10.722], [78.283, 10.746]]]}}, {"type": "Feature", "properties": {"id": "TN-139", "ac_no": 139, "name": "Srirangam", "district": "TIRUCHIRAPPALLI", "pc": "TIRUCHIRAPPALLI"}, "geometry": {"type": "Polygon", "coordinates": [[[78.465, 10.919], [78.464, 10.916], [78.476, 10.909], [78.468, 10.887], [78.477, 10.883], [78.492, 10.894], [78.509, 10.885], [78.546, 10.88], [78.559, 10.869], [78.558, 10.864], [78.578, 10.852], [78.579, 10.844], [78.575, 10.845], [78.572, 10.834], [78.586, 10.831], [78.586, 10.825], [78.576, 10.809], [78.554, 10.814], [78.544, 10.795], [78.558, 10.787], [78.556, 10.78], [78.564, 10.782], [78.569, 10.778], [78.562, 10.763], [78.569, 10.747], [78.564, 10.735], [78.551, 10.723], [78.544, 10.724], [78.532, 10.713], [78.517, 10.708], [78.514, 10.695], [78.487, 10.699], [78.484, 10.703], [78.46, 10.704], [78.46, 10.693], [78.454, 10.686], [78.432, 10.684], [78.422, 10.672], [78.407, 10.673], [78.401, 10.68], [78.404, 10.694], [78.397, 10.69], [78.385, 10.658], [78.39, 10.647], [78.387, 10.641], [78.394, 10.63], [78.41, 10.636], [78.421, 10.649], [78.423, 10.663], [78.433, 10.647], [78.428, 10.634], [78.432, 10.62], [78.424, 10.607], [78.433, 10.607], [78.442, 10.591], [78.457, 10.579], [78.459, 10.59], [78.452, 10.591], [78.452, 10.6], [78.449, 10.6], [78.448, 10.607], [78.459, 10.61], [78.458, 10.617], [78.465, 10.617], [78.469, 10.628], [78.482, 10.639], [78.527, 10.629], [78.529, 10.644], [78.52, 10.65], [78.518, 10.67], [78.526, 10.675], [78.531, 10.672], [78.534, 10.677], [78.544, 10.676], [78.551, 10.687], [78.568, 10.682], [78.566, 10.661], [78.579, 10.665], [78.591, 10.66], [78.609, 10.682], [78.616, 10.682], [78.621, 10.676], [78.627, 10.705], [78.638, 10.708], [78.647, 10.704], [78.658, 10.705], [78.652, 10.682], [78.657, 10.672], [78.652, 10.659], [78.663, 10.655], [78.667, 10.673], [78.681, 10.67], [78.683, 10.688], [78.693, 10.691], [78.696, 10.704], [78.689, 10.728], [78.691, 10.734], [78.694, 10.763], [78.679, 10.768], [78.673, 10.785], [78.658, 10.79], [78.664, 10.802], [78.664, 10.825], [78.646, 10.834], [78.665, 10.844], [78.672, 10.844], [78.675, 10.834], [78.682, 10.838], [78.684, 10.854], [78.694, 10.845], [78.706, 10.842], [78.706, 10.839], [78.715, 10.838], [78.753, 10.84], [78.776, 10.832], [78.798, 10.838], [78.817, 10.836], [78.816, 10.844], [78.802, 10.848], [78.714, 10.86], [78.687, 10.87], [78.686, 10.874], [78.676, 10.878], [78.638, 10.883], [78.637, 10.875], [78.577, 10.888], [78.521, 10.908], [78.482, 10.914], [78.465, 10.919]]]}}, {"type": "Feature", "properties": {"id": "TN-140", "ac_no": 140, "name": "Tiruchirappalli West", "district": "TIRUCHIRAPPALLI", "pc": "TIRUCHIRAPPALLI"}, "geometry": {"type": "Polygon", "coordinates": [[[78.682, 10.838], [78.675, 10.834], [78.672, 10.844], [78.665, 10.844], [78.646, 10.834], [78.664, 10.825], [78.664, 10.802], [78.658, 10.79], [78.673, 10.785], [78.679, 10.768], [78.694, 10.763], [78.691, 10.734], [78.709, 10.733], [78.717, 10.742], [78.719, 10.773], [78.71, 10.781], [78.689, 10.789], [78.695, 10.792], [78.689, 10.799], [78.686, 10.83], [78.682, 10.838]]]}}, {"type": "Feature", "properties": {"id": "TN-141", "ac_no": 141, "name": "Tiruchirappalli East", "district": "TIRUCHIRAPPALLI", "pc": "TIRUCHIRAPPALLI"}, "geometry": {"type": "Polygon", "coordinates": [[[78.706, 10.839], [78.706, 10.842], [78.694, 10.845], [78.684, 10.854], [78.682, 10.838], [78.686, 10.83], [78.689, 10.799], [78.695, 10.792], [78.689, 10.789], [78.71, 10.781], [78.719, 10.773], [78.728, 10.777], [78.743, 10.774], [78.746, 10.789], [78.738, 10.801], [78.723, 10.801], [78.723, 10.813], [78.707, 10.814], [78.706, 10.839]]]}}, {"type": "Feature", "properties": {"id": "TN-142", "ac_no": 142, "name": "Thiruverumbur", "district": "TIRUCHIRAPPALLI", "pc": "TIRUCHIRAPPALLI"}, "geometry": {"type": "Polygon", "coordinates": [[[78.776, 10.832], [78.753, 10.84], [78.715, 10.838], [78.706, 10.839], [78.707, 10.814], [78.723, 10.813], [78.723, 10.801], [78.738, 10.801], [78.746, 10.789], [78.743, 10.774], [78.728, 10.777], [78.719, 10.773], [78.717, 10.742], [78.709, 10.733], [78.71, 10.722], [78.735, 10.715], [78.742, 10.708], [78.742, 10.7], [78.746, 10.699], [78.747, 10.687], [78.739, 10.684], [78.736, 10.677], [78.744, 10.643], [78.757, 10.644], [78.758, 10.653], [78.764, 10.655], [78.784, 10.649], [78.791, 10.649], [78.794, 10.653], [78.8, 10.661], [78.8, 10.68], [78.806, 10.679], [78.803, 10.676], [78.811, 10.673], [78.813, 10.681], [78.82, 10.687], [78.82, 10.695], [78.873, 10.688], [78.873, 10.706], [78.866, 10.722], [78.865, 10.736], [78.869, 10.747], [78.868, 10.761], [78.874, 10.762], [78.88, 10.789], [78.867, 10.786], [78.867, 10.803], [78.862, 10.803], [78.868, 10.826], [78.815, 10.823], [78.776, 10.827], [78.776, 10.832]]]}}, {"type": "Feature", "properties": {"id": "TN-143", "ac_no": 143, "name": "Lalgudi", "district": "TIRUCHIRAPPALLI", "pc": "PERAMBALUR"}, "geometry": {"type": "Polygon", "coordinates": [[[78.849, 11.09], [78.838, 11.076], [78.808, 11.081], [78.809, 11.057], [78.815, 11.051], [78.806, 11.029], [78.807, 11.021], [78.813, 11.017], [78.803, 11.013], [78.794, 10.998], [78.792, 10.965], [78.778, 10.95], [78.778, 10.929], [78.776, 10.926], [78.758, 10.926], [78.767, 10.911], [78.758, 10.913], [78.756, 10.902], [78.755, 10.906], [78.747, 10.901], [78.728, 10.914], [78.731, 10.893], [78.726, 10.893], [78.728, 10.885], [78.721, 10.883], [78.732, 10.879], [78.713, 10.873], [78.714, 10.86], [78.802, 10.848], [78.816, 10.844], [78.817, 10.836], [78.924, 10.867], [78.939, 10.876], [78.94, 10.888], [78.961, 10.895], [78.961, 10.888], [79.004, 10.894], [79.002, 10.922], [78.988, 10.928], [78.981, 10.921], [78.976, 10.941], [78.944, 10.957], [78.956, 10.971], [78.983, 10.965], [78.978, 10.975], [78.986, 10.978], [78.987, 11.002], [78.993, 10.999], [79.012, 11.01], [79.007, 11.056], [79.002, 11.061], [78.998, 11.076], [78.985, 11.079], [78.984, 11.088], [78.973, 11.095], [78.937, 11.095], [78.928, 11.09], [78.916, 11.098], [78.888, 11.102], [78.873, 11.097], [78.873, 11.085], [78.865, 11.087], [78.862, 11.092], [78.849, 11.09]]]}}, {"type": "Feature", "properties": {"id": "TN-144", "ac_no": 144, "name": "Manachanallur", "district": "TIRUCHIRAPPALLI", "pc": "PERAMBALUR"}, "geometry": {"type": "Polygon", "coordinates": [[[78.808, 11.081], [78.806, 11.09], [78.81, 11.112], [78.79, 11.117], [78.777, 11.113], [78.776, 11.118], [78.759, 11.123], [78.735, 11.106], [78.738, 11.089], [78.745, 11.083], [78.745, 11.079], [78.743, 11.076], [78.72, 11.074], [78.718, 11.056], [78.718, 11.039], [78.71, 11.037], [78.71, 11.032], [78.688, 11.032], [78.672, 11.051], [78.657, 11.054], [78.662, 11.077], [78.657, 11.087], [78.65, 11.088], [78.626, 11.084], [78.593, 11.067], [78.581, 11.072], [78.576, 11.064], [78.572, 11.064], [78.574, 11.054], [78.566, 11.053], [78.561, 11.059], [78.56, 11.055], [78.547, 11.05], [78.541, 11.061], [78.537, 11.05], [78.513, 11.054], [78.508, 11.047], [78.474, 11.041], [78.475, 11.035], [78.484, 11.03], [78.475, 11.027], [78.474, 11.023], [78.474, 11.016], [78.481, 11.01], [78.474, 10.998], [78.477, 10.99], [78.501, 10.984], [78.514, 10.99], [78.525, 11.003], [78.536, 11.005], [78.548, 10.996], [78.546, 10.979], [78.494, 10.972], [78.5, 10.966], [78.49, 10.938], [78.494, 10.936], [78.488, 10.933], [78.482, 10.914], [78.521, 10.908], [78.577, 10.888], [78.637, 10.875], [78.638, 10.883], [78.676, 10.878], [78.686, 10.874], [78.687, 10.87], [78.714, 10.86], [78.713, 10.873], [78.732, 10.879], [78.721, 10.883], [78.728, 10.885], [78.726, 10.893], [78.731, 10.893], [78.728, 10.914], [78.747, 10.901], [78.755, 10.906], [78.756, 10.902], [78.758, 10.913], [78.767, 10.911], [78.758, 10.926], [78.776, 10.926], [78.778, 10.929], [78.778, 10.95], [78.792, 10.965], [78.794, 10.998], [78.803, 11.013], [78.813, 11.017], [78.807, 11.021], [78.806, 11.029], [78.815, 11.051], [78.809, 11.057], [78.808, 11.081]]]}}, {"type": "Feature", "properties": {"id": "TN-145", "ac_no": 145, "name": "Musiri", "district": "TIRUCHIRAPPALLI", "pc": "PERAMBALUR"}, "geometry": {"type": "Polygon", "coordinates": [[[78.414, 11.208], [78.411, 11.198], [78.381, 11.188], [78.387, 11.177], [78.378, 11.177], [78.381, 11.14], [78.377, 11.134], [78.346, 11.139], [78.347, 11.123], [78.343, 11.112], [78.327, 11.103], [78.325, 11.097], [78.339, 11.095], [78.341, 11.09], [78.337, 11.084], [78.341, 11.084], [78.352, 11.069], [78.364, 11.065], [78.361, 11.048], [78.35, 11.048], [78.344, 11.026], [78.33, 11.03], [78.323, 11.059], [78.295, 11.072], [78.29, 11.077], [78.273, 11.078], [78.266, 11.07], [78.256, 11.075], [78.249, 11.093], [78.231, 11.095], [78.229, 11.085], [78.237, 11.066], [78.229, 11.054], [78.222, 11.057], [78.22, 11.067], [78.204, 11.07], [78.201, 11.075], [78.196, 11.064], [78.182, 11.07], [78.163, 11.049], [78.164, 11.045], [78.182, 11.042], [78.197, 11.045], [78.199, 11.029], [78.195, 11.022], [78.165, 11.012], [78.17, 10.996], [78.193, 10.965], [78.208, 10.958], [78.249, 10.968], [78.308, 10.96], [78.382, 10.961], [78.409, 10.957], [78.465, 10.919], [78.482, 10.914], [78.488, 10.933], [78.494, 10.936], [78.49, 10.938], [78.5, 10.966], [78.494, 10.972], [78.546, 10.979], [78.548, 10.996], [78.536, 11.005], [78.525, 11.003], [78.514, 10.99], [78.501, 10.984], [78.477, 10.99], [78.474, 10.998], [78.481, 11.01], [78.474, 11.016], [78.474, 11.023], [78.475, 11.027], [78.484, 11.03], [78.475, 11.035], [78.474, 11.041], [78.508, 11.047], [78.513, 11.054], [78.514, 11.063], [78.491, 11.065], [78.492, 11.08], [78.487, 11.09], [78.49, 11.097], [78.482, 11.117], [78.48, 11.143], [78.48, 11.154], [78.486, 11.156], [78.484, 11.179], [78.47, 11.181], [78.472, 11.188], [78.464, 11.187], [78.463, 11.191], [78.444, 11.175], [78.431, 11.179], [78.434, 11.188], [78.43, 11.205], [78.427, 11.207], [78.419, 11.202], [78.414, 11.208]]]}}, {"type": "Feature", "properties": {"id": "TN-146", "ac_no": 146, "name": "Thuraiyur (SC)", "district": "TIRUCHIRAPPALLI", "pc": "PERAMBALUR"}, "geometry": {"type": "Polygon", "coordinates": [[[78.486, 11.407], [78.479, 11.388], [78.47, 11.386], [78.464, 11.377], [78.456, 11.355], [78.457, 11.34], [78.447, 11.344], [78.447, 11.332], [78.456, 11.332], [78.465, 11.312], [78.453, 11.299], [78.447, 11.275], [78.438, 11.267], [78.439, 11.259], [78.42, 11.222], [78.421, 11.212], [78.414, 11.208], [78.419, 11.202], [78.427, 11.207], [78.43, 11.205], [78.434, 11.188], [78.431, 11.179], [78.444, 11.175], [78.463, 11.191], [78.464, 11.187], [78.472, 11.188], [78.47, 11.181], [78.484, 11.179], [78.486, 11.156], [78.48, 11.154], [78.48, 11.143], [78.482, 11.117], [78.49, 11.097], [78.487, 11.09], [78.492, 11.08], [78.491, 11.065], [78.514, 11.063], [78.513, 11.054], [78.537, 11.05], [78.541, 11.061], [78.547, 11.05], [78.56, 11.055], [78.561, 11.059], [78.566, 11.053], [78.574, 11.054], [78.572, 11.064], [78.576, 11.064], [78.581, 11.072], [78.593, 11.067], [78.626, 11.084], [78.65, 11.088], [78.657, 11.087], [78.662, 11.077], [78.657, 11.054], [78.672, 11.051], [78.688, 11.032], [78.71, 11.032], [78.71, 11.037], [78.718, 11.039], [78.718, 11.056], [78.71, 11.056], [78.71, 11.062], [78.701, 11.069], [78.698, 11.092], [78.687, 11.114], [78.687, 11.129], [78.681, 11.13], [78.68, 11.147], [78.674, 11.164], [78.652, 11.164], [78.651, 11.168], [78.663, 11.175], [78.676, 11.195], [78.699, 11.191], [78.712, 11.213], [78.709, 11.228], [78.703, 11.229], [78.713, 11.24], [78.71, 11.249], [78.717, 11.259], [78.727, 11.261], [78.73, 11.273], [78.74, 11.275], [78.752, 11.286], [78.738, 11.294], [78.724, 11.322], [78.711, 11.316], [78.706, 11.325], [78.686, 11.322], [78.683, 11.327], [78.676, 11.327], [78.665, 11.317], [78.659, 11.318], [78.662, 11.33], [78.656, 11.334], [78.64, 11.326], [78.634, 11.336], [78.65, 11.341], [78.651, 11.346], [78.657, 11.347], [78.66, 11.358], [78.673, 11.36], [78.674, 11.368], [78.69, 11.381], [78.664, 11.374], [78.642, 11.343], [78.624, 11.336], [78.605, 11.338], [78.593, 11.328], [78.582, 11.33], [78.578, 11.317], [78.561, 11.316], [78.554, 11.318], [78.553, 11.325], [78.556, 11.327], [78.554, 11.358], [78.543, 11.369], [78.524, 11.371], [78.515, 11.385], [78.504, 11.379], [78.51, 11.396], [78.496, 11.409], [78.486, 11.407]]]}}, {"type": "Feature", "properties": {"id": "TN-147", "ac_no": 147, "name": "Perambalur (SC)", "district": "PERAMBALUR", "pc": "PERAMBALUR"}, "geometry": {"type": "Polygon", "coordinates": [[[78.843, 11.523], [78.834, 11.507], [78.81, 11.508], [78.81, 11.483], [78.798, 11.483], [78.796, 11.462], [78.79, 11.458], [78.789, 11.454], [78.819, 11.44], [78.818, 11.433], [78.823, 11.428], [78.806, 11.402], [78.801, 11.403], [78.799, 11.386], [78.793, 11.391], [78.789, 11.388], [78.756, 11.437], [78.744, 11.443], [78.741, 11.45], [78.703, 11.456], [78.68, 11.43], [78.651, 11.422], [78.65, 11.408], [78.656, 11.402], [78.658, 11.381], [78.664, 11.374], [78.69, 11.381], [78.674, 11.368], [78.673, 11.36], [78.66, 11.358], [78.657, 11.347], [78.651, 11.346], [78.65, 11.341], [78.634, 11.336], [78.64, 11.326], [78.656, 11.334], [78.662, 11.33], [78.659, 11.318], [78.665, 11.317], [78.676, 11.327], [78.683, 11.327], [78.686, 11.322], [78.706, 11.325], [78.711, 11.316], [78.724, 11.322], [78.738, 11.294], [78.752, 11.286], [78.74, 11.275], [78.73, 11.273], [78.727, 11.261], [78.717, 11.259], [78.71, 11.249], [78.713, 11.24], [78.703, 11.229], [78.709, 11.228], [78.712, 11.213], [78.699, 11.191], [78.676, 11.195], [78.663, 11.175], [78.651, 11.168], [78.652, 11.164], [78.674, 11.164], [78.68, 11.147], [78.681, 11.13], [78.687, 11.129], [78.687, 11.114], [78.698, 11.092], [78.701, 11.069], [78.71, 11.062], [78.71, 11.056], [78.718, 11.056], [78.72, 11.074], [78.743, 11.076], [78.745, 11.079], [78.745, 11.083], [78.738, 11.089], [78.735, 11.106], [78.759, 11.123], [78.776, 11.118], [78.777, 11.113], [78.79, 11.117], [78.81, 11.112], [78.806, 11.09], [78.808, 11.081], [78.838, 11.076], [78.849, 11.09], [78.849, 11.112], [78.843, 11.122], [78.84, 11.153], [78.845, 11.161], [78.846, 11.175], [78.903, 11.166], [78.915, 11.159], [78.92, 11.167], [78.935, 11.172], [78.934, 11.18], [78.944, 11.187], [78.938, 11.192], [78.94, 11.212], [78.935, 11.222], [78.926, 11.226], [78.927, 11.238], [78.923, 11.24], [78.943, 11.246], [78.942, 11.273], [78.927, 11.275], [78.925, 11.283], [78.919, 11.283], [78.917, 11.292], [78.932, 11.309], [78.941, 11.309], [78.944, 11.317], [78.953, 11.321], [78.952, 11.332], [78.965, 11.334], [78.967, 11.342], [78.993, 11.342], [79.0, 11.361], [78.995, 11.364], [78.991, 11.379], [78.982, 11.379], [78.982, 11.396], [78.974, 11.399], [78.982, 11.402], [78.96, 11.406], [78.956, 11.416], [78.948, 11.419], [78.944, 11.43], [78.912, 11.465], [78.908, 11.476], [78.884, 11.497], [78.878, 11.508], [78.871, 11.518], [78.843, 11.523]]]}}, {"type": "Feature", "properties": {"id": "TN-148", "ac_no": 148, "name": "Kunnam", "district": "PERAMBALUR", "pc": "CHIDAMBARAM (SC)"}, "geometry": {"type": "Polygon", "coordinates": [[[78.982, 11.402], [78.974, 11.399], [78.982, 11.396], [78.982, 11.379], [78.991, 11.379], [78.995, 11.364], [79.0, 11.361], [78.993, 11.342], [78.967, 11.342], [78.965, 11.334], [78.952, 11.332], [78.953, 11.321], [78.944, 11.317], [78.941, 11.309], [78.932, 11.309], [78.917, 11.292], [78.919, 11.283], [78.925, 11.283], [78.927, 11.275], [78.942, 11.273], [78.943, 11.246], [78.923, 11.24], [78.927, 11.238], [78.926, 11.226], [78.935, 11.222], [78.94, 11.212], [78.938, 11.192], [78.944, 11.187], [78.934, 11.18], [78.935, 11.172], [78.92, 11.167], [78.915, 11.159], [78.903, 11.166], [78.846, 11.175], [78.845, 11.161], [78.84, 11.153], [78.843, 11.122], [78.849, 11.112], [78.849, 11.09], [78.862, 11.092], [78.865, 11.087], [78.873, 11.085], [78.873, 11.097], [78.888, 11.102], [78.916, 11.098], [78.928, 11.09], [78.937, 11.095], [78.973, 11.095], [78.984, 11.088], [78.985, 11.079], [78.998, 11.076], [79.002, 11.061], [79.007, 11.056], [79.009, 11.061], [79.02, 11.062], [79.018, 11.066], [79.026, 11.068], [79.032, 11.084], [79.054, 11.087], [79.068, 11.107], [79.064, 11.131], [79.056, 11.135], [79.058, 11.142], [79.061, 11.142], [79.062, 11.153], [79.074, 11.158], [79.07, 11.177], [79.078, 11.183], [79.077, 11.19], [79.066, 11.19], [79.067, 11.206], [79.095, 11.2], [79.1, 11.231], [79.112, 11.232], [79.11, 11.246], [79.122, 11.25], [79.123, 11.262], [79.13, 11.261], [79.137, 11.269], [79.151, 11.254], [79.158, 11.253], [79.158, 11.24], [79.178, 11.239], [79.18, 11.234], [79.188, 11.233], [79.191, 11.232], [79.191, 11.225], [79.179, 11.22], [79.174, 11.203], [79.148, 11.19], [79.15, 11.184], [79.165, 11.179], [79.19, 11.178], [79.184, 11.154], [79.19, 11.152], [79.199, 11.164], [79.217, 11.17], [79.219, 11.159], [79.229, 11.155], [79.231, 11.157], [79.225, 11.157], [79.231, 11.163], [79.225, 11.166], [79.23, 11.172], [79.222, 11.173], [79.221, 11.179], [79.229, 11.178], [79.24, 11.166], [79.264, 11.172], [79.264, 11.186], [79.27, 11.187], [79.272, 11.201], [79.288, 11.203], [79.287, 11.208], [79.296, 11.213], [79.288, 11.226], [79.29, 11.243], [79.277, 11.248], [79.267, 11.26], [79.264, 11.288], [79.256, 11.287], [79.252, 11.296], [79.247, 11.292], [79.246, 11.31], [79.26, 11.323], [79.259, 11.333], [79.267, 11.331], [79.265, 11.344], [79.285, 11.345], [79.289, 11.348], [79.289, 11.359], [79.282, 11.362], [79.278, 11.37], [79.286, 11.38], [79.274, 11.38], [79.273, 11.386], [79.258, 11.388], [79.252, 11.376], [79.241, 11.37], [79.238, 11.389], [79.226, 11.392], [79.175, 11.374], [79.162, 11.382], [79.143, 11.384], [79.128, 11.394], [79.106, 11.402], [79.084, 11.397], [79.052, 11.403], [79.032, 11.394], [79.01, 11.398], [78.998, 11.407], [78.982, 11.402]]]}}, {"type": "Feature", "properties": {"id": "TN-149", "ac_no": 149, "name": "Ariyalur", "district": "PERAMBALUR", "pc": "CHIDAMBARAM (SC)"}, "geometry": {"type": "Polygon", "coordinates": [[[79.264, 11.172], [79.24, 11.166], [79.229, 11.178], [79.221, 11.179], [79.222, 11.173], [79.23, 11.172], [79.225, 11.166], [79.231, 11.163], [79.225, 11.157], [79.231, 11.157], [79.229, 11.155], [79.219, 11.159], [79.217, 11.17], [79.199, 11.164], [79.19, 11.152], [79.184, 11.154], [79.19, 11.178], [79.165, 11.179], [79.15, 11.184], [79.148, 11.19], [79.174, 11.203], [79.179, 11.22], [79.191, 11.225], [79.191, 11.232], [79.188, 11.233], [79.18, 11.234], [79.178, 11.239], [79.158, 11.24], [79.158, 11.253], [79.151, 11.254], [79.137, 11.269], [79.13, 11.261], [79.123, 11.262], [79.122, 11.25], [79.11, 11.246], [79.112, 11.232], [79.1, 11.231], [79.095, 11.2], [79.067, 11.206], [79.066, 11.19], [79.077, 11.19], [79.078, 11.183], [79.07, 11.177], [79.074, 11.158], [79.062, 11.153], [79.061, 11.142], [79.058, 11.142], [79.056, 11.135], [79.064, 11.131], [79.068, 11.107], [79.054, 11.087], [79.032, 11.084], [79.026, 11.068], [79.018, 11.066], [79.02, 11.062], [79.009, 11.061], [79.007, 11.056], [79.012, 11.01], [78.993, 10.999], [78.987, 11.002], [78.986, 10.978], [78.978, 10.975], [78.983, 10.965], [78.956, 10.971], [78.944, 10.957], [78.976, 10.941], [78.981, 10.921], [78.988, 10.928], [79.002, 10.922], [79.004, 10.894], [79.034, 10.887], [79.05, 10.888], [79.064, 10.899], [79.069, 10.913], [79.079, 10.924], [79.086, 10.927], [79.11, 10.925], [79.129, 10.933], [79.142, 10.941], [79.179, 10.94], [79.203, 10.949], [79.205, 10.941], [79.212, 10.941], [79.268, 10.986], [79.275, 10.994], [79.273, 10.997], [79.291, 11.014], [79.309, 11.021], [79.311, 11.018], [79.346, 11.042], [79.337, 11.055], [79.338, 11.068], [79.318, 11.071], [79.316, 11.102], [79.311, 11.112], [79.304, 11.111], [79.3, 11.121], [79.314, 11.137], [79.315, 11.148], [79.31, 11.151], [79.308, 11.163], [79.298, 11.162], [79.293, 11.154], [79.29, 11.16], [79.264, 11.172]]]}}, {"type": "Feature", "properties": {"id": "TN-150", "ac_no": 150, "name": "Jayankondam", "district": "PERAMBALUR", "pc": "CHIDAMBARAM (SC)"}, "geometry": {"type": "Polygon", "coordinates": [[[79.315, 11.419], [79.293, 11.412], [79.29, 11.402], [79.296, 11.381], [79.286, 11.38], [79.278, 11.37], [79.282, 11.362], [79.289, 11.359], [79.289, 11.348], [79.285, 11.345], [79.265, 11.344], [79.267, 11.331], [79.259, 11.333], [79.26, 11.323], [79.246, 11.31], [79.247, 11.292], [79.252, 11.296], [79.256, 11.287], [79.264, 11.288], [79.267, 11.26], [79.277, 11.248], [79.29, 11.243], [79.288, 11.226], [79.296, 11.213], [79.287, 11.208], [79.288, 11.203], [79.272, 11.201], [79.27, 11.187], [79.264, 11.186], [79.264, 11.172], [79.29, 11.16], [79.293, 11.154], [79.298, 11.162], [79.308, 11.163], [79.31, 11.151], [79.315, 11.148], [79.314, 11.137], [79.3, 11.121], [79.304, 11.111], [79.311, 11.112], [79.316, 11.102], [79.318, 11.071], [79.338, 11.068], [79.337, 11.055], [79.346, 11.042], [79.393, 11.063], [79.413, 11.082], [79.431, 11.121], [79.459, 11.151], [79.456, 11.156], [79.464, 11.171], [79.472, 11.177], [79.482, 11.178], [79.5, 11.203], [79.51, 11.228], [79.495, 11.249], [79.495, 11.259], [79.504, 11.258], [79.505, 11.265], [79.501, 11.273], [79.502, 11.291], [79.495, 11.303], [79.498, 11.314], [79.488, 11.317], [79.474, 11.314], [79.463, 11.318], [79.449, 11.335], [79.438, 11.334], [79.431, 11.345], [79.437, 11.349], [79.438, 11.357], [79.429, 11.357], [79.426, 11.366], [79.424, 11.36], [79.409, 11.365], [79.406, 11.354], [79.4, 11.35], [79.396, 11.353], [79.394, 11.367], [79.389, 11.369], [79.394, 11.377], [79.39, 11.388], [79.394, 11.402], [79.38, 11.41], [79.378, 11.402], [79.386, 11.402], [79.384, 11.397], [79.373, 11.399], [79.378, 11.411], [79.372, 11.415], [79.362, 11.419], [79.346, 11.416], [79.315, 11.419]]]}}, {"type": "Feature", "properties": {"id": "TN-151", "ac_no": 151, "name": "Tittakudi (SC)", "district": "CUDDALORE", "pc": "CUDDALORE"}, "geometry": {"type": "Polygon", "coordinates": [[[78.878, 11.508], [78.884, 11.497], [78.908, 11.476], [78.912, 11.465], [78.944, 11.43], [78.948, 11.419], [78.956, 11.416], [78.96, 11.406], [78.982, 11.402], [78.998, 11.407], [79.01, 11.398], [79.032, 11.394], [79.052, 11.403], [79.084, 11.397], [79.106, 11.402], [79.128, 11.394], [79.143, 11.384], [79.162, 11.382], [79.175, 11.374], [79.226, 11.392], [79.238, 11.389], [79.241, 11.37], [79.252, 11.376], [79.258, 11.388], [79.273, 11.386], [79.274, 11.38], [79.286, 11.38], [79.296, 11.381], [79.29, 11.402], [79.293, 11.412], [79.315, 11.419], [79.308, 11.438], [79.287, 11.453], [79.293, 11.461], [79.284, 11.48], [79.237, 11.476], [79.229, 11.472], [79.231, 11.485], [79.228, 11.497], [79.213, 11.501], [79.195, 11.493], [79.183, 11.502], [79.179, 11.495], [79.172, 11.495], [79.165, 11.48], [79.154, 11.479], [79.148, 11.47], [79.124, 11.479], [79.13, 11.497], [79.104, 11.518], [79.1, 11.53], [79.09, 11.534], [79.073, 11.528], [79.072, 11.535], [79.06, 11.536], [79.056, 11.544], [79.057, 11.549], [79.065, 11.552], [79.071, 11.57], [79.079, 11.573], [79.077, 11.599], [79.068, 11.599], [79.065, 11.593], [79.049, 11.586], [79.043, 11.587], [79.05, 11.596], [79.033, 11.598], [79.018, 11.607], [79.012, 11.603], [79.019, 11.593], [79.004, 11.575], [78.995, 11.575], [78.98, 11.568], [78.971, 11.574], [78.924, 11.567], [78.915, 11.538], [78.917, 11.529], [78.905, 11.505], [78.879, 11.51], [78.878, 11.508]]]}}, {"type": "Feature", "properties": {"id": "TN-152", "ac_no": 152, "name": "Vriddhachalam", "district": "CUDDALORE", "pc": "CUDDALORE"}, "geometry": {"type": "Polygon", "coordinates": [[[79.194, 11.602], [79.192, 11.593], [79.184, 11.586], [79.156, 11.598], [79.15, 11.597], [79.148, 11.59], [79.136, 11.589], [79.134, 11.594], [79.116, 11.599], [79.118, 11.606], [79.113, 11.613], [79.106, 11.615], [79.103, 11.611], [79.098, 11.614], [79.098, 11.621], [79.091, 11.623], [79.084, 11.634], [79.078, 11.63], [79.067, 11.63], [79.069, 11.621], [79.066, 11.611], [79.077, 11.608], [79.077, 11.599], [79.079, 11.573], [79.071, 11.57], [79.065, 11.552], [79.057, 11.549], [79.056, 11.544], [79.06, 11.536], [79.072, 11.535], [79.073, 11.528], [79.09, 11.534], [79.1, 11.53], [79.104, 11.518], [79.13, 11.497], [79.124, 11.479], [79.148, 11.47], [79.154, 11.479], [79.165, 11.48], [79.172, 11.495], [79.179, 11.495], [79.183, 11.502], [79.195, 11.493], [79.213, 11.501], [79.228, 11.497], [79.231, 11.485], [79.229, 11.472], [79.237, 11.476], [79.284, 11.48], [79.293, 11.461], [79.287, 11.453], [79.308, 11.438], [79.315, 11.419], [79.346, 11.416], [79.362, 11.419], [79.372, 11.415], [79.372, 11.428], [79.362, 11.437], [79.345, 11.437], [79.344, 11.442], [79.332, 11.445], [79.329, 11.441], [79.327, 11.447], [79.322, 11.447], [79.331, 11.461], [79.336, 11.463], [79.338, 11.502], [79.344, 11.503], [79.344, 11.521], [79.35, 11.52], [79.35, 11.515], [79.356, 11.517], [79.352, 11.504], [79.359, 11.5], [79.359, 11.493], [79.366, 11.491], [79.374, 11.511], [79.372, 11.521], [79.368, 11.522], [79.37, 11.533], [79.39, 11.537], [79.414, 11.52], [79.412, 11.549], [79.421, 11.548], [79.422, 11.556], [79.433, 11.558], [79.442, 11.551], [79.448, 11.558], [79.442, 11.56], [79.445, 11.588], [79.435, 11.597], [79.437, 11.602], [79.439, 11.611], [79.455, 11.62], [79.47, 11.62], [79.47, 11.626], [79.453, 11.63], [79.432, 11.666], [79.418, 11.668], [79.418, 11.671], [79.395, 11.677], [79.395, 11.68], [79.377, 11.679], [79.362, 11.673], [79.362, 11.661], [79.359, 11.66], [79.333, 11.661], [79.326, 11.648], [79.321, 11.649], [79.318, 11.642], [79.312, 11.644], [79.308, 11.633], [79.296, 11.637], [79.292, 11.647], [79.279, 11.649], [79.271, 11.644], [79.249, 11.653], [79.236, 11.629], [79.216, 11.639], [79.21, 11.634], [79.212, 11.62], [79.194, 11.602]]]}}, {"type": "Feature", "properties": {"id": "TN-153", "ac_no": 153, "name": "Neyveli", "district": "CUDDALORE", "pc": "CUDDALORE"}, "geometry": {"type": "Polygon", "coordinates": [[[79.464, 11.767], [79.463, 11.743], [79.457, 11.737], [79.439, 11.736], [79.428, 11.731], [79.437, 11.718], [79.434, 11.703], [79.437, 11.692], [79.442, 11.689], [79.444, 11.666], [79.432, 11.666], [79.453, 11.63], [79.47, 11.626], [79.47, 11.62], [79.455, 11.62], [79.439, 11.611], [79.437, 11.602], [79.44, 11.599], [79.441, 11.595], [79.448, 11.596], [79.452, 11.587], [79.47, 11.59], [79.469, 11.579], [79.483, 11.57], [79.494, 11.574], [79.495, 11.568], [79.514, 11.568], [79.524, 11.561], [79.549, 11.566], [79.556, 11.583], [79.572, 11.586], [79.581, 11.583], [79.589, 11.59], [79.606, 11.592], [79.607, 11.597], [79.611, 11.595], [79.616, 11.603], [79.609, 11.609], [79.609, 11.614], [79.625, 11.614], [79.622, 11.635], [79.626, 11.645], [79.632, 11.645], [79.637, 11.64], [79.656, 11.641], [79.669, 11.649], [79.674, 11.669], [79.689, 11.668], [79.692, 11.672], [79.647, 11.681], [79.644, 11.701], [79.626, 11.71], [79.609, 11.708], [79.604, 11.724], [79.594, 11.726], [79.593, 11.731], [79.585, 11.73], [79.576, 11.736], [79.573, 11.745], [79.556, 11.738], [79.557, 11.758], [79.548, 11.762], [79.539, 11.755], [79.522, 11.752], [79.52, 11.767], [79.51, 11.774], [79.502, 11.765], [79.493, 11.773], [79.471, 11.779], [79.464, 11.767]]]}}, {"type": "Feature", "properties": {"id": "TN-154", "ac_no": 154, "name": "Panruti", "district": "CUDDALORE", "pc": "CUDDALORE"}, "geometry": {"type": "Polygon", "coordinates": [[[79.455, 11.871], [79.451, 11.849], [79.472, 11.847], [79.469, 11.844], [79.47, 11.835], [79.48, 11.838], [79.481, 11.829], [79.476, 11.823], [79.482, 11.812], [79.478, 11.806], [79.472, 11.806], [79.47, 11.8], [79.464, 11.8], [79.466, 11.807], [79.442, 11.81], [79.439, 11.789], [79.43, 11.778], [79.435, 11.775], [79.436, 11.768], [79.446, 11.764], [79.453, 11.77], [79.464, 11.767], [79.471, 11.779], [79.493, 11.773], [79.502, 11.765], [79.51, 11.774], [79.52, 11.767], [79.522, 11.752], [79.539, 11.755], [79.548, 11.762], [79.557, 11.758], [79.556, 11.738], [79.573, 11.745], [79.576, 11.736], [79.585, 11.73], [79.593, 11.731], [79.605, 11.738], [79.61, 11.749], [79.622, 11.742], [79.655, 11.742], [79.663, 11.73], [79.664, 11.739], [79.677, 11.74], [79.685, 11.746], [79.684, 11.766], [79.687, 11.791], [79.682, 11.797], [79.675, 11.807], [79.665, 11.811], [79.64, 11.799], [79.623, 11.813], [79.616, 11.825], [79.604, 11.829], [79.591, 11.841], [79.577, 11.842], [79.564, 11.84], [79.528, 11.857], [79.509, 11.858], [79.468, 11.872], [79.455, 11.871]]]}}, {"type": "Feature", "properties": {"id": "TN-155", "ac_no": 155, "name": "Cuddalore", "district": "VILUPPURAM", "pc": "CUDDALORE"}, "geometry": {"type": "MultiPolygon", "coordinates": [[[[79.709, 11.884], [79.707, 11.889], [79.685, 11.886], [79.685, 11.881], [79.69, 11.881], [79.689, 11.864], [79.695, 11.859], [79.695, 11.844], [79.703, 11.832], [79.685, 11.833], [79.691, 11.821], [79.685, 11.821], [79.684, 11.813], [79.69, 11.805], [79.682, 11.797], [79.687, 11.791], [79.684, 11.766], [79.708, 11.764], [79.712, 11.76], [79.724, 11.758], [79.723, 11.749], [79.728, 11.743], [79.739, 11.741], [79.735, 11.733], [79.749, 11.727], [79.746, 11.719], [79.754, 11.719], [79.751, 11.71], [79.768, 11.705], [79.769, 11.702], [79.775, 11.705], [79.777, 11.7], [79.796, 11.786], [79.784, 11.787], [79.781, 11.781], [79.772, 11.782], [79.771, 11.79], [79.766, 11.792], [79.755, 11.775], [79.72, 11.785], [79.713, 11.792], [79.714, 11.796], [79.723, 11.796], [79.725, 11.81], [79.736, 11.809], [79.729, 11.837], [79.738, 11.837], [79.738, 11.843], [79.764, 11.834], [79.768, 11.823], [79.773, 11.823], [79.78, 11.832], [79.796, 11.828], [79.797, 11.825], [79.801, 11.831], [79.794, 11.832], [79.798, 11.839], [79.807, 11.833], [79.808, 11.836], [79.808, 11.847], [79.801, 11.855], [79.782, 11.856], [79.776, 11.839], [79.766, 11.841], [79.762, 11.848], [79.771, 11.861], [79.77, 11.875], [79.757, 11.876], [79.757, 11.868], [79.752, 11.848], [79.743, 11.848], [79.742, 11.863], [79.734, 11.866], [79.721, 11.863], [79.72, 11.853], [79.708, 11.869], [79.709, 11.884]], [[79.693, 11.822], [79.7, 11.822], [79.703, 11.814], [79.692, 11.814], [79.693, 11.822]], [[79.699, 11.874], [79.7, 11.874], [79.699, 11.861], [79.696, 11.86], [79.699, 11.874]]], [[[79.79, 11.897], [79.781, 11.903], [79.772, 11.903], [79.773, 11.876], [79.78, 11.878], [79.778, 11.863], [79.785, 11.863], [79.797, 11.895], [79.796, 11.9], [79.79, 11.897]]]]}}, {"type": "Feature", "properties": {"id": "TN-156", "ac_no": 156, "name": "Kurinjipadi", "district": "CUDDALORE", "pc": "CUDDALORE"}, "geometry": {"type": "Polygon", "coordinates": [[[79.777, 11.7], [79.775, 11.705], [79.769, 11.702], [79.768, 11.705], [79.751, 11.71], [79.754, 11.719], [79.746, 11.719], [79.749, 11.727], [79.735, 11.733], [79.739, 11.741], [79.728, 11.743], [79.723, 11.749], [79.724, 11.758], [79.712, 11.76], [79.708, 11.764], [79.684, 11.766], [79.685, 11.746], [79.677, 11.74], [79.664, 11.739], [79.663, 11.73], [79.655, 11.742], [79.622, 11.742], [79.61, 11.749], [79.605, 11.738], [79.593, 11.731], [79.594, 11.726], [79.604, 11.724], [79.609, 11.708], [79.626, 11.71], [79.644, 11.701], [79.647, 11.681], [79.692, 11.672], [79.689, 11.668], [79.674, 11.669], [79.669, 11.649], [79.656, 11.641], [79.637, 11.64], [79.632, 11.645], [79.626, 11.645], [79.622, 11.635], [79.625, 11.614], [79.609, 11.614], [79.609, 11.609], [79.616, 11.603], [79.611, 11.595], [79.607, 11.597], [79.606, 11.592], [79.589, 11.59], [79.581, 11.583], [79.572, 11.586], [79.556, 11.583], [79.549, 11.566], [79.524, 11.561], [79.522, 11.551], [79.534, 11.548], [79.539, 11.539], [79.533, 11.534], [79.534, 11.524], [79.53, 11.525], [79.528, 11.511], [79.519, 11.501], [79.522, 11.494], [79.534, 11.488], [79.545, 11.489], [79.552, 11.503], [79.576, 11.503], [79.576, 11.509], [79.588, 11.507], [79.589, 11.503], [79.598, 11.504], [79.601, 11.521], [79.611, 11.515], [79.614, 11.522], [79.629, 11.526], [79.635, 11.504], [79.657, 11.512], [79.663, 11.513], [79.675, 11.537], [79.67, 11.537], [79.672, 11.541], [79.669, 11.545], [79.688, 11.543], [79.704, 11.548], [79.711, 11.564], [79.726, 11.566], [79.731, 11.573], [79.745, 11.567], [79.757, 11.567], [79.761, 11.622], [79.777, 11.7]]]}}, {"type": "Feature", "properties": {"id": "TN-157", "ac_no": 157, "name": "Bhuvanagiri", "district": "CUDDALORE", "pc": "CHIDAMBARAM (SC)"}, "geometry": {"type": "Polygon", "coordinates": [[[79.524, 11.561], [79.514, 11.568], [79.495, 11.568], [79.494, 11.574], [79.483, 11.57], [79.469, 11.579], [79.47, 11.59], [79.452, 11.587], [79.448, 11.596], [79.441, 11.595], [79.44, 11.599], [79.437, 11.602], [79.435, 11.597], [79.445, 11.588], [79.442, 11.56], [79.448, 11.558], [79.442, 11.551], [79.433, 11.558], [79.422, 11.556], [79.421, 11.548], [79.412, 11.549], [79.414, 11.52], [79.39, 11.537], [79.37, 11.533], [79.368, 11.522], [79.372, 11.521], [79.374, 11.511], [79.366, 11.491], [79.359, 11.493], [79.359, 11.5], [79.352, 11.504], [79.356, 11.517], [79.35, 11.515], [79.35, 11.52], [79.344, 11.521], [79.344, 11.503], [79.338, 11.502], [79.336, 11.463], [79.351, 11.452], [79.367, 11.456], [79.376, 11.448], [79.387, 11.446], [79.402, 11.436], [79.432, 11.431], [79.444, 11.42], [79.457, 11.416], [79.459, 11.421], [79.493, 11.434], [79.51, 11.43], [79.533, 11.432], [79.531, 11.417], [79.536, 11.399], [79.531, 11.385], [79.537, 11.363], [79.562, 11.367], [79.564, 11.355], [79.628, 11.361], [79.621, 11.368], [79.622, 11.374], [79.638, 11.377], [79.664, 11.374], [79.672, 11.389], [79.672, 11.409], [79.667, 11.419], [79.67, 11.431], [79.663, 11.431], [79.661, 11.436], [79.666, 11.443], [79.673, 11.444], [79.672, 11.451], [79.668, 11.455], [79.651, 11.456], [79.645, 11.452], [79.644, 11.456], [79.654, 11.461], [79.653, 11.471], [79.657, 11.471], [79.659, 11.485], [79.663, 11.485], [79.665, 11.496], [79.657, 11.5], [79.657, 11.512], [79.635, 11.504], [79.629, 11.526], [79.614, 11.522], [79.611, 11.515], [79.601, 11.521], [79.598, 11.504], [79.589, 11.503], [79.588, 11.507], [79.576, 11.509], [79.576, 11.503], [79.552, 11.503], [79.545, 11.489], [79.534, 11.488], [79.522, 11.494], [79.519, 11.501], [79.528, 11.511], [79.53, 11.525], [79.534, 11.524], [79.533, 11.534], [79.539, 11.539], [79.534, 11.548], [79.522, 11.551], [79.524, 11.561]]]}}, {"type": "Feature", "properties": {"id": "TN-158", "ac_no": 158, "name": "Chidambaram", "district": "CUDDALORE", "pc": "CHIDAMBARAM (SC)"}, "geometry": {"type": "Polygon", "coordinates": [[[79.757, 11.567], [79.745, 11.567], [79.731, 11.573], [79.726, 11.566], [79.711, 11.564], [79.704, 11.548], [79.688, 11.543], [79.669, 11.545], [79.672, 11.541], [79.67, 11.537], [79.675, 11.537], [79.663, 11.513], [79.657, 11.512], [79.657, 11.5], [79.665, 11.496], [79.663, 11.485], [79.659, 11.485], [79.657, 11.471], [79.653, 11.471], [79.654, 11.461], [79.644, 11.456], [79.645, 11.452], [79.651, 11.456], [79.668, 11.455], [79.672, 11.451], [79.673, 11.444], [79.666, 11.443], [79.661, 11.436], [79.663, 11.431], [79.67, 11.431], [79.667, 11.419], [79.672, 11.409], [79.672, 11.389], [79.664, 11.374], [79.638, 11.377], [79.642, 11.371], [79.635, 11.365], [79.635, 11.355], [79.641, 11.353], [79.632, 11.336], [79.635, 11.327], [79.641, 11.337], [79.647, 11.34], [79.653, 11.337], [79.659, 11.343], [79.672, 11.337], [79.67, 11.341], [79.674, 11.341], [79.675, 11.348], [79.691, 11.348], [79.688, 11.334], [79.692, 11.334], [79.697, 11.322], [79.725, 11.346], [79.759, 11.353], [79.757, 11.373], [79.764, 11.382], [79.791, 11.373], [79.803, 11.381], [79.813, 11.424], [79.806, 11.448], [79.779, 11.5], [79.778, 11.507], [79.769, 11.515], [79.759, 11.545], [79.757, 11.567]]]}}, {"type": "Feature", "properties": {"id": "TN-159", "ac_no": 159, "name": "Kattumannarkoil(SC)", "district": "CUDDALORE", "pc": "CHIDAMBARAM (SC)"}, "geometry": {"type": "Polygon", "coordinates": [[[79.336, 11.463], [79.331, 11.461], [79.322, 11.447], [79.327, 11.447], [79.329, 11.441], [79.332, 11.445], [79.344, 11.442], [79.345, 11.437], [79.362, 11.437], [79.372, 11.428], [79.372, 11.415], [79.378, 11.411], [79.373, 11.399], [79.384, 11.397], [79.386, 11.402], [79.378, 11.402], [79.38, 11.41], [79.394, 11.402], [79.39, 11.388], [79.394, 11.377], [79.389, 11.369], [79.394, 11.367], [79.396, 11.353], [79.4, 11.35], [79.406, 11.354], [79.409, 11.365], [79.424, 11.36], [79.426, 11.366], [79.429, 11.357], [79.438, 11.357], [79.437, 11.349], [79.431, 11.345], [79.438, 11.334], [79.449, 11.335], [79.463, 11.318], [79.474, 11.314], [79.488, 11.317], [79.498, 11.314], [79.495, 11.303], [79.502, 11.291], [79.501, 11.273], [79.505, 11.265], [79.504, 11.258], [79.495, 11.259], [79.495, 11.249], [79.51, 11.228], [79.5, 11.203], [79.482, 11.178], [79.472, 11.177], [79.464, 11.171], [79.456, 11.156], [79.459, 11.151], [79.5, 11.176], [79.527, 11.184], [79.563, 11.209], [79.603, 11.222], [79.617, 11.256], [79.623, 11.255], [79.634, 11.247], [79.648, 11.251], [79.649, 11.262], [79.643, 11.281], [79.647, 11.295], [79.656, 11.303], [79.677, 11.308], [79.697, 11.322], [79.692, 11.334], [79.688, 11.334], [79.691, 11.348], [79.675, 11.348], [79.674, 11.341], [79.67, 11.341], [79.672, 11.337], [79.659, 11.343], [79.653, 11.337], [79.647, 11.34], [79.641, 11.337], [79.635, 11.327], [79.632, 11.336], [79.641, 11.353], [79.635, 11.355], [79.635, 11.365], [79.642, 11.371], [79.638, 11.377], [79.622, 11.374], [79.621, 11.368], [79.628, 11.361], [79.564, 11.355], [79.562, 11.367], [79.537, 11.363], [79.531, 11.385], [79.536, 11.399], [79.531, 11.417], [79.533, 11.432], [79.51, 11.43], [79.493, 11.434], [79.459, 11.421], [79.457, 11.416], [79.444, 11.42], [79.432, 11.431], [79.402, 11.436], [79.387, 11.446], [79.376, 11.448], [79.367, 11.456], [79.351, 11.452], [79.336, 11.463]]]}}, {"type": "Feature", "properties": {"id": "TN-160", "ac_no": 160, "name": "Sirkazhi (SC)", "district": "NAGAPATTINAM  *", "pc": "MAYILADUTHURAI"}, "geometry": {"type": "Polygon", "coordinates": [[[79.813, 11.424], [79.803, 11.381], [79.791, 11.373], [79.764, 11.382], [79.757, 11.373], [79.759, 11.353], [79.725, 11.346], [79.697, 11.322], [79.677, 11.308], [79.656, 11.303], [79.647, 11.295], [79.643, 11.281], [79.649, 11.262], [79.648, 11.251], [79.659, 11.247], [79.654, 11.236], [79.669, 11.226], [79.663, 11.226], [79.666, 11.218], [79.674, 11.219], [79.665, 11.201], [79.669, 11.184], [79.673, 11.183], [79.675, 11.165], [79.68, 11.164], [79.695, 11.18], [79.699, 11.177], [79.693, 11.171], [79.695, 11.165], [79.711, 11.175], [79.713, 11.168], [79.72, 11.165], [79.72, 11.161], [79.707, 11.153], [79.696, 11.159], [79.693, 11.129], [79.711, 11.142], [79.739, 11.147], [79.745, 11.153], [79.748, 11.146], [79.752, 11.151], [79.801, 11.149], [79.804, 11.165], [79.83, 11.168], [79.828, 11.177], [79.838, 11.179], [79.841, 11.185], [79.855, 11.186], [79.835, 11.311], [79.836, 11.332], [79.843, 11.351], [79.832, 11.357], [79.837, 11.358], [79.823, 11.38], [79.813, 11.424]]]}}, {"type": "Feature", "properties": {"id": "TN-161", "ac_no": 161, "name": "Mayiladuthurai", "district": "MAYILADUTHURAI", "pc": "MAYILADUTHURAI"}, "geometry": {"type": "Polygon", "coordinates": [[[79.648, 11.251], [79.634, 11.247], [79.623, 11.255], [79.617, 11.256], [79.603, 11.222], [79.563, 11.209], [79.527, 11.184], [79.531, 11.178], [79.538, 11.181], [79.54, 11.163], [79.557, 11.163], [79.558, 11.155], [79.566, 11.155], [79.566, 11.149], [79.573, 11.148], [79.561, 11.132], [79.551, 11.13], [79.55, 11.114], [79.544, 11.117], [79.546, 11.113], [79.538, 11.11], [79.539, 11.096], [79.542, 11.095], [79.542, 11.105], [79.548, 11.105], [79.541, 11.085], [79.552, 11.084], [79.548, 11.076], [79.553, 11.061], [79.566, 11.063], [79.574, 11.059], [79.58, 11.061], [79.579, 11.071], [79.582, 11.071], [79.592, 11.062], [79.615, 11.068], [79.62, 11.063], [79.646, 11.062], [79.649, 11.056], [79.653, 11.067], [79.677, 11.064], [79.68, 11.068], [79.682, 11.063], [79.695, 11.078], [79.693, 11.088], [79.711, 11.087], [79.713, 11.095], [79.697, 11.095], [79.701, 11.101], [79.694, 11.101], [79.693, 11.129], [79.696, 11.159], [79.707, 11.153], [79.72, 11.161], [79.72, 11.165], [79.713, 11.168], [79.711, 11.175], [79.695, 11.165], [79.693, 11.171], [79.699, 11.177], [79.695, 11.18], [79.68, 11.164], [79.675, 11.165], [79.673, 11.183], [79.669, 11.184], [79.665, 11.201], [79.674, 11.219], [79.666, 11.218], [79.663, 11.226], [79.669, 11.226], [79.654, 11.236], [79.659, 11.247], [79.648, 11.251]]]}}, {"type": "Feature", "properties": {"id": "TN-162", "ac_no": 162, "name": "Poompuhar", "district": "NAGAPATTINAM  *", "pc": "MAYILADUTHURAI"}, "geometry": {"type": "Polygon", "coordinates": [[[79.855, 11.186], [79.841, 11.185], [79.838, 11.179], [79.828, 11.177], [79.83, 11.168], [79.804, 11.165], [79.801, 11.149], [79.752, 11.151], [79.748, 11.146], [79.745, 11.153], [79.739, 11.147], [79.711, 11.142], [79.693, 11.129], [79.694, 11.101], [79.701, 11.101], [79.697, 11.095], [79.713, 11.095], [79.711, 11.087], [79.693, 11.088], [79.695, 11.078], [79.682, 11.063], [79.68, 11.068], [79.677, 11.064], [79.653, 11.067], [79.649, 11.056], [79.646, 11.062], [79.62, 11.063], [79.615, 11.068], [79.592, 11.062], [79.582, 11.071], [79.579, 11.071], [79.58, 11.061], [79.574, 11.059], [79.566, 11.063], [79.553, 11.061], [79.548, 11.076], [79.537, 11.071], [79.531, 11.056], [79.522, 11.054], [79.511, 11.042], [79.512, 11.028], [79.53, 11.027], [79.532, 11.022], [79.532, 11.014], [79.525, 11.017], [79.524, 11.008], [79.542, 11.008], [79.541, 11.004], [79.548, 11.001], [79.523, 10.997], [79.524, 10.989], [79.512, 10.988], [79.508, 10.983], [79.513, 10.982], [79.515, 10.971], [79.53, 10.969], [79.528, 10.959], [79.532, 10.961], [79.533, 10.968], [79.553, 10.968], [79.556, 10.975], [79.563, 10.977], [79.574, 10.971], [79.577, 10.982], [79.585, 10.983], [79.603, 10.972], [79.605, 10.976], [79.608, 10.976], [79.604, 10.982], [79.633, 10.981], [79.634, 11.0], [79.641, 11.0], [79.642, 11.01], [79.671, 11.017], [79.701, 11.015], [79.707, 11.007], [79.717, 11.008], [79.721, 10.999], [79.73, 10.999], [79.731, 10.995], [79.748, 10.996], [79.747, 11.003], [79.756, 11.004], [79.767, 10.997], [79.786, 10.997], [79.789, 10.992], [79.786, 10.99], [79.798, 10.982], [79.804, 10.987], [79.804, 10.998], [79.813, 10.999], [79.815, 11.004], [79.821, 10.998], [79.84, 11.002], [79.839, 10.996], [79.851, 10.994], [79.854, 10.983], [79.858, 11.129], [79.855, 11.186]]]}}, {"type": "Feature", "properties": {"id": "TN-163", "ac_no": 163, "name": "Nagapattinam", "district": "NAGAPATTINAM  *", "pc": "NAGAPATTINAM (SC)"}, "geometry": {"type": "MultiPolygon", "coordinates": [[[[79.772, 10.899], [79.771, 10.899], [79.771, 10.899], [79.771, 10.899], [79.772, 10.899]]], [[[79.759, 10.901], [79.758, 10.901], [79.758, 10.9], [79.759, 10.9], [79.759, 10.901]]], [[[79.771, 10.9], [79.771, 10.901], [79.771, 10.901], [79.771, 10.9]]], [[[79.769, 10.901], [79.767, 10.901], [79.767, 10.899], [79.77, 10.901], [79.769, 10.901]]], [[[79.771, 10.902], [79.77, 10.903], [79.77, 10.903], [79.771, 10.902]]], [[[79.769, 10.903], [79.769, 10.904], [79.769, 10.904], [79.769, 10.903]]], [[[79.764, 10.911], [79.763, 10.909], [79.762, 10.902], [79.768, 10.902], [79.764, 10.907], [79.765, 10.911], [79.764, 10.911]]], [[[79.745, 10.915], [79.737, 10.91], [79.735, 10.918], [79.725, 10.921], [79.72, 10.919], [79.72, 10.913], [79.716, 10.913], [79.704, 10.925], [79.703, 10.92], [79.696, 10.919], [79.681, 10.928], [79.68, 10.914], [79.668, 10.914], [79.665, 10.9], [79.655, 10.893], [79.654, 10.886], [79.65, 10.886], [79.652, 10.875], [79.647, 10.874], [79.647, 10.869], [79.637, 10.869], [79.639, 10.861], [79.627, 10.866], [79.626, 10.86], [79.646, 10.851], [79.654, 10.84], [79.653, 10.835], [79.648, 10.834], [79.651, 10.824], [79.63, 10.822], [79.632, 10.816], [79.636, 10.816], [79.646, 10.816], [79.649, 10.81], [79.658, 10.806], [79.659, 10.817], [79.684, 10.816], [79.684, 10.829], [79.691, 10.831], [79.696, 10.832], [79.703, 10.825], [79.709, 10.826], [79.709, 10.829], [79.727, 10.829], [79.726, 10.813], [79.721, 10.809], [79.73, 10.809], [79.732, 10.803], [79.733, 10.809], [79.749, 10.814], [79.752, 10.822], [79.746, 10.828], [79.742, 10.822], [79.737, 10.824], [79.737, 10.832], [79.74, 10.829], [79.748, 10.835], [79.753, 10.823], [79.759, 10.829], [79.757, 10.833], [79.765, 10.831], [79.765, 10.835], [79.769, 10.834], [79.779, 10.832], [79.775, 10.818], [79.813, 10.81], [79.799, 10.808], [79.799, 10.805], [79.805, 10.803], [79.803, 10.797], [79.793, 10.786], [79.786, 10.786], [79.783, 10.778], [79.776, 10.778], [79.771, 10.789], [79.763, 10.789], [79.762, 10.783], [79.757, 10.78], [79.759, 10.771], [79.774, 10.767], [79.772, 10.756], [79.789, 10.741], [79.801, 10.74], [79.803, 10.749], [79.814, 10.747], [79.832, 10.756], [79.851, 10.755], [79.853, 10.827], [79.841, 10.828], [79.831, 10.827], [79.828, 10.85], [79.821, 10.846], [79.808, 10.856], [79.807, 10.866], [79.812, 10.86], [79.825, 10.865], [79.822, 10.874], [79.811, 10.876], [79.811, 10.88], [79.829, 10.883], [79.804, 10.891], [79.795, 10.888], [79.79, 10.895], [79.79, 10.89], [79.784, 10.889], [79.783, 10.895], [79.794, 10.899], [79.791, 10.905], [79.795, 10.903], [79.789, 10.908], [79.777, 10.909], [79.777, 10.905], [79.777, 10.897], [79.756, 10.892], [79.763, 10.9], [79.761, 10.902], [79.757, 10.897], [79.761, 10.913], [79.759, 10.917], [79.745, 10.915]], [[79.807, 10.878], [79.807, 10.881], [79.81, 10.878], [79.807, 10.878]]]]}}, {"type": "Feature", "properties": {"id": "TN-164", "ac_no": 164, "name": "Kilvelur (SC)", "district": "NAGAPATTINAM  *", "pc": "NAGAPATTINAM (SC)"}, "geometry": {"type": "Polygon", "coordinates": [[[79.851, 10.755], [79.832, 10.756], [79.814, 10.747], [79.803, 10.749], [79.801, 10.74], [79.789, 10.741], [79.772, 10.756], [79.774, 10.767], [79.759, 10.771], [79.757, 10.78], [79.762, 10.783], [79.763, 10.789], [79.771, 10.789], [79.776, 10.778], [79.783, 10.778], [79.786, 10.786], [79.793, 10.786], [79.803, 10.797], [79.805, 10.803], [79.799, 10.805], [79.799, 10.808], [79.813, 10.81], [79.775, 10.818], [79.779, 10.832], [79.769, 10.834], [79.765, 10.835], [79.765, 10.831], [79.757, 10.833], [79.759, 10.829], [79.753, 10.823], [79.748, 10.835], [79.74, 10.829], [79.737, 10.832], [79.737, 10.824], [79.742, 10.822], [79.746, 10.828], [79.752, 10.822], [79.749, 10.814], [79.733, 10.809], [79.732, 10.803], [79.725, 10.794], [79.703, 10.78], [79.695, 10.764], [79.7, 10.746], [79.682, 10.729], [79.69, 10.724], [79.688, 10.715], [79.678, 10.716], [79.675, 10.709], [79.672, 10.711], [79.669, 10.708], [79.655, 10.713], [79.652, 10.707], [79.652, 10.702], [79.676, 10.688], [79.676, 10.679], [79.666, 10.651], [79.654, 10.658], [79.649, 10.644], [79.668, 10.635], [79.673, 10.626], [79.671, 10.617], [79.657, 10.614], [79.659, 10.604], [79.668, 10.601], [79.67, 10.587], [79.673, 10.588], [79.674, 10.593], [79.686, 10.589], [79.69, 10.595], [79.704, 10.588], [79.705, 10.595], [79.715, 10.596], [79.718, 10.591], [79.737, 10.588], [79.748, 10.596], [79.755, 10.59], [79.753, 10.578], [79.784, 10.586], [79.796, 10.582], [79.799, 10.576], [79.795, 10.568], [79.8, 10.568], [79.797, 10.562], [79.806, 10.56], [79.807, 10.552], [79.813, 10.546], [79.859, 10.554], [79.851, 10.755]]]}}, {"type": "Feature", "properties": {"id": "TN-165", "ac_no": 165, "name": "Vedaranyam", "district": "NAGAPATTINAM  *", "pc": "NAGAPATTINAM (SC)"}, "geometry": {"type": "Polygon", "coordinates": [[[79.859, 10.554], [79.813, 10.546], [79.807, 10.552], [79.806, 10.56], [79.797, 10.562], [79.8, 10.568], [79.795, 10.568], [79.799, 10.576], [79.796, 10.582], [79.784, 10.586], [79.753, 10.578], [79.755, 10.59], [79.748, 10.596], [79.737, 10.588], [79.718, 10.591], [79.715, 10.596], [79.705, 10.595], [79.704, 10.588], [79.69, 10.595], [79.686, 10.589], [79.674, 10.593], [79.673, 10.588], [79.688, 10.584], [79.679, 10.574], [79.669, 10.575], [79.678, 10.568], [79.679, 10.556], [79.688, 10.557], [79.689, 10.551], [79.698, 10.55], [79.711, 10.555], [79.716, 10.544], [79.725, 10.539], [79.715, 10.531], [79.701, 10.511], [79.689, 10.511], [79.699, 10.488], [79.676, 10.484], [79.689, 10.456], [79.674, 10.453], [79.664, 10.446], [79.659, 10.446], [79.659, 10.452], [79.63, 10.449], [79.633, 10.421], [79.629, 10.4], [79.635, 10.387], [79.633, 10.362], [79.701, 10.315], [79.71, 10.278], [79.769, 10.272], [79.824, 10.275], [79.862, 10.283], [79.879, 10.299], [79.882, 10.323], [79.869, 10.376], [79.859, 10.554]]]}}, {"type": "Feature", "properties": {"id": "TN-166", "ac_no": 166, "name": "Thiruthuraipoondi(SC)", "district": "THIRUVARUR", "pc": "NAGAPATTINAM (SC)"}, "geometry": {"type": "Polygon", "coordinates": [[[79.508, 10.657], [79.511, 10.624], [79.5, 10.587], [79.504, 10.583], [79.499, 10.57], [79.501, 10.543], [79.498, 10.535], [79.491, 10.532], [79.492, 10.518], [79.482, 10.491], [79.479, 10.464], [79.47, 10.462], [79.476, 10.45], [79.474, 10.436], [79.454, 10.434], [79.451, 10.43], [79.465, 10.416], [79.461, 10.407], [79.473, 10.407], [79.476, 10.401], [79.476, 10.393], [79.46, 10.392], [79.46, 10.388], [79.47, 10.383], [79.467, 10.373], [79.475, 10.372], [79.486, 10.381], [79.49, 10.371], [79.504, 10.367], [79.505, 10.359], [79.501, 10.349], [79.476, 10.351], [79.472, 10.316], [79.517, 10.313], [79.532, 10.307], [79.625, 10.297], [79.71, 10.278], [79.701, 10.315], [79.633, 10.362], [79.635, 10.387], [79.629, 10.4], [79.633, 10.421], [79.63, 10.449], [79.659, 10.452], [79.659, 10.446], [79.664, 10.446], [79.674, 10.453], [79.689, 10.456], [79.676, 10.484], [79.699, 10.488], [79.689, 10.511], [79.701, 10.511], [79.715, 10.531], [79.725, 10.539], [79.716, 10.544], [79.711, 10.555], [79.698, 10.55], [79.689, 10.551], [79.688, 10.557], [79.679, 10.556], [79.678, 10.568], [79.669, 10.575], [79.679, 10.574], [79.688, 10.584], [79.673, 10.588], [79.67, 10.587], [79.668, 10.601], [79.659, 10.604], [79.657, 10.614], [79.671, 10.617], [79.673, 10.626], [79.668, 10.635], [79.649, 10.644], [79.64, 10.64], [79.643, 10.645], [79.634, 10.644], [79.636, 10.647], [79.628, 10.651], [79.631, 10.659], [79.624, 10.659], [79.624, 10.654], [79.615, 10.654], [79.617, 10.645], [79.614, 10.644], [79.61, 10.653], [79.587, 10.648], [79.586, 10.657], [79.576, 10.659], [79.575, 10.666], [79.567, 10.671], [79.556, 10.664], [79.543, 10.664], [79.542, 10.66], [79.535, 10.66], [79.535, 10.666], [79.53, 10.666], [79.524, 10.653], [79.508, 10.657]]]}}, {"type": "Feature", "properties": {"id": "TN-167", "ac_no": 167, "name": "Mannargudi", "district": "THIRUVARUR", "pc": "THANJAVUR"}, "geometry": {"type": "Polygon", "coordinates": [[[79.441, 10.779], [79.44, 10.775], [79.417, 10.775], [79.404, 10.791], [79.376, 10.804], [79.373, 10.802], [79.37, 10.796], [79.348, 10.796], [79.351, 10.791], [79.345, 10.781], [79.345, 10.766], [79.361, 10.765], [79.361, 10.752], [79.353, 10.747], [79.35, 10.75], [79.345, 10.746], [79.349, 10.743], [79.342, 10.74], [79.321, 10.737], [79.313, 10.741], [79.311, 10.747], [79.301, 10.738], [79.308, 10.722], [79.306, 10.71], [79.32, 10.685], [79.318, 10.661], [79.343, 10.659], [79.342, 10.654], [79.357, 10.645], [79.354, 10.632], [79.348, 10.627], [79.354, 10.611], [79.353, 10.607], [79.348, 10.607], [79.346, 10.596], [79.352, 10.583], [79.361, 10.579], [79.396, 10.58], [79.401, 10.573], [79.399, 10.558], [79.4, 10.554], [79.422, 10.549], [79.426, 10.558], [79.452, 10.559], [79.452, 10.551], [79.428, 10.546], [79.423, 10.542], [79.423, 10.536], [79.437, 10.531], [79.44, 10.523], [79.457, 10.52], [79.457, 10.514], [79.469, 10.512], [79.469, 10.505], [79.461, 10.504], [79.454, 10.492], [79.456, 10.488], [79.462, 10.488], [79.467, 10.493], [79.482, 10.491], [79.492, 10.518], [79.491, 10.532], [79.498, 10.535], [79.501, 10.543], [79.499, 10.57], [79.504, 10.583], [79.5, 10.587], [79.511, 10.624], [79.508, 10.657], [79.497, 10.672], [79.499, 10.716], [79.51, 10.717], [79.512, 10.722], [79.518, 10.724], [79.524, 10.721], [79.524, 10.742], [79.499, 10.747], [79.497, 10.755], [79.492, 10.749], [79.464, 10.749], [79.465, 10.788], [79.458, 10.789], [79.453, 10.776], [79.441, 10.779]]]}}, {"type": "Feature", "properties": {"id": "TN-168", "ac_no": 168, "name": "Thiruvarur", "district": "THIRUVARUR", "pc": "NAGAPATTINAM (SC)"}, "geometry": {"type": "Polygon", "coordinates": [[[79.636, 10.816], [79.637, 10.811], [79.621, 10.811], [79.613, 10.799], [79.599, 10.821], [79.57, 10.829], [79.572, 10.835], [79.566, 10.842], [79.56, 10.841], [79.554, 10.834], [79.534, 10.833], [79.529, 10.839], [79.52, 10.84], [79.525, 10.833], [79.518, 10.831], [79.518, 10.827], [79.506, 10.825], [79.474, 10.832], [79.474, 10.824], [79.463, 10.823], [79.457, 10.826], [79.454, 10.822], [79.447, 10.831], [79.464, 10.807], [79.451, 10.804], [79.456, 10.79], [79.449, 10.789], [79.448, 10.783], [79.439, 10.785], [79.441, 10.779], [79.453, 10.776], [79.458, 10.789], [79.465, 10.788], [79.464, 10.749], [79.492, 10.749], [79.497, 10.755], [79.499, 10.747], [79.524, 10.742], [79.524, 10.721], [79.518, 10.724], [79.512, 10.722], [79.51, 10.717], [79.499, 10.716], [79.497, 10.672], [79.508, 10.657], [79.524, 10.653], [79.53, 10.666], [79.535, 10.666], [79.535, 10.66], [79.542, 10.66], [79.543, 10.664], [79.556, 10.664], [79.567, 10.671], [79.575, 10.666], [79.576, 10.659], [79.586, 10.657], [79.587, 10.648], [79.61, 10.653], [79.614, 10.644], [79.617, 10.645], [79.615, 10.654], [79.624, 10.654], [79.624, 10.659], [79.631, 10.659], [79.628, 10.651], [79.636, 10.647], [79.634, 10.644], [79.643, 10.645], [79.64, 10.64], [79.649, 10.644], [79.654, 10.658], [79.666, 10.651], [79.676, 10.679], [79.676, 10.688], [79.652, 10.702], [79.652, 10.707], [79.655, 10.713], [79.669, 10.708], [79.672, 10.711], [79.675, 10.709], [79.678, 10.716], [79.688, 10.715], [79.69, 10.724], [79.682, 10.729], [79.7, 10.746], [79.695, 10.764], [79.703, 10.78], [79.725, 10.794], [79.732, 10.803], [79.73, 10.809], [79.721, 10.809], [79.726, 10.813], [79.727, 10.829], [79.709, 10.829], [79.709, 10.826], [79.703, 10.825], [79.696, 10.832], [79.691, 10.831], [79.684, 10.829], [79.684, 10.816], [79.659, 10.817], [79.658, 10.806], [79.649, 10.81], [79.646, 10.816], [79.636, 10.816]]]}}, {"type": "Feature", "properties": {"id": "TN-169", "ac_no": 169, "name": "Nannilam", "district": "THIRUVARUR", "pc": "NAGAPATTINAM (SC)"}, "geometry": {"type": "Polygon", "coordinates": [[[79.748, 10.996], [79.731, 10.995], [79.73, 10.999], [79.721, 10.999], [79.717, 11.008], [79.707, 11.007], [79.701, 11.015], [79.671, 11.017], [79.642, 11.01], [79.641, 11.0], [79.634, 11.0], [79.633, 10.981], [79.604, 10.982], [79.608, 10.976], [79.605, 10.976], [79.603, 10.972], [79.585, 10.983], [79.577, 10.982], [79.574, 10.971], [79.563, 10.977], [79.556, 10.975], [79.553, 10.968], [79.533, 10.968], [79.532, 10.961], [79.528, 10.959], [79.53, 10.969], [79.515, 10.971], [79.518, 10.946], [79.514, 10.942], [79.501, 10.942], [79.5, 10.933], [79.484, 10.921], [79.493, 10.917], [79.492, 10.906], [79.506, 10.904], [79.506, 10.894], [79.488, 10.889], [79.484, 10.879], [79.486, 10.869], [79.478, 10.867], [79.476, 10.873], [79.472, 10.873], [79.465, 10.869], [79.466, 10.865], [79.457, 10.864], [79.434, 10.877], [79.416, 10.882], [79.416, 10.886], [79.412, 10.884], [79.406, 10.893], [79.401, 10.893], [79.393, 10.896], [79.368, 10.894], [79.369, 10.897], [79.361, 10.898], [79.346, 10.91], [79.328, 10.917], [79.331, 10.922], [79.324, 10.925], [79.288, 10.936], [79.292, 10.923], [79.286, 10.916], [79.291, 10.911], [79.282, 10.911], [79.283, 10.906], [79.27, 10.884], [79.271, 10.873], [79.286, 10.869], [79.291, 10.863], [79.292, 10.845], [79.287, 10.833], [79.295, 10.833], [79.302, 10.824], [79.321, 10.819], [79.326, 10.816], [79.325, 10.81], [79.331, 10.814], [79.337, 10.81], [79.349, 10.811], [79.356, 10.806], [79.369, 10.808], [79.373, 10.802], [79.376, 10.804], [79.404, 10.791], [79.417, 10.775], [79.44, 10.775], [79.441, 10.779], [79.439, 10.785], [79.448, 10.783], [79.449, 10.789], [79.456, 10.79], [79.451, 10.804], [79.464, 10.807], [79.447, 10.831], [79.454, 10.822], [79.457, 10.826], [79.463, 10.823], [79.474, 10.824], [79.474, 10.832], [79.506, 10.825], [79.518, 10.827], [79.518, 10.831], [79.525, 10.833], [79.52, 10.84], [79.529, 10.839], [79.534, 10.833], [79.554, 10.834], [79.56, 10.841], [79.566, 10.842], [79.572, 10.835], [79.57, 10.829], [79.599, 10.821], [79.613, 10.799], [79.621, 10.811], [79.637, 10.811], [79.636, 10.816], [79.632, 10.816], [79.63, 10.822], [79.651, 10.824], [79.648, 10.834], [79.653, 10.835], [79.654, 10.84], [79.646, 10.851], [79.626, 10.86], [79.627, 10.866], [79.639, 10.861], [79.637, 10.869], [79.647, 10.869], [79.647, 10.874], [79.652, 10.875], [79.65, 10.886], [79.654, 10.886], [79.655, 10.893], [79.665, 10.9], [79.668, 10.914], [79.68, 10.914], [79.681, 10.928], [79.696, 10.919], [79.703, 10.92], [79.704, 10.925], [79.716, 10.913], [79.72, 10.913], [79.72, 10.919], [79.725, 10.921], [79.735, 10.918], [79.737, 10.91], [79.745, 10.915], [79.743, 10.924], [79.725, 10.929], [79.729, 10.937], [79.723, 10.935], [79.727, 10.938], [79.724, 10.942], [79.737, 10.952], [79.735, 10.957], [79.732, 10.951], [79.72, 10.952], [79.719, 10.969], [79.731, 10.971], [79.739, 10.965], [79.746, 10.965], [79.745, 10.957], [79.763, 10.962], [79.759, 10.972], [79.755, 10.972], [79.753, 10.977], [79.759, 10.983], [79.753, 10.983], [79.753, 10.988], [79.747, 10.988], [79.748, 10.996]], [[79.722, 10.937], [79.722, 10.935], [79.72, 10.937], [79.722, 10.937]], [[79.74, 10.92], [79.739, 10.92], [79.739, 10.921], [79.74, 10.92]]]}}, {"type": "Feature", "properties": {"id": "TN-170", "ac_no": 170, "name": "Thiruvidaimarudur", "district": "THANJAVUR", "pc": "MAYILADUTHURAI"}, "geometry": {"type": "Polygon", "coordinates": [[[79.527, 11.184], [79.5, 11.176], [79.459, 11.151], [79.431, 11.121], [79.413, 11.082], [79.393, 11.063], [79.393, 11.055], [79.397, 11.052], [79.41, 11.062], [79.419, 11.051], [79.415, 11.041], [79.417, 11.028], [79.403, 11.02], [79.408, 11.017], [79.416, 11.021], [79.417, 11.018], [79.414, 11.016], [79.413, 10.995], [79.407, 10.984], [79.4, 10.981], [79.4, 10.975], [79.406, 10.977], [79.405, 10.967], [79.419, 10.968], [79.422, 10.964], [79.432, 10.969], [79.44, 10.98], [79.452, 10.983], [79.454, 10.98], [79.44, 10.973], [79.429, 10.958], [79.409, 10.951], [79.413, 10.944], [79.412, 10.935], [79.419, 10.932], [79.419, 10.924], [79.414, 10.922], [79.417, 10.915], [79.414, 10.897], [79.403, 10.902], [79.401, 10.893], [79.406, 10.893], [79.412, 10.884], [79.416, 10.886], [79.416, 10.882], [79.434, 10.877], [79.457, 10.864], [79.466, 10.865], [79.465, 10.869], [79.472, 10.873], [79.476, 10.873], [79.478, 10.867], [79.486, 10.869], [79.484, 10.879], [79.488, 10.889], [79.506, 10.894], [79.506, 10.904], [79.492, 10.906], [79.493, 10.917], [79.484, 10.921], [79.5, 10.933], [79.501, 10.942], [79.514, 10.942], [79.518, 10.946], [79.515, 10.971], [79.513, 10.982], [79.508, 10.983], [79.512, 10.988], [79.524, 10.989], [79.523, 10.997], [79.548, 11.001], [79.541, 11.004], [79.542, 11.008], [79.524, 11.008], [79.525, 11.017], [79.532, 11.014], [79.532, 11.022], [79.53, 11.027], [79.512, 11.028], [79.511, 11.042], [79.522, 11.054], [79.531, 11.056], [79.537, 11.071], [79.548, 11.076], [79.552, 11.084], [79.541, 11.085], [79.548, 11.105], [79.542, 11.105], [79.542, 11.095], [79.539, 11.096], [79.538, 11.11], [79.546, 11.113], [79.544, 11.117], [79.55, 11.114], [79.551, 11.13], [79.561, 11.132], [79.573, 11.148], [79.566, 11.149], [79.566, 11.155], [79.558, 11.155], [79.557, 11.163], [79.54, 11.163], [79.538, 11.181], [79.531, 11.178], [79.527, 11.184]]]}}, {"type": "Feature", "properties": {"id": "TN-171", "ac_no": 171, "name": "Kumbakonam", "district": "THANJAVUR", "pc": "MAYILADUTHURAI"}, "geometry": {"type": "Polygon", "coordinates": [[[79.401, 10.893], [79.403, 10.902], [79.414, 10.897], [79.417, 10.915], [79.414, 10.922], [79.419, 10.924], [79.419, 10.932], [79.412, 10.935], [79.413, 10.944], [79.409, 10.951], [79.429, 10.958], [79.44, 10.973], [79.454, 10.98], [79.452, 10.983], [79.44, 10.98], [79.432, 10.969], [79.422, 10.964], [79.419, 10.968], [79.405, 10.967], [79.406, 10.977], [79.4, 10.975], [79.4, 10.981], [79.407, 10.984], [79.413, 10.995], [79.414, 11.016], [79.417, 11.018], [79.416, 11.021], [79.408, 11.017], [79.403, 11.02], [79.417, 11.028], [79.415, 11.041], [79.419, 11.051], [79.41, 11.062], [79.397, 11.052], [79.393, 11.055], [79.393, 11.063], [79.346, 11.042], [79.311, 11.018], [79.32, 11.002], [79.326, 11.002], [79.325, 10.993], [79.33, 10.989], [79.327, 10.979], [79.336, 10.979], [79.34, 10.975], [79.344, 10.98], [79.355, 10.984], [79.36, 10.978], [79.361, 10.97], [79.354, 10.968], [79.359, 10.962], [79.351, 10.948], [79.356, 10.946], [79.352, 10.941], [79.331, 10.938], [79.337, 10.931], [79.35, 10.932], [79.351, 10.921], [79.324, 10.925], [79.331, 10.922], [79.328, 10.917], [79.346, 10.91], [79.361, 10.898], [79.369, 10.897], [79.368, 10.894], [79.393, 10.896], [79.401, 10.893]]]}}, {"type": "Feature", "properties": {"id": "TN-172", "ac_no": 172, "name": "Papanasam", "district": "THANJAVUR", "pc": "MAYILADUTHURAI"}, "geometry": {"type": "Polygon", "coordinates": [[[79.324, 10.925], [79.351, 10.921], [79.35, 10.932], [79.337, 10.931], [79.331, 10.938], [79.352, 10.941], [79.356, 10.946], [79.351, 10.948], [79.359, 10.962], [79.354, 10.968], [79.361, 10.97], [79.36, 10.978], [79.355, 10.984], [79.344, 10.98], [79.34, 10.975], [79.336, 10.979], [79.327, 10.979], [79.33, 10.989], [79.325, 10.993], [79.326, 11.002], [79.32, 11.002], [79.311, 11.018], [79.309, 11.021], [79.291, 11.014], [79.273, 10.997], [79.275, 10.994], [79.268, 10.986], [79.212, 10.941], [79.205, 10.941], [79.203, 10.949], [79.179, 10.94], [79.142, 10.941], [79.129, 10.933], [79.142, 10.927], [79.148, 10.918], [79.145, 10.915], [79.148, 10.907], [79.143, 10.902], [79.144, 10.89], [79.162, 10.903], [79.17, 10.88], [79.174, 10.879], [79.171, 10.877], [79.19, 10.866], [79.178, 10.859], [79.181, 10.854], [79.195, 10.855], [79.188, 10.851], [79.194, 10.848], [79.2, 10.851], [79.202, 10.844], [79.189, 10.842], [79.184, 10.845], [79.18, 10.832], [79.172, 10.832], [79.176, 10.826], [79.185, 10.828], [79.187, 10.822], [79.18, 10.821], [79.178, 10.811], [79.181, 10.805], [79.187, 10.804], [79.197, 10.81], [79.191, 10.803], [79.193, 10.791], [79.199, 10.794], [79.195, 10.781], [79.204, 10.778], [79.196, 10.779], [79.195, 10.771], [79.205, 10.752], [79.217, 10.753], [79.217, 10.739], [79.23, 10.736], [79.237, 10.725], [79.257, 10.717], [79.262, 10.732], [79.259, 10.749], [79.263, 10.75], [79.264, 10.756], [79.271, 10.757], [79.276, 10.752], [79.275, 10.739], [79.282, 10.736], [79.294, 10.732], [79.301, 10.738], [79.311, 10.747], [79.313, 10.741], [79.321, 10.737], [79.342, 10.74], [79.349, 10.743], [79.345, 10.746], [79.35, 10.75], [79.353, 10.747], [79.361, 10.752], [79.361, 10.765], [79.345, 10.766], [79.345, 10.781], [79.351, 10.791], [79.348, 10.796], [79.37, 10.796], [79.373, 10.802], [79.369, 10.808], [79.356, 10.806], [79.349, 10.811], [79.337, 10.81], [79.331, 10.814], [79.325, 10.81], [79.326, 10.816], [79.321, 10.819], [79.302, 10.824], [79.295, 10.833], [79.287, 10.833], [79.292, 10.845], [79.291, 10.863], [79.286, 10.869], [79.271, 10.873], [79.27, 10.884], [79.283, 10.906], [79.282, 10.911], [79.291, 10.911], [79.286, 10.916], [79.292, 10.923], [79.288, 10.936], [79.324, 10.925]]]}}, {"type": "Feature", "properties": {"id": "TN-173", "ac_no": 173, "name": "Thiruvaiyaru", "district": "THANJAVUR", "pc": "THANJAVUR"}, "geometry": {"type": "Polygon", "coordinates": [[[79.181, 10.805], [79.178, 10.811], [79.18, 10.821], [79.187, 10.822], [79.185, 10.828], [79.176, 10.826], [79.172, 10.832], [79.18, 10.832], [79.184, 10.845], [79.189, 10.842], [79.202, 10.844], [79.2, 10.851], [79.194, 10.848], [79.188, 10.851], [79.195, 10.855], [79.181, 10.854], [79.178, 10.859], [79.19, 10.866], [79.171, 10.877], [79.174, 10.879], [79.17, 10.88], [79.162, 10.903], [79.144, 10.89], [79.143, 10.902], [79.148, 10.907], [79.145, 10.915], [79.148, 10.918], [79.142, 10.927], [79.129, 10.933], [79.11, 10.925], [79.086, 10.927], [79.079, 10.924], [79.069, 10.913], [79.064, 10.899], [79.05, 10.888], [79.034, 10.887], [79.004, 10.894], [78.961, 10.888], [78.961, 10.895], [78.94, 10.888], [78.939, 10.876], [78.924, 10.867], [78.817, 10.836], [78.798, 10.838], [78.776, 10.832], [78.776, 10.827], [78.815, 10.823], [78.868, 10.826], [78.862, 10.803], [78.867, 10.803], [78.867, 10.786], [78.88, 10.789], [78.874, 10.762], [78.868, 10.761], [78.869, 10.747], [78.865, 10.736], [78.866, 10.722], [78.873, 10.706], [78.882, 10.695], [78.894, 10.694], [78.894, 10.686], [78.906, 10.681], [78.908, 10.672], [78.937, 10.688], [78.946, 10.676], [78.937, 10.677], [78.936, 10.673], [78.956, 10.665], [78.961, 10.655], [78.965, 10.654], [78.969, 10.68], [78.982, 10.684], [78.981, 10.692], [78.988, 10.703], [78.989, 10.72], [78.999, 10.724], [79.006, 10.714], [79.011, 10.714], [79.004, 10.708], [79.008, 10.7], [79.024, 10.699], [79.036, 10.704], [79.034, 10.72], [79.042, 10.724], [79.053, 10.719], [79.058, 10.724], [79.055, 10.748], [79.048, 10.748], [79.049, 10.754], [79.059, 10.758], [79.07, 10.75], [79.075, 10.754], [79.074, 10.762], [79.109, 10.767], [79.113, 10.776], [79.122, 10.779], [79.13, 10.823], [79.142, 10.824], [79.148, 10.82], [79.163, 10.799], [79.172, 10.805], [79.181, 10.805]]]}}, {"type": "Feature", "properties": {"id": "TN-174", "ac_no": 174, "name": "Thanjavur", "district": "THANJAVUR", "pc": "THANJAVUR"}, "geometry": {"type": "Polygon", "coordinates": [[[79.181, 10.805], [79.172, 10.805], [79.163, 10.799], [79.148, 10.82], [79.142, 10.824], [79.13, 10.823], [79.122, 10.779], [79.113, 10.776], [79.109, 10.767], [79.074, 10.762], [79.075, 10.754], [79.07, 10.75], [79.059, 10.758], [79.049, 10.754], [79.048, 10.748], [79.055, 10.748], [79.058, 10.724], [79.053, 10.719], [79.042, 10.724], [79.034, 10.72], [79.036, 10.704], [79.062, 10.699], [79.079, 10.707], [79.083, 10.72], [79.11, 10.718], [79.114, 10.735], [79.129, 10.734], [79.132, 10.726], [79.126, 10.715], [79.133, 10.714], [79.147, 10.728], [79.146, 10.752], [79.137, 10.762], [79.148, 10.763], [79.149, 10.774], [79.164, 10.775], [79.169, 10.763], [79.183, 10.762], [79.181, 10.766], [79.194, 10.766], [79.195, 10.771], [79.196, 10.779], [79.204, 10.778], [79.195, 10.781], [79.199, 10.794], [79.193, 10.791], [79.191, 10.803], [79.197, 10.81], [79.187, 10.804], [79.181, 10.805]]]}}, {"type": "Feature", "properties": {"id": "TN-175", "ac_no": 175, "name": "Orathanadu", "district": "THANJAVUR", "pc": "THANJAVUR"}, "geometry": {"type": "Polygon", "coordinates": [[[79.195, 10.771], [79.194, 10.766], [79.181, 10.766], [79.183, 10.762], [79.169, 10.763], [79.164, 10.775], [79.149, 10.774], [79.148, 10.763], [79.137, 10.762], [79.146, 10.752], [79.147, 10.728], [79.133, 10.714], [79.126, 10.715], [79.132, 10.726], [79.129, 10.734], [79.114, 10.735], [79.11, 10.718], [79.083, 10.72], [79.079, 10.707], [79.062, 10.699], [79.036, 10.704], [79.024, 10.699], [79.032, 10.695], [79.017, 10.692], [79.016, 10.682], [79.054, 10.68], [79.062, 10.674], [79.068, 10.677], [79.065, 10.648], [79.07, 10.64], [79.1, 10.63], [79.104, 10.615], [79.119, 10.635], [79.126, 10.635], [79.144, 10.605], [79.138, 10.598], [79.143, 10.586], [79.177, 10.587], [79.179, 10.571], [79.191, 10.578], [79.19, 10.566], [79.187, 10.567], [79.191, 10.56], [79.183, 10.557], [79.183, 10.55], [79.179, 10.551], [79.184, 10.546], [79.185, 10.538], [79.178, 10.539], [79.168, 10.53], [79.158, 10.534], [79.153, 10.53], [79.152, 10.533], [79.149, 10.524], [79.155, 10.522], [79.14, 10.512], [79.139, 10.497], [79.129, 10.498], [79.128, 10.494], [79.129, 10.491], [79.133, 10.494], [79.13, 10.487], [79.134, 10.484], [79.147, 10.485], [79.152, 10.475], [79.16, 10.473], [79.17, 10.481], [79.172, 10.474], [79.177, 10.477], [79.178, 10.472], [79.183, 10.472], [79.179, 10.487], [79.182, 10.485], [79.185, 10.493], [79.189, 10.488], [79.195, 10.491], [79.19, 10.492], [79.193, 10.498], [79.188, 10.504], [79.2, 10.504], [79.214, 10.514], [79.244, 10.514], [79.244, 10.509], [79.267, 10.485], [79.276, 10.498], [79.274, 10.508], [79.285, 10.513], [79.315, 10.495], [79.327, 10.498], [79.332, 10.506], [79.346, 10.513], [79.352, 10.511], [79.353, 10.518], [79.357, 10.516], [79.357, 10.534], [79.38, 10.531], [79.38, 10.535], [79.388, 10.537], [79.383, 10.556], [79.392, 10.561], [79.399, 10.558], [79.401, 10.573], [79.396, 10.58], [79.361, 10.579], [79.352, 10.583], [79.346, 10.596], [79.348, 10.607], [79.353, 10.607], [79.354, 10.611], [79.348, 10.627], [79.354, 10.632], [79.357, 10.645], [79.342, 10.654], [79.343, 10.659], [79.318, 10.661], [79.32, 10.685], [79.306, 10.71], [79.308, 10.722], [79.301, 10.738], [79.294, 10.732], [79.282, 10.736], [79.275, 10.739], [79.276, 10.752], [79.271, 10.757], [79.264, 10.756], [79.263, 10.75], [79.259, 10.749], [79.262, 10.732], [79.257, 10.717], [79.237, 10.725], [79.23, 10.736], [79.217, 10.739], [79.217, 10.753], [79.205, 10.752], [79.195, 10.771]]]}}, {"type": "Feature", "properties": {"id": "TN-176", "ac_no": 176, "name": "Pattukkottai", "district": "THANJAVUR", "pc": "THANJAVUR"}, "geometry": {"type": "Polygon", "coordinates": [[[79.399, 10.558], [79.392, 10.561], [79.383, 10.556], [79.388, 10.537], [79.38, 10.535], [79.38, 10.531], [79.357, 10.534], [79.357, 10.516], [79.353, 10.518], [79.352, 10.511], [79.346, 10.513], [79.332, 10.506], [79.327, 10.498], [79.315, 10.495], [79.285, 10.513], [79.274, 10.508], [79.276, 10.498], [79.267, 10.485], [79.271, 10.478], [79.267, 10.475], [79.272, 10.462], [79.274, 10.445], [79.29, 10.42], [79.288, 10.4], [79.297, 10.387], [79.294, 10.377], [79.302, 10.374], [79.306, 10.36], [79.327, 10.345], [79.307, 10.345], [79.306, 10.339], [79.297, 10.337], [79.29, 10.319], [79.299, 10.32], [79.307, 10.329], [79.311, 10.324], [79.317, 10.325], [79.317, 10.317], [79.322, 10.315], [79.325, 10.315], [79.329, 10.327], [79.339, 10.324], [79.344, 10.319], [79.345, 10.31], [79.359, 10.305], [79.363, 10.293], [79.381, 10.316], [79.472, 10.316], [79.476, 10.351], [79.501, 10.349], [79.505, 10.359], [79.504, 10.367], [79.49, 10.371], [79.486, 10.381], [79.475, 10.372], [79.467, 10.373], [79.47, 10.383], [79.46, 10.388], [79.46, 10.392], [79.476, 10.393], [79.476, 10.401], [79.473, 10.407], [79.461, 10.407], [79.465, 10.416], [79.451, 10.43], [79.454, 10.434], [79.474, 10.436], [79.476, 10.45], [79.47, 10.462], [79.479, 10.464], [79.482, 10.491], [79.467, 10.493], [79.462, 10.488], [79.456, 10.488], [79.454, 10.492], [79.461, 10.504], [79.469, 10.505], [79.469, 10.512], [79.457, 10.514], [79.457, 10.52], [79.44, 10.523], [79.437, 10.531], [79.423, 10.536], [79.423, 10.542], [79.428, 10.546], [79.452, 10.551], [79.452, 10.559], [79.426, 10.558], [79.422, 10.549], [79.4, 10.554], [79.399, 10.558]]]}}, {"type": "Feature", "properties": {"id": "TN-177", "ac_no": 177, "name": "Peravurani", "district": "THANJAVUR", "pc": "THANJAVUR"}, "geometry": {"type": "Polygon", "coordinates": [[[79.267, 10.485], [79.244, 10.509], [79.244, 10.514], [79.214, 10.514], [79.2, 10.504], [79.188, 10.504], [79.193, 10.498], [79.19, 10.492], [79.195, 10.491], [79.189, 10.488], [79.185, 10.493], [79.182, 10.485], [79.179, 10.487], [79.183, 10.472], [79.195, 10.467], [79.195, 10.463], [79.173, 10.458], [79.173, 10.453], [79.167, 10.455], [79.172, 10.449], [79.177, 10.452], [79.176, 10.448], [79.16, 10.449], [79.159, 10.446], [79.156, 10.452], [79.151, 10.446], [79.14, 10.449], [79.144, 10.445], [79.137, 10.439], [79.126, 10.437], [79.132, 10.424], [79.148, 10.41], [79.153, 10.4], [79.145, 10.382], [79.148, 10.376], [79.144, 10.365], [79.15, 10.357], [79.147, 10.355], [79.148, 10.344], [79.143, 10.346], [79.133, 10.335], [79.124, 10.337], [79.118, 10.331], [79.118, 10.326], [79.13, 10.331], [79.134, 10.326], [79.118, 10.303], [79.12, 10.288], [79.129, 10.281], [79.127, 10.277], [79.134, 10.264], [79.13, 10.253], [79.118, 10.251], [79.117, 10.234], [79.134, 10.23], [79.136, 10.236], [79.15, 10.236], [79.155, 10.229], [79.179, 10.224], [79.177, 10.22], [79.181, 10.211], [79.187, 10.207], [79.184, 10.201], [79.176, 10.203], [79.175, 10.199], [79.163, 10.206], [79.152, 10.199], [79.152, 10.192], [79.158, 10.183], [79.158, 10.175], [79.151, 10.168], [79.152, 10.16], [79.16, 10.157], [79.166, 10.159], [79.163, 10.163], [79.179, 10.158], [79.197, 10.162], [79.196, 10.157], [79.205, 10.158], [79.207, 10.137], [79.227, 10.137], [79.229, 10.151], [79.237, 10.154], [79.235, 10.157], [79.239, 10.156], [79.238, 10.17], [79.244, 10.186], [79.265, 10.197], [79.278, 10.215], [79.277, 10.223], [79.267, 10.229], [79.272, 10.239], [79.297, 10.262], [79.33, 10.285], [79.363, 10.293], [79.359, 10.305], [79.345, 10.31], [79.344, 10.319], [79.339, 10.324], [79.329, 10.327], [79.325, 10.315], [79.322, 10.315], [79.317, 10.317], [79.317, 10.325], [79.311, 10.324], [79.307, 10.329], [79.299, 10.32], [79.29, 10.319], [79.297, 10.337], [79.306, 10.339], [79.307, 10.345], [79.327, 10.345], [79.306, 10.36], [79.302, 10.374], [79.294, 10.377], [79.297, 10.387], [79.288, 10.4], [79.29, 10.42], [79.274, 10.445], [79.272, 10.462], [79.267, 10.475], [79.271, 10.478], [79.267, 10.485]]]}}, {"type": "Feature", "properties": {"id": "TN-178", "ac_no": 178, "name": "Gandharvakottai(SC)", "district": "PUDUKKOTTAI", "pc": "TIRUCHIRAPPALLI"}, "geometry": {"type": "Polygon", "coordinates": [[[78.873, 10.706], [78.873, 10.688], [78.82, 10.695], [78.82, 10.687], [78.813, 10.681], [78.811, 10.673], [78.803, 10.676], [78.806, 10.679], [78.8, 10.68], [78.8, 10.661], [78.794, 10.653], [78.802, 10.644], [78.809, 10.646], [78.808, 10.636], [78.815, 10.641], [78.827, 10.632], [78.832, 10.619], [78.83, 10.609], [78.815, 10.6], [78.804, 10.602], [78.795, 10.593], [78.789, 10.605], [78.785, 10.606], [78.77, 10.591], [78.774, 10.584], [78.769, 10.585], [78.768, 10.574], [78.791, 10.57], [78.795, 10.575], [78.801, 10.574], [78.81, 10.569], [78.808, 10.556], [78.787, 10.554], [78.788, 10.545], [78.778, 10.544], [78.778, 10.539], [78.766, 10.535], [78.762, 10.521], [78.756, 10.518], [78.751, 10.508], [78.751, 10.494], [78.758, 10.489], [78.749, 10.479], [78.741, 10.482], [78.738, 10.478], [78.728, 10.479], [78.727, 10.484], [78.72, 10.485], [78.731, 10.471], [78.739, 10.449], [78.747, 10.451], [78.751, 10.465], [78.755, 10.466], [78.751, 10.455], [78.754, 10.448], [78.776, 10.443], [78.776, 10.427], [78.783, 10.424], [78.784, 10.416], [78.789, 10.414], [78.801, 10.42], [78.806, 10.444], [78.817, 10.442], [78.829, 10.445], [78.832, 10.44], [78.834, 10.452], [78.826, 10.457], [78.824, 10.469], [78.816, 10.475], [78.828, 10.49], [78.824, 10.497], [78.833, 10.502], [78.839, 10.498], [78.852, 10.505], [78.864, 10.493], [78.857, 10.478], [78.855, 10.461], [78.849, 10.454], [78.853, 10.44], [78.862, 10.441], [78.876, 10.449], [78.876, 10.457], [78.883, 10.466], [78.889, 10.46], [78.889, 10.472], [78.896, 10.474], [78.897, 10.479], [78.89, 10.484], [78.891, 10.49], [78.898, 10.492], [78.893, 10.495], [78.898, 10.504], [78.896, 10.511], [78.905, 10.519], [78.909, 10.518], [78.908, 10.514], [78.92, 10.515], [78.923, 10.528], [78.931, 10.532], [78.941, 10.56], [78.966, 10.561], [78.974, 10.558], [78.973, 10.547], [78.98, 10.537], [78.997, 10.569], [78.998, 10.556], [79.008, 10.554], [79.013, 10.546], [79.025, 10.541], [79.03, 10.528], [79.04, 10.519], [79.048, 10.502], [79.063, 10.49], [79.057, 10.472], [79.038, 10.454], [79.043, 10.429], [79.065, 10.429], [79.064, 10.453], [79.071, 10.453], [79.069, 10.459], [79.076, 10.459], [79.076, 10.465], [79.094, 10.462], [79.092, 10.468], [79.096, 10.472], [79.11, 10.462], [79.11, 10.446], [79.126, 10.437], [79.137, 10.439], [79.144, 10.445], [79.14, 10.449], [79.151, 10.446], [79.156, 10.452], [79.159, 10.446], [79.16, 10.449], [79.176, 10.448], [79.177, 10.452], [79.172, 10.449], [79.167, 10.455], [79.173, 10.453], [79.173, 10.458], [79.195, 10.463], [79.195, 10.467], [79.183, 10.472], [79.178, 10.472], [79.177, 10.477], [79.172, 10.474], [79.17, 10.481], [79.16, 10.473], [79.152, 10.475], [79.147, 10.485], [79.134, 10.484], [79.13, 10.487], [79.133, 10.494], [79.129, 10.491], [79.128, 10.494], [79.129, 10.498], [79.139, 10.497], [79.14, 10.512], [79.155, 10.522], [79.149, 10.524], [79.152, 10.533], [79.153, 10.53], [79.158, 10.534], [79.168, 10.53], [79.178, 10.539], [79.185, 10.538], [79.184, 10.546], [79.179, 10.551], [79.183, 10.55], [79.183, 10.557], [79.191, 10.56], [79.187, 10.567], [79.19, 10.566], [79.191, 10.578], [79.179, 10.571], [79.177, 10.587], [79.143, 10.586], [79.138, 10.598], [79.144, 10.605], [79.126, 10.635], [79.119, 10.635], [79.104, 10.615], [79.1, 10.63], [79.07, 10.64], [79.065, 10.648], [79.068, 10.677], [79.062, 10.674], [79.054, 10.68], [79.016, 10.682], [79.017, 10.692], [79.032, 10.695], [79.024, 10.699], [79.008, 10.7], [79.004, 10.708], [79.011, 10.714], [79.006, 10.714], [78.999, 10.724], [78.989, 10.72], [78.988, 10.703], [78.981, 10.692], [78.982, 10.684], [78.969, 10.68], [78.965, 10.654], [78.961, 10.655], [78.956, 10.665], [78.936, 10.673], [78.937, 10.677], [78.946, 10.676], [78.937, 10.688], [78.908, 10.672], [78.906, 10.681], [78.894, 10.686], [78.894, 10.694], [78.882, 10.695], [78.873, 10.706]]]}}, {"type": "Feature", "properties": {"id": "TN-179", "ac_no": 179, "name": "Viralimalai", "district": "PUDUKKOTTAI", "pc": "KARUR"}, "geometry": {"type": "Polygon", "coordinates": [[[78.709, 10.733], [78.691, 10.734], [78.689, 10.728], [78.696, 10.704], [78.693, 10.691], [78.683, 10.688], [78.681, 10.67], [78.667, 10.673], [78.663, 10.655], [78.652, 10.659], [78.657, 10.672], [78.652, 10.682], [78.658, 10.705], [78.647, 10.704], [78.638, 10.708], [78.627, 10.705], [78.621, 10.676], [78.616, 10.682], [78.609, 10.682], [78.591, 10.66], [78.579, 10.665], [78.566, 10.661], [78.568, 10.682], [78.551, 10.687], [78.544, 10.676], [78.534, 10.677], [78.531, 10.672], [78.526, 10.675], [78.518, 10.67], [78.52, 10.65], [78.529, 10.644], [78.527, 10.629], [78.482, 10.639], [78.469, 10.628], [78.465, 10.617], [78.458, 10.617], [78.459, 10.61], [78.448, 10.607], [78.449, 10.6], [78.452, 10.6], [78.452, 10.591], [78.459, 10.59], [78.457, 10.579], [78.465, 10.578], [78.464, 10.541], [78.484, 10.54], [78.49, 10.527], [78.486, 10.518], [78.491, 10.517], [78.491, 10.51], [78.497, 10.507], [78.493, 10.489], [78.497, 10.485], [78.519, 10.484], [78.536, 10.495], [78.542, 10.509], [78.54, 10.515], [78.533, 10.514], [78.537, 10.531], [78.545, 10.53], [78.55, 10.515], [78.567, 10.515], [78.569, 10.52], [78.581, 10.523], [78.58, 10.509], [78.57, 10.49], [78.585, 10.481], [78.589, 10.474], [78.584, 10.441], [78.591, 10.423], [78.605, 10.424], [78.623, 10.419], [78.642, 10.407], [78.644, 10.411], [78.664, 10.409], [78.664, 10.396], [78.674, 10.387], [78.676, 10.376], [78.681, 10.372], [78.698, 10.375], [78.697, 10.364], [78.713, 10.346], [78.724, 10.347], [78.74, 10.362], [78.766, 10.357], [78.768, 10.379], [78.773, 10.383], [78.777, 10.397], [78.786, 10.404], [78.785, 10.41], [78.781, 10.408], [78.777, 10.412], [78.784, 10.416], [78.783, 10.424], [78.776, 10.427], [78.776, 10.443], [78.754, 10.448], [78.751, 10.455], [78.755, 10.466], [78.751, 10.465], [78.747, 10.451], [78.739, 10.449], [78.731, 10.471], [78.72, 10.485], [78.727, 10.484], [78.728, 10.479], [78.738, 10.478], [78.741, 10.482], [78.749, 10.479], [78.758, 10.489], [78.751, 10.494], [78.751, 10.508], [78.756, 10.518], [78.762, 10.521], [78.766, 10.535], [78.778, 10.539], [78.778, 10.544], [78.788, 10.545], [78.787, 10.554], [78.808, 10.556], [78.81, 10.569], [78.801, 10.574], [78.795, 10.575], [78.791, 10.57], [78.768, 10.574], [78.769, 10.585], [78.774, 10.584], [78.77, 10.591], [78.785, 10.606], [78.789, 10.605], [78.795, 10.593], [78.804, 10.602], [78.815, 10.6], [78.83, 10.609], [78.832, 10.619], [78.827, 10.632], [78.815, 10.641], [78.808, 10.636], [78.809, 10.646], [78.802, 10.644], [78.794, 10.653], [78.791, 10.649], [78.784, 10.649], [78.764, 10.655], [78.758, 10.653], [78.757, 10.644], [78.744, 10.643], [78.736, 10.677], [78.739, 10.684], [78.747, 10.687], [78.746, 10.699], [78.742, 10.7], [78.742, 10.708], [78.735, 10.715], [78.71, 10.722], [78.709, 10.733]]]}}, {"type": "Feature", "properties": {"id": "TN-180", "ac_no": 180, "name": "Pudukkottai", "district": "PUDUKKOTTAI", "pc": "TIRUCHIRAPPALLI"}, "geometry": {"type": "Polygon", "coordinates": [[[79.126, 10.437], [79.11, 10.446], [79.11, 10.462], [79.096, 10.472], [79.092, 10.468], [79.094, 10.462], [79.076, 10.465], [79.076, 10.459], [79.069, 10.459], [79.071, 10.453], [79.064, 10.453], [79.065, 10.429], [79.043, 10.429], [79.038, 10.454], [79.057, 10.472], [79.063, 10.49], [79.048, 10.502], [79.04, 10.519], [79.03, 10.528], [79.025, 10.541], [79.013, 10.546], [79.008, 10.554], [78.998, 10.556], [78.997, 10.569], [78.98, 10.537], [78.973, 10.547], [78.974, 10.558], [78.966, 10.561], [78.941, 10.56], [78.931, 10.532], [78.923, 10.528], [78.92, 10.515], [78.908, 10.514], [78.909, 10.518], [78.905, 10.519], [78.896, 10.511], [78.898, 10.504], [78.893, 10.495], [78.898, 10.492], [78.891, 10.49], [78.89, 10.484], [78.897, 10.479], [78.896, 10.474], [78.889, 10.472], [78.889, 10.46], [78.883, 10.466], [78.876, 10.457], [78.876, 10.449], [78.862, 10.441], [78.853, 10.44], [78.849, 10.454], [78.855, 10.461], [78.857, 10.478], [78.864, 10.493], [78.852, 10.505], [78.839, 10.498], [78.833, 10.502], [78.824, 10.497], [78.828, 10.49], [78.816, 10.475], [78.824, 10.469], [78.826, 10.457], [78.834, 10.452], [78.832, 10.44], [78.829, 10.445], [78.817, 10.442], [78.806, 10.444], [78.801, 10.42], [78.789, 10.414], [78.784, 10.416], [78.777, 10.412], [78.781, 10.408], [78.785, 10.41], [78.786, 10.404], [78.777, 10.397], [78.773, 10.383], [78.768, 10.379], [78.766, 10.357], [78.781, 10.352], [78.805, 10.332], [78.833, 10.33], [78.832, 10.339], [78.834, 10.341], [78.838, 10.338], [78.845, 10.354], [78.845, 10.36], [78.834, 10.366], [78.838, 10.374], [78.848, 10.367], [78.851, 10.37], [78.857, 10.369], [78.854, 10.379], [78.864, 10.38], [78.866, 10.386], [78.887, 10.376], [78.889, 10.38], [78.881, 10.392], [78.883, 10.395], [78.906, 10.397], [78.917, 10.402], [78.917, 10.408], [78.928, 10.408], [78.96, 10.393], [78.967, 10.396], [78.982, 10.38], [78.987, 10.391], [78.995, 10.392], [78.997, 10.399], [79.006, 10.4], [79.005, 10.413], [79.009, 10.414], [79.019, 10.403], [79.026, 10.404], [79.022, 10.401], [79.021, 10.386], [79.044, 10.382], [79.042, 10.37], [79.048, 10.379], [79.055, 10.38], [79.056, 10.366], [79.061, 10.372], [79.072, 10.369], [79.075, 10.377], [79.089, 10.374], [79.094, 10.367], [79.108, 10.376], [79.132, 10.375], [79.137, 10.382], [79.145, 10.382], [79.153, 10.4], [79.148, 10.41], [79.132, 10.424], [79.126, 10.437]]]}}, {"type": "Feature", "properties": {"id": "TN-181", "ac_no": 181, "name": "Thirumayam", "district": "PUDUKKOTTAI", "pc": "SIVAGANGA"}, "geometry": {"type": "Polygon", "coordinates": [[[78.584, 10.441], [78.577, 10.445], [78.564, 10.443], [78.561, 10.431], [78.564, 10.427], [78.552, 10.427], [78.552, 10.433], [78.522, 10.437], [78.516, 10.407], [78.528, 10.402], [78.53, 10.39], [78.524, 10.378], [78.512, 10.371], [78.506, 10.375], [78.505, 10.376], [78.497, 10.364], [78.497, 10.352], [78.51, 10.346], [78.521, 10.327], [78.515, 10.309], [78.518, 10.301], [78.512, 10.288], [78.517, 10.28], [78.511, 10.27], [78.514, 10.268], [78.492, 10.263], [78.473, 10.27], [78.453, 10.267], [78.448, 10.246], [78.465, 10.241], [78.475, 10.245], [78.482, 10.255], [78.486, 10.252], [78.479, 10.243], [78.487, 10.237], [78.487, 10.232], [78.473, 10.22], [78.47, 10.204], [78.476, 10.203], [78.485, 10.192], [78.496, 10.192], [78.498, 10.188], [78.516, 10.19], [78.514, 10.217], [78.519, 10.237], [78.528, 10.238], [78.53, 10.25], [78.539, 10.258], [78.541, 10.253], [78.553, 10.249], [78.555, 10.255], [78.562, 10.253], [78.565, 10.258], [78.572, 10.258], [78.577, 10.266], [78.57, 10.281], [78.578, 10.287], [78.611, 10.271], [78.636, 10.27], [78.652, 10.254], [78.641, 10.241], [78.65, 10.237], [78.647, 10.226], [78.653, 10.219], [78.673, 10.205], [78.664, 10.18], [78.67, 10.176], [78.668, 10.154], [78.677, 10.148], [78.691, 10.147], [78.708, 10.176], [78.727, 10.17], [78.728, 10.161], [78.737, 10.159], [78.747, 10.164], [78.767, 10.164], [78.77, 10.167], [78.765, 10.174], [78.765, 10.193], [78.769, 10.199], [78.81, 10.213], [78.823, 10.198], [78.814, 10.167], [78.819, 10.16], [78.83, 10.155], [78.832, 10.149], [78.833, 10.139], [78.848, 10.137], [78.848, 10.126], [78.857, 10.126], [78.862, 10.127], [78.866, 10.136], [78.871, 10.137], [78.882, 10.155], [78.887, 10.149], [78.897, 10.148], [78.902, 10.152], [78.9, 10.157], [78.908, 10.149], [78.913, 10.145], [78.912, 10.13], [78.924, 10.123], [78.93, 10.128], [78.961, 10.126], [78.963, 10.131], [78.955, 10.133], [78.959, 10.141], [78.942, 10.139], [78.945, 10.153], [78.93, 10.159], [78.935, 10.167], [78.928, 10.173], [78.918, 10.174], [78.919, 10.18], [78.924, 10.18], [78.933, 10.194], [78.928, 10.225], [78.911, 10.242], [78.914, 10.249], [78.908, 10.248], [78.91, 10.253], [78.89, 10.288], [78.89, 10.294], [78.88, 10.303], [78.873, 10.303], [78.871, 10.299], [78.86, 10.303], [78.855, 10.313], [78.833, 10.33], [78.805, 10.332], [78.781, 10.352], [78.766, 10.357], [78.74, 10.362], [78.724, 10.347], [78.713, 10.346], [78.697, 10.364], [78.698, 10.375], [78.681, 10.372], [78.676, 10.376], [78.674, 10.387], [78.664, 10.396], [78.664, 10.409], [78.644, 10.411], [78.642, 10.407], [78.623, 10.419], [78.605, 10.424], [78.591, 10.423], [78.584, 10.441]]]}}, {"type": "Feature", "properties": {"id": "TN-182", "ac_no": 182, "name": "Alangudi", "district": "PUDUKKOTTAI", "pc": "SIVAGANGA"}, "geometry": {"type": "Polygon", "coordinates": [[[79.145, 10.382], [79.137, 10.382], [79.132, 10.375], [79.108, 10.376], [79.094, 10.367], [79.089, 10.374], [79.075, 10.377], [79.072, 10.369], [79.061, 10.372], [79.056, 10.366], [79.055, 10.38], [79.048, 10.379], [79.042, 10.37], [79.044, 10.382], [79.021, 10.386], [79.022, 10.401], [79.026, 10.404], [79.019, 10.403], [79.009, 10.414], [79.005, 10.413], [79.006, 10.4], [78.997, 10.399], [78.995, 10.392], [78.987, 10.391], [78.982, 10.38], [78.967, 10.396], [78.96, 10.393], [78.928, 10.408], [78.917, 10.408], [78.917, 10.402], [78.906, 10.397], [78.883, 10.395], [78.881, 10.392], [78.889, 10.38], [78.887, 10.376], [78.866, 10.386], [78.864, 10.38], [78.854, 10.379], [78.857, 10.369], [78.851, 10.37], [78.848, 10.367], [78.838, 10.374], [78.834, 10.366], [78.845, 10.36], [78.845, 10.354], [78.838, 10.338], [78.834, 10.341], [78.832, 10.339], [78.833, 10.33], [78.855, 10.313], [78.86, 10.303], [78.871, 10.299], [78.873, 10.303], [78.88, 10.303], [78.89, 10.294], [78.89, 10.288], [78.91, 10.253], [78.908, 10.248], [78.914, 10.249], [78.911, 10.242], [78.928, 10.225], [78.933, 10.194], [78.939, 10.187], [78.955, 10.192], [78.979, 10.183], [78.989, 10.211], [78.998, 10.208], [79.006, 10.21], [79.026, 10.203], [79.038, 10.194], [79.053, 10.194], [79.057, 10.181], [79.074, 10.176], [79.072, 10.186], [79.081, 10.192], [79.088, 10.187], [79.107, 10.187], [79.112, 10.19], [79.124, 10.187], [79.125, 10.195], [79.132, 10.199], [79.152, 10.192], [79.152, 10.199], [79.163, 10.206], [79.175, 10.199], [79.176, 10.203], [79.184, 10.201], [79.187, 10.207], [79.181, 10.211], [79.177, 10.22], [79.179, 10.224], [79.155, 10.229], [79.15, 10.236], [79.136, 10.236], [79.134, 10.23], [79.117, 10.234], [79.118, 10.251], [79.13, 10.253], [79.134, 10.264], [79.127, 10.277], [79.129, 10.281], [79.12, 10.288], [79.118, 10.303], [79.134, 10.326], [79.13, 10.331], [79.118, 10.326], [79.118, 10.331], [79.124, 10.337], [79.133, 10.335], [79.143, 10.346], [79.148, 10.344], [79.147, 10.355], [79.15, 10.357], [79.144, 10.365], [79.148, 10.376], [79.145, 10.382]]]}}, {"type": "Feature", "properties": {"id": "TN-183", "ac_no": 183, "name": "Aranthangi", "district": "PUDUKKOTTAI", "pc": "RAMANATHAPURAM"}, "geometry": {"type": "Polygon", "coordinates": [[[79.152, 10.192], [79.132, 10.199], [79.125, 10.195], [79.124, 10.187], [79.112, 10.19], [79.107, 10.187], [79.088, 10.187], [79.081, 10.192], [79.072, 10.186], [79.074, 10.176], [79.057, 10.181], [79.053, 10.194], [79.038, 10.194], [79.026, 10.203], [79.006, 10.21], [78.998, 10.208], [78.989, 10.211], [78.979, 10.183], [78.955, 10.192], [78.939, 10.187], [78.933, 10.194], [78.924, 10.18], [78.919, 10.18], [78.918, 10.174], [78.928, 10.173], [78.935, 10.167], [78.93, 10.159], [78.945, 10.153], [78.942, 10.139], [78.959, 10.141], [78.955, 10.133], [78.963, 10.131], [78.961, 10.126], [78.93, 10.128], [78.924, 10.123], [78.929, 10.121], [78.929, 10.115], [78.937, 10.116], [78.942, 10.11], [78.941, 10.114], [78.948, 10.106], [78.95, 10.115], [78.959, 10.114], [78.966, 10.128], [78.977, 10.11], [78.977, 10.102], [78.982, 10.1], [78.987, 10.09], [78.983, 10.085], [78.978, 10.087], [78.977, 10.081], [78.971, 10.083], [78.963, 10.095], [78.95, 10.09], [78.946, 10.079], [78.934, 10.072], [78.944, 10.056], [78.938, 10.057], [78.924, 10.043], [78.932, 10.039], [78.93, 10.022], [78.952, 10.008], [78.965, 10.007], [78.974, 10.0], [78.972, 9.992], [78.982, 9.99], [78.994, 9.996], [79.003, 9.987], [79.01, 9.99], [79.016, 9.981], [79.003, 9.979], [78.998, 9.965], [79.001, 9.964], [79.002, 9.955], [78.989, 9.952], [78.99, 9.947], [79.015, 9.904], [79.022, 9.903], [79.031, 9.894], [79.045, 9.861], [79.061, 9.86], [79.069, 9.852], [79.089, 9.858], [79.099, 9.857], [79.113, 9.847], [79.124, 9.865], [79.118, 9.867], [79.119, 9.877], [79.129, 9.895], [79.151, 9.916], [79.154, 9.93], [79.198, 9.973], [79.216, 9.997], [79.215, 10.0], [79.216, 9.998], [79.244, 10.027], [79.266, 10.039], [79.255, 10.045], [79.252, 10.066], [79.246, 10.074], [79.237, 10.077], [79.228, 10.09], [79.226, 10.101], [79.23, 10.118], [79.227, 10.119], [79.236, 10.128], [79.227, 10.137], [79.207, 10.137], [79.205, 10.158], [79.196, 10.157], [79.197, 10.162], [79.179, 10.158], [79.163, 10.163], [79.166, 10.159], [79.16, 10.157], [79.152, 10.16], [79.151, 10.168], [79.158, 10.175], [79.158, 10.183], [79.152, 10.192]]]}}, {"type": "Feature", "properties": {"id": "TN-184", "ac_no": 184, "name": "Karaikudi", "district": "SIVAGANGA", "pc": "SIVAGANGA"}, "geometry": {"type": "Polygon", "coordinates": [[[78.924, 10.123], [78.912, 10.13], [78.913, 10.145], [78.908, 10.149], [78.9, 10.157], [78.902, 10.152], [78.897, 10.148], [78.887, 10.149], [78.882, 10.155], [78.871, 10.137], [78.866, 10.136], [78.862, 10.127], [78.857, 10.126], [78.848, 10.126], [78.848, 10.137], [78.833, 10.139], [78.832, 10.149], [78.829, 10.13], [78.831, 10.12], [78.836, 10.119], [78.832, 10.085], [78.801, 10.088], [78.795, 10.083], [78.801, 10.078], [78.765, 10.042], [78.748, 10.063], [78.732, 10.065], [78.73, 10.058], [78.733, 10.05], [78.728, 10.032], [78.738, 10.03], [78.754, 10.008], [78.772, 9.999], [78.765, 9.991], [78.759, 9.967], [78.747, 9.968], [78.751, 9.959], [78.738, 9.953], [78.748, 9.945], [78.737, 9.945], [78.732, 9.941], [78.723, 9.922], [78.693, 9.92], [78.713, 9.903], [78.714, 9.893], [78.705, 9.87], [78.719, 9.872], [78.724, 9.869], [78.72, 9.86], [78.711, 9.861], [78.718, 9.855], [78.718, 9.85], [78.709, 9.836], [78.717, 9.83], [78.721, 9.843], [78.728, 9.832], [78.719, 9.819], [78.708, 9.812], [78.707, 9.8], [78.719, 9.8], [78.726, 9.795], [78.735, 9.77], [78.728, 9.754], [78.738, 9.753], [78.769, 9.779], [78.772, 9.773], [78.776, 9.774], [78.781, 9.801], [78.796, 9.784], [78.838, 9.777], [78.815, 9.742], [78.828, 9.723], [78.831, 9.733], [78.848, 9.742], [78.857, 9.756], [78.888, 9.758], [78.899, 9.785], [78.898, 9.791], [78.883, 9.801], [78.883, 9.819], [78.872, 9.863], [78.876, 9.874], [78.882, 9.883], [78.903, 9.881], [78.902, 9.902], [78.923, 9.923], [78.956, 9.923], [78.967, 9.938], [78.989, 9.947], [78.99, 9.947], [78.989, 9.952], [79.002, 9.955], [79.001, 9.964], [78.998, 9.965], [79.003, 9.979], [79.016, 9.981], [79.01, 9.99], [79.003, 9.987], [78.994, 9.996], [78.982, 9.99], [78.972, 9.992], [78.974, 10.0], [78.965, 10.007], [78.952, 10.008], [78.93, 10.022], [78.932, 10.039], [78.924, 10.043], [78.938, 10.057], [78.944, 10.056], [78.934, 10.072], [78.946, 10.079], [78.95, 10.09], [78.963, 10.095], [78.971, 10.083], [78.977, 10.081], [78.978, 10.087], [78.983, 10.085], [78.987, 10.09], [78.982, 10.1], [78.977, 10.102], [78.977, 10.11], [78.966, 10.128], [78.959, 10.114], [78.95, 10.115], [78.948, 10.106], [78.941, 10.114], [78.942, 10.11], [78.937, 10.116], [78.929, 10.115], [78.929, 10.121], [78.924, 10.123]]]}}, {"type": "Feature", "properties": {"id": "TN-185", "ac_no": 185, "name": "Tiruppattur", "district": "SIVAGANGA", "pc": "SIVAGANGA"}, "geometry": {"type": "Polygon", "coordinates": [[[78.505, 10.376], [78.506, 10.389], [78.496, 10.388], [78.491, 10.389], [78.491, 10.396], [78.464, 10.407], [78.445, 10.408], [78.438, 10.384], [78.449, 10.375], [78.436, 10.363], [78.415, 10.363], [78.408, 10.358], [78.392, 10.354], [78.394, 10.349], [78.404, 10.343], [78.392, 10.318], [78.378, 10.31], [78.38, 10.306], [78.39, 10.302], [78.386, 10.29], [78.381, 10.293], [78.386, 10.271], [78.403, 10.276], [78.424, 10.271], [78.425, 10.259], [78.41, 10.257], [78.405, 10.25], [78.396, 10.249], [78.392, 10.242], [78.398, 10.226], [78.408, 10.224], [78.412, 10.213], [78.394, 10.174], [78.399, 10.166], [78.413, 10.161], [78.402, 10.139], [78.417, 10.132], [78.425, 10.134], [78.427, 10.123], [78.432, 10.135], [78.452, 10.119], [78.459, 10.125], [78.474, 10.121], [78.471, 10.109], [78.457, 10.1], [78.461, 10.07], [78.456, 10.071], [78.451, 10.061], [78.437, 10.06], [78.428, 10.054], [78.431, 10.037], [78.44, 10.036], [78.448, 10.028], [78.445, 10.025], [78.448, 10.025], [78.455, 10.034], [78.459, 10.034], [78.458, 10.038], [78.48, 10.037], [78.484, 10.03], [78.497, 10.024], [78.501, 10.027], [78.516, 10.024], [78.516, 10.033], [78.521, 10.033], [78.53, 10.002], [78.542, 10.023], [78.561, 10.03], [78.564, 10.035], [78.577, 10.038], [78.58, 10.034], [78.59, 10.038], [78.592, 10.032], [78.603, 10.027], [78.619, 10.029], [78.621, 10.022], [78.617, 10.024], [78.617, 10.017], [78.62, 10.015], [78.646, 10.015], [78.649, 10.009], [78.676, 10.01], [78.682, 10.006], [78.688, 10.032], [78.709, 10.045], [78.71, 10.057], [78.726, 10.057], [78.73, 10.058], [78.732, 10.065], [78.748, 10.063], [78.765, 10.042], [78.801, 10.078], [78.795, 10.083], [78.801, 10.088], [78.832, 10.085], [78.836, 10.119], [78.831, 10.12], [78.829, 10.13], [78.832, 10.149], [78.83, 10.155], [78.819, 10.16], [78.814, 10.167], [78.823, 10.198], [78.81, 10.213], [78.769, 10.199], [78.765, 10.193], [78.765, 10.174], [78.77, 10.167], [78.767, 10.164], [78.747, 10.164], [78.737, 10.159], [78.728, 10.161], [78.727, 10.17], [78.708, 10.176], [78.691, 10.147], [78.677, 10.148], [78.668, 10.154], [78.67, 10.176], [78.664, 10.18], [78.673, 10.205], [78.653, 10.219], [78.647, 10.226], [78.65, 10.237], [78.641, 10.241], [78.652, 10.254], [78.636, 10.27], [78.611, 10.271], [78.578, 10.287], [78.57, 10.281], [78.577, 10.266], [78.572, 10.258], [78.565, 10.258], [78.562, 10.253], [78.555, 10.255], [78.553, 10.249], [78.541, 10.253], [78.539, 10.258], [78.53, 10.25], [78.528, 10.238], [78.519, 10.237], [78.514, 10.217], [78.516, 10.19], [78.498, 10.188], [78.496, 10.192], [78.485, 10.192], [78.476, 10.203], [78.47, 10.204], [78.473, 10.22], [78.487, 10.232], [78.487, 10.237], [78.479, 10.243], [78.486, 10.252], [78.482, 10.255], [78.475, 10.245], [78.465, 10.241], [78.448, 10.246], [78.453, 10.267], [78.473, 10.27], [78.492, 10.263], [78.514, 10.268], [78.511, 10.27], [78.517, 10.28], [78.512, 10.288], [78.518, 10.301], [78.515, 10.309], [78.521, 10.327], [78.51, 10.346], [78.497, 10.352], [78.497, 10.364], [78.505, 10.376]]]}}, {"type": "Feature", "properties": {"id": "TN-186", "ac_no": 186, "name": "Sivaganga", "district": "SIVAGANGA", "pc": "SIVAGANGA"}, "geometry": {"type": "Polygon", "coordinates": [[[78.73, 10.058], [78.726, 10.057], [78.71, 10.057], [78.709, 10.045], [78.688, 10.032], [78.682, 10.006], [78.676, 10.01], [78.649, 10.009], [78.646, 10.015], [78.62, 10.015], [78.617, 10.017], [78.617, 10.024], [78.621, 10.022], [78.619, 10.029], [78.603, 10.027], [78.592, 10.032], [78.59, 10.038], [78.58, 10.034], [78.577, 10.038], [78.564, 10.035], [78.561, 10.03], [78.542, 10.023], [78.53, 10.002], [78.521, 10.033], [78.516, 10.033], [78.516, 10.024], [78.501, 10.027], [78.497, 10.024], [78.484, 10.03], [78.48, 10.037], [78.458, 10.038], [78.459, 10.034], [78.455, 10.034], [78.448, 10.025], [78.458, 10.011], [78.457, 9.992], [78.45, 9.992], [78.448, 9.986], [78.455, 9.98], [78.456, 9.969], [78.39, 9.953], [78.372, 9.962], [78.369, 9.949], [78.371, 9.935], [78.346, 9.94], [78.315, 9.923], [78.311, 9.899], [78.315, 9.883], [78.309, 9.865], [78.294, 9.862], [78.286, 9.87], [78.277, 9.87], [78.25, 9.874], [78.255, 9.864], [78.267, 9.856], [78.267, 9.85], [78.282, 9.847], [78.286, 9.84], [78.297, 9.844], [78.292, 9.828], [78.294, 9.825], [78.324, 9.827], [78.321, 9.84], [78.345, 9.839], [78.35, 9.825], [78.363, 9.82], [78.367, 9.811], [78.352, 9.794], [78.37, 9.786], [78.37, 9.776], [78.378, 9.774], [78.379, 9.766], [78.397, 9.75], [78.415, 9.757], [78.42, 9.747], [78.424, 9.747], [78.428, 9.757], [78.434, 9.755], [78.44, 9.747], [78.462, 9.775], [78.484, 9.774], [78.496, 9.733], [78.516, 9.723], [78.534, 9.732], [78.541, 9.722], [78.526, 9.71], [78.525, 9.698], [78.517, 9.698], [78.504, 9.689], [78.521, 9.68], [78.536, 9.655], [78.548, 9.671], [78.569, 9.677], [78.572, 9.689], [78.591, 9.69], [78.593, 9.706], [78.582, 9.708], [78.592, 9.709], [78.602, 9.718], [78.606, 9.719], [78.606, 9.714], [78.622, 9.705], [78.63, 9.708], [78.628, 9.713], [78.633, 9.718], [78.642, 9.719], [78.646, 9.717], [78.642, 9.715], [78.651, 9.709], [78.657, 9.713], [78.669, 9.707], [78.663, 9.7], [78.669, 9.684], [78.681, 9.679], [78.696, 9.68], [78.702, 9.696], [78.714, 9.698], [78.723, 9.711], [78.745, 9.71], [78.747, 9.706], [78.751, 9.715], [78.747, 9.737], [78.738, 9.753], [78.728, 9.754], [78.735, 9.77], [78.726, 9.795], [78.719, 9.8], [78.707, 9.8], [78.708, 9.812], [78.719, 9.819], [78.728, 9.832], [78.721, 9.843], [78.717, 9.83], [78.709, 9.836], [78.718, 9.85], [78.718, 9.855], [78.711, 9.861], [78.72, 9.86], [78.724, 9.869], [78.719, 9.872], [78.705, 9.87], [78.714, 9.893], [78.713, 9.903], [78.693, 9.92], [78.723, 9.922], [78.732, 9.941], [78.737, 9.945], [78.748, 9.945], [78.738, 9.953], [78.751, 9.959], [78.747, 9.968], [78.759, 9.967], [78.765, 9.991], [78.772, 9.999], [78.754, 10.008], [78.738, 10.03], [78.728, 10.032], [78.733, 10.05], [78.73, 10.058]]]}}, {"type": "Feature", "properties": {"id": "TN-187", "ac_no": 187, "name": "Manamadurai(SC)", "district": "SIVAGANGA", "pc": "SIVAGANGA"}, "geometry": {"type": "Polygon", "coordinates": [[[78.201, 9.873], [78.198, 9.869], [78.188, 9.872], [78.181, 9.868], [78.169, 9.875], [78.152, 9.874], [78.151, 9.852], [78.138, 9.856], [78.124, 9.855], [78.125, 9.843], [78.132, 9.833], [78.132, 9.82], [78.128, 9.814], [78.143, 9.812], [78.153, 9.822], [78.152, 9.828], [78.169, 9.831], [78.194, 9.807], [78.183, 9.793], [78.176, 9.772], [78.173, 9.776], [78.16, 9.775], [78.162, 9.782], [78.168, 9.783], [78.172, 9.797], [78.141, 9.809], [78.139, 9.8], [78.146, 9.794], [78.144, 9.784], [78.15, 9.782], [78.149, 9.775], [78.156, 9.766], [78.165, 9.765], [78.164, 9.754], [78.171, 9.749], [78.197, 9.768], [78.204, 9.764], [78.21, 9.783], [78.239, 9.757], [78.26, 9.762], [78.274, 9.754], [78.296, 9.762], [78.3, 9.755], [78.288, 9.72], [78.294, 9.712], [78.338, 9.704], [78.327, 9.697], [78.341, 9.684], [78.343, 9.674], [78.334, 9.669], [78.338, 9.664], [78.345, 9.66], [78.35, 9.666], [78.357, 9.658], [78.374, 9.659], [78.392, 9.651], [78.388, 9.633], [78.414, 9.619], [78.417, 9.597], [78.424, 9.596], [78.441, 9.618], [78.45, 9.62], [78.457, 9.616], [78.463, 9.623], [78.464, 9.617], [78.475, 9.613], [78.502, 9.61], [78.499, 9.598], [78.515, 9.583], [78.526, 9.581], [78.542, 9.584], [78.55, 9.578], [78.563, 9.576], [78.596, 9.556], [78.607, 9.553], [78.616, 9.537], [78.66, 9.52], [78.652, 9.545], [78.68, 9.562], [78.683, 9.576], [78.677, 9.6], [78.716, 9.597], [78.727, 9.589], [78.744, 9.585], [78.744, 9.578], [78.819, 9.595], [78.822, 9.617], [78.798, 9.621], [78.794, 9.624], [78.794, 9.632], [78.787, 9.634], [78.794, 9.636], [78.794, 9.642], [78.784, 9.653], [78.787, 9.662], [78.795, 9.665], [78.795, 9.671], [78.79, 9.672], [78.795, 9.68], [78.789, 9.681], [78.797, 9.686], [78.799, 9.697], [78.793, 9.698], [78.798, 9.703], [78.783, 9.71], [78.78, 9.719], [78.751, 9.715], [78.747, 9.706], [78.745, 9.71], [78.723, 9.711], [78.714, 9.698], [78.702, 9.696], [78.696, 9.68], [78.681, 9.679], [78.669, 9.684], [78.663, 9.7], [78.669, 9.707], [78.657, 9.713], [78.651, 9.709], [78.642, 9.715], [78.646, 9.717], [78.642, 9.719], [78.633, 9.718], [78.628, 9.713], [78.63, 9.708], [78.622, 9.705], [78.606, 9.714], [78.606, 9.719], [78.602, 9.718], [78.592, 9.709], [78.582, 9.708], [78.593, 9.706], [78.591, 9.69], [78.572, 9.689], [78.569, 9.677], [78.548, 9.671], [78.536, 9.655], [78.521, 9.68], [78.504, 9.689], [78.517, 9.698], [78.525, 9.698], [78.526, 9.71], [78.541, 9.722], [78.534, 9.732], [78.516, 9.723], [78.496, 9.733], [78.484, 9.774], [78.462, 9.775], [78.44, 9.747], [78.434, 9.755], [78.428, 9.757], [78.424, 9.747], [78.42, 9.747], [78.415, 9.757], [78.397, 9.75], [78.379, 9.766], [78.378, 9.774], [78.37, 9.776], [78.37, 9.786], [78.352, 9.794], [78.367, 9.811], [78.363, 9.82], [78.35, 9.825], [78.345, 9.839], [78.321, 9.84], [78.324, 9.827], [78.294, 9.825], [78.292, 9.828], [78.297, 9.844], [78.286, 9.84], [78.282, 9.847], [78.267, 9.85], [78.261, 9.848], [78.258, 9.835], [78.254, 9.834], [78.243, 9.851], [78.249, 9.86], [78.228, 9.865], [78.225, 9.861], [78.21, 9.873], [78.201, 9.873]]]}}, {"type": "Feature", "properties": {"id": "TN-188", "ac_no": 188, "name": "Melur", "district": "MADURAI", "pc": "MADURAI"}, "geometry": {"type": "Polygon", "coordinates": [[[78.378, 10.31], [78.371, 10.309], [78.374, 10.3], [78.367, 10.301], [78.363, 10.294], [78.333, 10.301], [78.329, 10.298], [78.338, 10.298], [78.335, 10.294], [78.337, 10.289], [78.33, 10.289], [78.325, 10.284], [78.33, 10.278], [78.328, 10.256], [78.332, 10.255], [78.326, 10.24], [78.328, 10.227], [78.294, 10.192], [78.285, 10.191], [78.255, 10.165], [78.257, 10.158], [78.28, 10.167], [78.282, 10.157], [78.284, 10.164], [78.288, 10.159], [78.282, 10.152], [78.28, 10.13], [78.27, 10.129], [78.272, 10.117], [78.261, 10.104], [78.262, 10.095], [78.258, 10.088], [78.244, 10.084], [78.237, 10.077], [78.211, 10.075], [78.208, 10.066], [78.213, 10.063], [78.209, 10.057], [78.226, 10.056], [78.241, 10.049], [78.241, 10.045], [78.27, 10.039], [78.258, 10.022], [78.258, 10.012], [78.252, 10.013], [78.245, 10.005], [78.246, 10.016], [78.228, 10.002], [78.242, 9.978], [78.248, 9.974], [78.258, 9.978], [78.264, 9.966], [78.268, 9.966], [78.268, 9.959], [78.264, 9.958], [78.267, 9.948], [78.264, 9.939], [78.27, 9.934], [78.281, 9.937], [78.284, 9.954], [78.293, 9.945], [78.294, 9.938], [78.289, 9.937], [78.285, 9.925], [78.285, 9.919], [78.292, 9.925], [78.29, 9.911], [78.274, 9.908], [78.274, 9.901], [78.278, 9.9], [78.277, 9.87], [78.286, 9.87], [78.294, 9.862], [78.309, 9.865], [78.315, 9.883], [78.311, 9.899], [78.315, 9.923], [78.346, 9.94], [78.371, 9.935], [78.369, 9.949], [78.372, 9.962], [78.39, 9.953], [78.456, 9.969], [78.455, 9.98], [78.448, 9.986], [78.45, 9.992], [78.457, 9.992], [78.458, 10.011], [78.448, 10.025], [78.445, 10.025], [78.448, 10.028], [78.44, 10.036], [78.431, 10.037], [78.428, 10.054], [78.437, 10.06], [78.451, 10.061], [78.456, 10.071], [78.461, 10.07], [78.457, 10.1], [78.471, 10.109], [78.474, 10.121], [78.459, 10.125], [78.452, 10.119], [78.432, 10.135], [78.427, 10.123], [78.425, 10.134], [78.417, 10.132], [78.402, 10.139], [78.413, 10.161], [78.399, 10.166], [78.394, 10.174], [78.412, 10.213], [78.408, 10.224], [78.398, 10.226], [78.392, 10.242], [78.396, 10.249], [78.405, 10.25], [78.41, 10.257], [78.425, 10.259], [78.424, 10.271], [78.403, 10.276], [78.386, 10.271], [78.381, 10.293], [78.386, 10.29], [78.39, 10.302], [78.38, 10.306], [78.378, 10.31]]]}}, {"type": "Feature", "properties": {"id": "TN-189", "ac_no": 189, "name": "Madurai East", "district": "MADURAI", "pc": "MADURAI"}, "geometry": {"type": "Polygon", "coordinates": [[[78.17, 10.094], [78.163, 10.082], [78.154, 10.077], [78.146, 10.061], [78.124, 10.049], [78.124, 10.042], [78.133, 10.033], [78.125, 10.018], [78.106, 10.025], [78.106, 10.009], [78.1, 10.009], [78.103, 9.988], [78.099, 9.972], [78.102, 9.956], [78.114, 9.959], [78.117, 9.958], [78.117, 9.945], [78.128, 9.955], [78.14, 9.955], [78.139, 9.95], [78.143, 9.957], [78.158, 9.946], [78.15, 9.932], [78.152, 9.927], [78.164, 9.929], [78.161, 9.921], [78.166, 9.918], [78.149, 9.916], [78.159, 9.911], [78.174, 9.9], [78.189, 9.88], [78.201, 9.873], [78.21, 9.873], [78.225, 9.861], [78.228, 9.865], [78.249, 9.86], [78.243, 9.851], [78.254, 9.834], [78.258, 9.835], [78.261, 9.848], [78.267, 9.85], [78.267, 9.856], [78.255, 9.864], [78.25, 9.874], [78.277, 9.87], [78.278, 9.9], [78.274, 9.901], [78.274, 9.908], [78.29, 9.911], [78.292, 9.925], [78.285, 9.919], [78.285, 9.925], [78.289, 9.937], [78.294, 9.938], [78.293, 9.945], [78.284, 9.954], [78.281, 9.937], [78.27, 9.934], [78.264, 9.939], [78.267, 9.948], [78.264, 9.958], [78.268, 9.959], [78.268, 9.966], [78.264, 9.966], [78.258, 9.978], [78.248, 9.974], [78.242, 9.978], [78.228, 10.002], [78.246, 10.016], [78.245, 10.005], [78.252, 10.013], [78.258, 10.012], [78.258, 10.022], [78.27, 10.039], [78.241, 10.045], [78.241, 10.049], [78.226, 10.056], [78.209, 10.057], [78.213, 10.063], [78.208, 10.066], [78.203, 10.067], [78.201, 10.074], [78.204, 10.079], [78.17, 10.094]]]}}, {"type": "Feature", "properties": {"id": "TN-190", "ac_no": 190, "name": "Sholavandan(SC)", "district": "MADURAI", "pc": "THENI"}, "geometry": {"type": "Polygon", "coordinates": [[[78.17, 10.094], [78.175, 10.098], [78.156, 10.108], [78.165, 10.124], [78.164, 10.141], [78.151, 10.147], [78.158, 10.15], [78.157, 10.157], [78.142, 10.183], [78.12, 10.19], [78.106, 10.185], [78.072, 10.184], [78.071, 10.18], [78.029, 10.181], [78.018, 10.161], [77.999, 10.16], [77.978, 10.135], [77.966, 10.132], [77.96, 10.14], [77.954, 10.139], [77.947, 10.135], [77.954, 10.134], [77.954, 10.13], [77.936, 10.108], [77.937, 10.097], [77.947, 10.092], [77.919, 10.084], [77.919, 10.076], [77.91, 10.077], [77.905, 10.071], [77.894, 10.073], [77.875, 10.062], [77.876, 10.06], [77.896, 10.028], [77.923, 10.012], [77.952, 9.984], [77.951, 9.977], [77.982, 9.966], [77.982, 9.968], [77.99, 9.984], [78.006, 9.984], [78.074, 9.951], [78.069, 9.978], [78.079, 9.98], [78.099, 9.972], [78.103, 9.988], [78.1, 10.009], [78.106, 10.009], [78.106, 10.025], [78.125, 10.018], [78.133, 10.033], [78.124, 10.042], [78.124, 10.049], [78.146, 10.061], [78.154, 10.077], [78.163, 10.082], [78.17, 10.094]]]}}, {"type": "Feature", "properties": {"id": "TN-191", "ac_no": 191, "name": "Madurai North", "district": "MADURAI", "pc": "MADURAI"}, "geometry": {"type": "Polygon", "coordinates": [[[78.149, 9.916], [78.166, 9.918], [78.161, 9.921], [78.164, 9.929], [78.152, 9.927], [78.15, 9.932], [78.158, 9.946], [78.143, 9.957], [78.139, 9.95], [78.14, 9.955], [78.128, 9.955], [78.117, 9.945], [78.117, 9.958], [78.114, 9.959], [78.102, 9.956], [78.102, 9.943], [78.122, 9.93], [78.149, 9.916]]]}}, {"type": "Feature", "properties": {"id": "TN-192", "ac_no": 192, "name": "Madurai South", "district": "MADURAI", "pc": "MADURAI"}, "geometry": {"type": "Polygon", "coordinates": [[[78.149, 9.916], [78.122, 9.93], [78.116, 9.924], [78.115, 9.903], [78.143, 9.899], [78.146, 9.903], [78.153, 9.901], [78.159, 9.911], [78.149, 9.916]]]}}, {"type": "Feature", "properties": {"id": "TN-193", "ac_no": 193, "name": "Madurai Central", "district": "MADURAI", "pc": "MADURAI"}, "geometry": {"type": "Polygon", "coordinates": [[[78.122, 9.93], [78.102, 9.943], [78.094, 9.94], [78.095, 9.91], [78.115, 9.903], [78.115, 9.903], [78.116, 9.924], [78.122, 9.93]]]}}, {"type": "Feature", "properties": {"id": "TN-194", "ac_no": 194, "name": "Madurai West", "district": "MADURAI", "pc": "MADURAI"}, "geometry": {"type": "Polygon", "coordinates": [[[77.982, 9.968], [78.008, 9.955], [78.006, 9.951], [78.041, 9.937], [78.042, 9.928], [78.049, 9.928], [78.055, 9.934], [78.052, 9.925], [78.064, 9.919], [78.068, 9.899], [78.089, 9.898], [78.089, 9.887], [78.097, 9.887], [78.099, 9.894], [78.107, 9.895], [78.115, 9.903], [78.095, 9.91], [78.094, 9.94], [78.102, 9.943], [78.102, 9.956], [78.099, 9.972], [78.079, 9.98], [78.069, 9.978], [78.074, 9.951], [78.006, 9.984], [77.99, 9.984], [77.982, 9.968]]]}}, {"type": "Feature", "properties": {"id": "TN-195", "ac_no": 195, "name": "Thiruparankundram", "district": "MADURAI", "pc": "VIRUDHUNAGAR"}, "geometry": {"type": "Polygon", "coordinates": [[[78.115, 9.903], [78.107, 9.895], [78.099, 9.894], [78.097, 9.887], [78.089, 9.887], [78.089, 9.898], [78.068, 9.899], [78.064, 9.919], [78.052, 9.925], [78.055, 9.934], [78.049, 9.928], [78.042, 9.928], [78.041, 9.937], [78.006, 9.951], [77.997, 9.935], [78.005, 9.926], [77.996, 9.919], [77.991, 9.904], [77.997, 9.9], [77.996, 9.886], [78.009, 9.883], [78.006, 9.876], [78.02, 9.872], [78.017, 9.864], [78.022, 9.849], [78.033, 9.852], [78.04, 9.846], [78.035, 9.827], [78.049, 9.817], [78.047, 9.796], [78.063, 9.791], [78.063, 9.772], [78.084, 9.768], [78.084, 9.758], [78.101, 9.755], [78.104, 9.765], [78.104, 9.768], [78.088, 9.776], [78.088, 9.78], [78.097, 9.779], [78.107, 9.786], [78.126, 9.771], [78.125, 9.766], [78.137, 9.762], [78.139, 9.78], [78.144, 9.784], [78.146, 9.794], [78.139, 9.8], [78.141, 9.809], [78.172, 9.797], [78.168, 9.783], [78.162, 9.782], [78.16, 9.775], [78.173, 9.776], [78.176, 9.772], [78.183, 9.793], [78.194, 9.807], [78.169, 9.831], [78.152, 9.828], [78.153, 9.822], [78.143, 9.812], [78.128, 9.814], [78.132, 9.82], [78.132, 9.833], [78.125, 9.843], [78.124, 9.855], [78.138, 9.856], [78.151, 9.852], [78.152, 9.874], [78.169, 9.875], [78.181, 9.868], [78.188, 9.872], [78.198, 9.869], [78.201, 9.873], [78.189, 9.88], [78.174, 9.9], [78.159, 9.911], [78.153, 9.901], [78.146, 9.903], [78.143, 9.899], [78.115, 9.903], [78.115, 9.903]]]}}, {"type": "Feature", "properties": {"id": "TN-196", "ac_no": 196, "name": "Thirumangalam", "district": "MADURAI", "pc": "VIRUDHUNAGAR"}, "geometry": {"type": "Polygon", "coordinates": [[[77.982, 9.968], [77.982, 9.966], [77.981, 9.952], [77.969, 9.96], [77.961, 9.958], [77.953, 9.936], [77.964, 9.929], [77.966, 9.917], [77.951, 9.91], [77.949, 9.904], [77.918, 9.912], [77.888, 9.912], [77.884, 9.904], [77.89, 9.887], [77.877, 9.876], [77.876, 9.863], [77.871, 9.862], [77.87, 9.855], [77.86, 9.856], [77.853, 9.842], [77.842, 9.837], [77.848, 9.827], [77.854, 9.827], [77.86, 9.822], [77.86, 9.815], [77.82, 9.816], [77.815, 9.812], [77.813, 9.783], [77.809, 9.778], [77.8, 9.78], [77.798, 9.773], [77.776, 9.769], [77.771, 9.754], [77.746, 9.732], [77.74, 9.742], [77.727, 9.744], [77.703, 9.716], [77.703, 9.71], [77.71, 9.705], [77.726, 9.693], [77.734, 9.693], [77.755, 9.682], [77.761, 9.683], [77.77, 9.665], [77.764, 9.661], [77.774, 9.641], [77.79, 9.639], [77.794, 9.649], [77.806, 9.642], [77.842, 9.636], [77.845, 9.651], [77.862, 9.649], [77.889, 9.642], [77.892, 9.631], [77.9, 9.626], [77.91, 9.638], [77.921, 9.638], [77.923, 9.647], [77.933, 9.65], [77.962, 9.646], [77.964, 9.634], [77.973, 9.63], [77.985, 9.635], [77.991, 9.642], [77.995, 9.641], [78.001, 9.65], [78.006, 9.648], [78.004, 9.642], [78.01, 9.64], [78.014, 9.639], [78.025, 9.66], [78.03, 9.659], [78.039, 9.678], [78.061, 9.671], [78.059, 9.661], [78.077, 9.66], [78.082, 9.663], [78.08, 9.674], [78.085, 9.675], [78.088, 9.683], [78.083, 9.687], [78.085, 9.691], [78.077, 9.696], [78.08, 9.708], [78.068, 9.724], [78.072, 9.735], [78.062, 9.741], [78.068, 9.753], [78.079, 9.748], [78.084, 9.758], [78.084, 9.768], [78.063, 9.772], [78.063, 9.791], [78.047, 9.796], [78.049, 9.817], [78.035, 9.827], [78.04, 9.846], [78.033, 9.852], [78.022, 9.849], [78.017, 9.864], [78.02, 9.872], [78.006, 9.876], [78.009, 9.883], [77.996, 9.886], [77.997, 9.9], [77.991, 9.904], [77.996, 9.919], [78.005, 9.926], [77.997, 9.935], [78.006, 9.951], [78.008, 9.955], [77.982, 9.968]]]}}, {"type": "Feature", "properties": {"id": "TN-197", "ac_no": 197, "name": "Usilampatti", "district": "MADURAI", "pc": "THENI"}, "geometry": {"type": "Polygon", "coordinates": [[[77.982, 9.966], [77.951, 9.977], [77.952, 9.984], [77.923, 10.012], [77.896, 10.028], [77.876, 10.06], [77.875, 10.062], [77.861, 10.075], [77.836, 10.074], [77.822, 10.067], [77.806, 10.068], [77.781, 10.051], [77.763, 10.056], [77.76, 10.046], [77.754, 10.047], [77.717, 10.018], [77.71, 10.02], [77.712, 10.026], [77.702, 10.014], [77.698, 10.017], [77.698, 9.983], [77.692, 9.969], [77.683, 9.969], [77.673, 9.963], [77.68, 9.933], [77.674, 9.923], [77.667, 9.913], [77.654, 9.919], [77.643, 9.886], [77.619, 9.858], [77.618, 9.838], [77.626, 9.835], [77.612, 9.799], [77.604, 9.791], [77.598, 9.774], [77.586, 9.769], [77.585, 9.762], [77.566, 9.748], [77.547, 9.706], [77.546, 9.696], [77.541, 9.695], [77.535, 9.675], [77.523, 9.66], [77.504, 9.65], [77.506, 9.639], [77.464, 9.58], [77.474, 9.572], [77.476, 9.563], [77.498, 9.576], [77.5, 9.597], [77.514, 9.611], [77.519, 9.636], [77.537, 9.66], [77.547, 9.659], [77.543, 9.645], [77.551, 9.644], [77.562, 9.66], [77.575, 9.665], [77.576, 9.669], [77.586, 9.667], [77.59, 9.679], [77.602, 9.687], [77.601, 9.691], [77.606, 9.696], [77.616, 9.696], [77.623, 9.702], [77.629, 9.705], [77.632, 9.701], [77.642, 9.706], [77.647, 9.701], [77.645, 9.698], [77.649, 9.699], [77.651, 9.683], [77.668, 9.678], [77.678, 9.683], [77.681, 9.676], [77.694, 9.693], [77.694, 9.697], [77.699, 9.699], [77.7, 9.692], [77.708, 9.691], [77.71, 9.705], [77.703, 9.71], [77.703, 9.716], [77.727, 9.744], [77.74, 9.742], [77.746, 9.732], [77.771, 9.754], [77.776, 9.769], [77.798, 9.773], [77.8, 9.78], [77.809, 9.778], [77.813, 9.783], [77.815, 9.812], [77.82, 9.816], [77.86, 9.815], [77.86, 9.822], [77.854, 9.827], [77.848, 9.827], [77.842, 9.837], [77.853, 9.842], [77.86, 9.856], [77.87, 9.855], [77.871, 9.862], [77.876, 9.863], [77.877, 9.876], [77.89, 9.887], [77.884, 9.904], [77.888, 9.912], [77.918, 9.912], [77.949, 9.904], [77.951, 9.91], [77.966, 9.917], [77.964, 9.929], [77.953, 9.936], [77.961, 9.958], [77.969, 9.96], [77.981, 9.952], [77.982, 9.966]]]}}, {"type": "Feature", "properties": {"id": "TN-198", "ac_no": 198, "name": "Andipatti", "district": "THENI  *", "pc": "THENI"}, "geometry": {"type": "Polygon", "coordinates": [[[77.701, 10.086], [77.681, 10.076], [77.66, 10.052], [77.639, 10.042], [77.628, 10.047], [77.604, 10.044], [77.59, 10.053], [77.559, 10.046], [77.546, 10.035], [77.546, 10.028], [77.537, 10.021], [77.534, 10.011], [77.519, 10.008], [77.513, 9.993], [77.513, 9.961], [77.51, 9.949], [77.51, 9.931], [77.514, 9.922], [77.512, 9.902], [77.5, 9.89], [77.496, 9.868], [77.485, 9.854], [77.47, 9.881], [77.453, 9.879], [77.453, 9.876], [77.432, 9.88], [77.431, 9.883], [77.424, 9.88], [77.424, 9.885], [77.417, 9.887], [77.412, 9.861], [77.403, 9.865], [77.402, 9.862], [77.395, 9.87], [77.381, 9.853], [77.368, 9.854], [77.369, 9.846], [77.353, 9.831], [77.343, 9.81], [77.357, 9.821], [77.359, 9.803], [77.355, 9.794], [77.361, 9.789], [77.368, 9.794], [77.37, 9.788], [77.365, 9.755], [77.358, 9.751], [77.356, 9.742], [77.368, 9.727], [77.362, 9.726], [77.358, 9.707], [77.343, 9.71], [77.342, 9.726], [77.329, 9.723], [77.324, 9.732], [77.317, 9.732], [77.308, 9.721], [77.3, 9.721], [77.298, 9.714], [77.291, 9.714], [77.25, 9.722], [77.247, 9.733], [77.223, 9.736], [77.224, 9.73], [77.219, 9.726], [77.204, 9.722], [77.206, 9.718], [77.202, 9.704], [77.207, 9.695], [77.194, 9.671], [77.187, 9.666], [77.188, 9.662], [77.181, 9.658], [77.179, 9.645], [77.174, 9.638], [77.176, 9.629], [77.169, 9.624], [77.166, 9.614], [77.168, 9.611], [77.188, 9.606], [77.198, 9.614], [77.209, 9.614], [77.21, 9.605], [77.221, 9.599], [77.235, 9.581], [77.243, 9.585], [77.253, 9.583], [77.269, 9.573], [77.29, 9.585], [77.29, 9.589], [77.304, 9.599], [77.318, 9.603], [77.322, 9.598], [77.33, 9.599], [77.324, 9.594], [77.325, 9.581], [77.34, 9.573], [77.355, 9.604], [77.361, 9.602], [77.366, 9.596], [77.358, 9.595], [77.355, 9.587], [77.36, 9.578], [77.35, 9.567], [77.353, 9.56], [77.361, 9.558], [77.366, 9.552], [77.366, 9.535], [77.385, 9.519], [77.4, 9.528], [77.402, 9.525], [77.428, 9.547], [77.455, 9.541], [77.473, 9.549], [77.478, 9.553], [77.476, 9.563], [77.474, 9.572], [77.464, 9.58], [77.506, 9.639], [77.504, 9.65], [77.523, 9.66], [77.535, 9.675], [77.541, 9.695], [77.546, 9.696], [77.547, 9.706], [77.566, 9.748], [77.585, 9.762], [77.586, 9.769], [77.598, 9.774], [77.604, 9.791], [77.612, 9.799], [77.626, 9.835], [77.618, 9.838], [77.619, 9.858], [77.643, 9.886], [77.654, 9.919], [77.667, 9.913], [77.674, 9.923], [77.68, 9.933], [77.673, 9.963], [77.683, 9.969], [77.692, 9.969], [77.698, 9.983], [77.698, 10.017], [77.702, 10.014], [77.712, 10.026], [77.712, 10.034], [77.706, 10.038], [77.712, 10.048], [77.708, 10.065], [77.709, 10.08], [77.701, 10.086]]]}}, {"type": "Feature", "properties": {"id": "TN-199", "ac_no": 199, "name": "Periyakulam", "district": "THENI  *", "pc": "THENI"}, "geometry": {"type": "Polygon", "coordinates": [[[77.702, 10.213], [77.696, 10.199], [77.681, 10.202], [77.664, 10.189], [77.645, 10.205], [77.632, 10.206], [77.622, 10.219], [77.604, 10.206], [77.596, 10.206], [77.603, 10.2], [77.598, 10.194], [77.592, 10.191], [77.589, 10.197], [77.57, 10.181], [77.567, 10.196], [77.556, 10.202], [77.55, 10.2], [77.548, 10.204], [77.546, 10.199], [77.551, 10.192], [77.544, 10.193], [77.546, 10.183], [77.538, 10.188], [77.537, 10.18], [77.523, 10.176], [77.528, 10.174], [77.512, 10.161], [77.5, 10.161], [77.488, 10.148], [77.483, 10.154], [77.481, 10.147], [77.468, 10.142], [77.466, 10.129], [77.47, 10.13], [77.475, 10.123], [77.479, 10.127], [77.491, 10.121], [77.498, 10.113], [77.5, 10.101], [77.486, 10.086], [77.48, 10.087], [77.48, 10.068], [77.467, 10.06], [77.455, 10.059], [77.459, 10.078], [77.456, 10.081], [77.421, 10.094], [77.421, 10.059], [77.432, 10.042], [77.45, 10.033], [77.448, 10.028], [77.486, 9.996], [77.513, 9.993], [77.519, 10.008], [77.534, 10.011], [77.537, 10.021], [77.546, 10.028], [77.546, 10.035], [77.559, 10.046], [77.59, 10.053], [77.604, 10.044], [77.628, 10.047], [77.639, 10.042], [77.66, 10.052], [77.681, 10.076], [77.701, 10.086], [77.697, 10.087], [77.702, 10.103], [77.697, 10.109], [77.669, 10.122], [77.669, 10.126], [77.675, 10.127], [77.676, 10.145], [77.692, 10.146], [77.697, 10.135], [77.708, 10.129], [77.716, 10.129], [77.722, 10.134], [77.729, 10.131], [77.724, 10.136], [77.724, 10.146], [77.729, 10.159], [77.712, 10.17], [77.701, 10.195], [77.71, 10.206], [77.706, 10.216], [77.702, 10.213]]]}}, {"type": "Feature", "properties": {"id": "TN-200", "ac_no": 200, "name": "Bodinayakanur", "district": "THENI  *", "pc": "THENI"}, "geometry": {"type": "Polygon", "coordinates": [[[77.466, 10.129], [77.465, 10.129], [77.452, 10.136], [77.438, 10.132], [77.428, 10.136], [77.411, 10.145], [77.409, 10.158], [77.395, 10.163], [77.385, 10.147], [77.372, 10.14], [77.361, 10.151], [77.341, 10.136], [77.329, 10.143], [77.324, 10.128], [77.313, 10.135], [77.302, 10.136], [77.29, 10.125], [77.284, 10.125], [77.283, 10.118], [77.266, 10.122], [77.239, 10.13], [77.23, 10.121], [77.216, 10.116], [77.207, 10.118], [77.201, 10.106], [77.205, 10.087], [77.232, 10.067], [77.262, 10.031], [77.262, 10.022], [77.254, 10.013], [77.265, 10.003], [77.261, 9.992], [77.267, 9.99], [77.264, 9.987], [77.272, 9.976], [77.273, 9.965], [77.261, 9.953], [77.268, 9.935], [77.3, 9.923], [77.305, 9.914], [77.319, 9.908], [77.323, 9.898], [77.339, 9.891], [77.344, 9.884], [77.341, 9.876], [77.33, 9.875], [77.33, 9.847], [77.332, 9.843], [77.348, 9.84], [77.353, 9.831], [77.369, 9.846], [77.368, 9.854], [77.381, 9.853], [77.395, 9.87], [77.402, 9.862], [77.403, 9.865], [77.412, 9.861], [77.417, 9.887], [77.424, 9.885], [77.424, 9.88], [77.431, 9.883], [77.432, 9.88], [77.453, 9.876], [77.453, 9.879], [77.47, 9.881], [77.485, 9.854], [77.496, 9.868], [77.5, 9.89], [77.512, 9.902], [77.514, 9.922], [77.51, 9.931], [77.51, 9.949], [77.513, 9.961], [77.513, 9.993], [77.486, 9.996], [77.448, 10.028], [77.45, 10.033], [77.432, 10.042], [77.421, 10.059], [77.421, 10.094], [77.456, 10.081], [77.459, 10.078], [77.455, 10.059], [77.467, 10.06], [77.48, 10.068], [77.48, 10.087], [77.486, 10.086], [77.5, 10.101], [77.498, 10.113], [77.491, 10.121], [77.479, 10.127], [77.475, 10.123], [77.47, 10.13], [77.466, 10.129]]]}}, {"type": "Feature", "properties": {"id": "TN-201", "ac_no": 201, "name": "Cumbum", "district": "THENI  *", "pc": "THENI"}, "geometry": {"type": "Polygon", "coordinates": [[[77.261, 9.953], [77.247, 9.953], [77.248, 9.948], [77.238, 9.938], [77.231, 9.914], [77.219, 9.905], [77.221, 9.885], [77.212, 9.878], [77.221, 9.865], [77.236, 9.861], [77.238, 9.852], [77.223, 9.846], [77.228, 9.839], [77.222, 9.823], [77.233, 9.822], [77.233, 9.818], [77.241, 9.817], [77.247, 9.809], [77.247, 9.799], [77.241, 9.798], [77.234, 9.79], [77.223, 9.788], [77.225, 9.776], [77.232, 9.769], [77.22, 9.745], [77.223, 9.736], [77.247, 9.733], [77.25, 9.722], [77.291, 9.714], [77.298, 9.714], [77.3, 9.721], [77.308, 9.721], [77.317, 9.732], [77.324, 9.732], [77.329, 9.723], [77.342, 9.726], [77.343, 9.71], [77.358, 9.707], [77.362, 9.726], [77.368, 9.727], [77.356, 9.742], [77.358, 9.751], [77.365, 9.755], [77.37, 9.788], [77.368, 9.794], [77.361, 9.789], [77.355, 9.794], [77.359, 9.803], [77.357, 9.821], [77.343, 9.81], [77.353, 9.831], [77.348, 9.84], [77.332, 9.843], [77.33, 9.847], [77.33, 9.875], [77.341, 9.876], [77.344, 9.884], [77.339, 9.891], [77.323, 9.898], [77.319, 9.908], [77.305, 9.914], [77.3, 9.923], [77.268, 9.935], [77.261, 9.953]]]}}, {"type": "Feature", "properties": {"id": "TN-202", "ac_no": 202, "name": "Rajapalayam", "district": "VIRUDHUNAGAR", "pc": "TENKASI (SC)"}, "geometry": {"type": "Polygon", "coordinates": [[[77.411, 9.508], [77.399, 9.495], [77.398, 9.482], [77.402, 9.479], [77.391, 9.468], [77.392, 9.459], [77.377, 9.453], [77.364, 9.459], [77.348, 9.44], [77.345, 9.426], [77.339, 9.42], [77.379, 9.402], [77.389, 9.392], [77.397, 9.396], [77.406, 9.393], [77.419, 9.399], [77.434, 9.391], [77.45, 9.37], [77.447, 9.366], [77.438, 9.368], [77.437, 9.362], [77.443, 9.362], [77.441, 9.354], [77.468, 9.347], [77.463, 9.346], [77.459, 9.336], [77.465, 9.329], [77.471, 9.329], [77.474, 9.341], [77.496, 9.338], [77.5, 9.333], [77.522, 9.335], [77.527, 9.349], [77.519, 9.359], [77.529, 9.361], [77.53, 9.375], [77.55, 9.371], [77.549, 9.399], [77.564, 9.392], [77.569, 9.398], [77.565, 9.398], [77.565, 9.405], [77.554, 9.417], [77.567, 9.421], [77.57, 9.428], [77.578, 9.422], [77.578, 9.431], [77.595, 9.432], [77.597, 9.451], [77.615, 9.451], [77.607, 9.467], [77.608, 9.476], [77.575, 9.488], [77.569, 9.485], [77.563, 9.489], [77.554, 9.485], [77.547, 9.498], [77.536, 9.499], [77.53, 9.514], [77.528, 9.514], [77.531, 9.508], [77.528, 9.507], [77.522, 9.513], [77.516, 9.509], [77.505, 9.511], [77.496, 9.51], [77.493, 9.504], [77.483, 9.508], [77.481, 9.512], [77.471, 9.514], [77.465, 9.511], [77.463, 9.516], [77.457, 9.509], [77.411, 9.508]]]}}, {"type": "Feature", "properties": {"id": "TN-203", "ac_no": 203, "name": "Srivilliputhur(SC)", "district": "VIRUDHUNAGAR", "pc": "TENKASI (SC)"}, "geometry": {"type": "Polygon", "coordinates": [[[77.71, 9.705], [77.708, 9.691], [77.7, 9.692], [77.699, 9.699], [77.694, 9.697], [77.694, 9.693], [77.681, 9.676], [77.678, 9.683], [77.668, 9.678], [77.651, 9.683], [77.649, 9.699], [77.645, 9.698], [77.647, 9.701], [77.642, 9.706], [77.632, 9.701], [77.629, 9.705], [77.623, 9.702], [77.616, 9.696], [77.606, 9.696], [77.601, 9.691], [77.602, 9.687], [77.59, 9.679], [77.586, 9.667], [77.576, 9.669], [77.575, 9.665], [77.562, 9.66], [77.551, 9.644], [77.543, 9.645], [77.547, 9.659], [77.537, 9.66], [77.519, 9.636], [77.514, 9.611], [77.5, 9.597], [77.498, 9.576], [77.476, 9.563], [77.478, 9.553], [77.473, 9.549], [77.455, 9.541], [77.428, 9.547], [77.402, 9.525], [77.4, 9.518], [77.409, 9.515], [77.411, 9.508], [77.457, 9.509], [77.463, 9.516], [77.465, 9.511], [77.471, 9.514], [77.481, 9.512], [77.483, 9.508], [77.493, 9.504], [77.496, 9.51], [77.505, 9.511], [77.516, 9.509], [77.522, 9.513], [77.528, 9.507], [77.531, 9.508], [77.528, 9.514], [77.53, 9.514], [77.536, 9.499], [77.547, 9.498], [77.554, 9.485], [77.563, 9.489], [77.569, 9.485], [77.575, 9.488], [77.608, 9.476], [77.607, 9.467], [77.615, 9.451], [77.597, 9.451], [77.595, 9.432], [77.597, 9.428], [77.604, 9.432], [77.624, 9.426], [77.635, 9.429], [77.645, 9.424], [77.648, 9.417], [77.666, 9.416], [77.673, 9.434], [77.686, 9.451], [77.701, 9.458], [77.702, 9.465], [77.696, 9.465], [77.699, 9.478], [77.718, 9.482], [77.72, 9.491], [77.724, 9.49], [77.726, 9.497], [77.723, 9.53], [77.726, 9.555], [77.73, 9.556], [77.732, 9.545], [77.739, 9.558], [77.745, 9.555], [77.737, 9.565], [77.731, 9.583], [77.745, 9.598], [77.756, 9.592], [77.759, 9.596], [77.765, 9.587], [77.766, 9.59], [77.772, 9.583], [77.78, 9.583], [77.778, 9.592], [77.77, 9.604], [77.772, 9.637], [77.774, 9.64], [77.775, 9.634], [77.79, 9.639], [77.774, 9.641], [77.764, 9.661], [77.77, 9.665], [77.761, 9.683], [77.755, 9.682], [77.734, 9.693], [77.726, 9.693], [77.71, 9.705]]]}}, {"type": "Feature", "properties": {"id": "TN-204", "ac_no": 204, "name": "Sattur", "district": "VIRUDHUNAGAR", "pc": "VIRUDHUNAGAR"}, "geometry": {"type": "Polygon", "coordinates": [[[77.701, 9.458], [77.686, 9.451], [77.673, 9.434], [77.666, 9.416], [77.648, 9.417], [77.645, 9.424], [77.635, 9.429], [77.624, 9.426], [77.604, 9.432], [77.597, 9.428], [77.595, 9.432], [77.578, 9.431], [77.578, 9.422], [77.57, 9.428], [77.567, 9.421], [77.554, 9.417], [77.565, 9.405], [77.565, 9.398], [77.569, 9.398], [77.564, 9.392], [77.549, 9.399], [77.55, 9.371], [77.554, 9.37], [77.55, 9.364], [77.56, 9.354], [77.574, 9.354], [77.573, 9.343], [77.59, 9.348], [77.591, 9.318], [77.586, 9.31], [77.604, 9.307], [77.603, 9.301], [77.614, 9.301], [77.624, 9.293], [77.642, 9.292], [77.656, 9.284], [77.712, 9.292], [77.712, 9.287], [77.723, 9.28], [77.739, 9.281], [77.741, 9.265], [77.759, 9.267], [77.761, 9.249], [77.769, 9.242], [77.77, 9.236], [77.782, 9.239], [77.79, 9.258], [77.773, 9.27], [77.773, 9.276], [77.796, 9.273], [77.796, 9.256], [77.807, 9.252], [77.808, 9.245], [77.847, 9.244], [77.855, 9.246], [77.848, 9.26], [77.852, 9.264], [77.835, 9.27], [77.832, 9.28], [77.843, 9.28], [77.845, 9.275], [77.857, 9.271], [77.859, 9.277], [77.88, 9.276], [77.88, 9.29], [77.909, 9.295], [77.915, 9.299], [77.919, 9.31], [77.937, 9.305], [77.944, 9.314], [77.964, 9.315], [77.97, 9.336], [77.966, 9.34], [77.976, 9.339], [77.972, 9.352], [77.956, 9.363], [77.956, 9.38], [77.95, 9.381], [77.955, 9.388], [77.925, 9.394], [77.924, 9.378], [77.912, 9.375], [77.908, 9.403], [77.896, 9.419], [77.886, 9.421], [77.884, 9.428], [77.862, 9.43], [77.864, 9.433], [77.852, 9.437], [77.842, 9.441], [77.827, 9.44], [77.819, 9.417], [77.797, 9.418], [77.785, 9.424], [77.777, 9.415], [77.772, 9.397], [77.732, 9.405], [77.716, 9.389], [77.714, 9.382], [77.703, 9.383], [77.7, 9.385], [77.708, 9.395], [77.701, 9.413], [77.699, 9.431], [77.708, 9.434], [77.701, 9.458]]]}}, {"type": "Feature", "properties": {"id": "TN-205", "ac_no": 205, "name": "Sivakasi", "district": "VIRUDHUNAGAR", "pc": "VIRUDHUNAGAR"}, "geometry": {"type": "Polygon", "coordinates": [[[77.723, 9.53], [77.726, 9.497], [77.724, 9.49], [77.72, 9.491], [77.718, 9.482], [77.699, 9.478], [77.696, 9.465], [77.702, 9.465], [77.701, 9.458], [77.708, 9.434], [77.699, 9.431], [77.701, 9.413], [77.708, 9.395], [77.7, 9.385], [77.703, 9.383], [77.714, 9.382], [77.716, 9.389], [77.732, 9.405], [77.772, 9.397], [77.777, 9.415], [77.785, 9.424], [77.797, 9.418], [77.819, 9.417], [77.827, 9.44], [77.842, 9.441], [77.852, 9.437], [77.849, 9.459], [77.854, 9.473], [77.84, 9.481], [77.837, 9.472], [77.83, 9.473], [77.814, 9.483], [77.823, 9.511], [77.809, 9.512], [77.81, 9.516], [77.805, 9.516], [77.796, 9.526], [77.794, 9.522], [77.785, 9.533], [77.742, 9.532], [77.736, 9.526], [77.723, 9.53]]]}}, {"type": "Feature", "properties": {"id": "TN-206", "ac_no": 206, "name": "Virudhunagar", "district": "VIRUDHUNAGAR", "pc": "VIRUDHUNAGAR"}, "geometry": {"type": "Polygon", "coordinates": [[[77.79, 9.639], [77.775, 9.634], [77.774, 9.64], [77.772, 9.637], [77.77, 9.604], [77.778, 9.592], [77.78, 9.583], [77.772, 9.583], [77.766, 9.59], [77.765, 9.587], [77.759, 9.596], [77.756, 9.592], [77.745, 9.598], [77.731, 9.583], [77.737, 9.565], [77.745, 9.555], [77.739, 9.558], [77.732, 9.545], [77.73, 9.556], [77.726, 9.555], [77.723, 9.53], [77.736, 9.526], [77.742, 9.532], [77.785, 9.533], [77.794, 9.522], [77.796, 9.526], [77.805, 9.516], [77.81, 9.516], [77.809, 9.512], [77.823, 9.511], [77.814, 9.483], [77.83, 9.473], [77.837, 9.472], [77.84, 9.481], [77.854, 9.473], [77.849, 9.459], [77.852, 9.437], [77.864, 9.433], [77.862, 9.43], [77.884, 9.428], [77.891, 9.439], [77.915, 9.45], [77.916, 9.456], [77.924, 9.454], [77.928, 9.463], [77.938, 9.462], [77.946, 9.47], [77.951, 9.47], [77.951, 9.487], [77.96, 9.492], [77.958, 9.506], [77.965, 9.512], [77.966, 9.52], [77.944, 9.525], [77.945, 9.541], [77.954, 9.549], [77.964, 9.548], [77.969, 9.574], [77.975, 9.571], [77.975, 9.575], [77.982, 9.574], [77.982, 9.595], [77.983, 9.603], [77.995, 9.619], [78.007, 9.62], [78.01, 9.64], [78.004, 9.642], [78.006, 9.648], [78.001, 9.65], [77.995, 9.641], [77.991, 9.642], [77.985, 9.635], [77.973, 9.63], [77.964, 9.634], [77.962, 9.646], [77.933, 9.65], [77.923, 9.647], [77.921, 9.638], [77.91, 9.638], [77.9, 9.626], [77.892, 9.631], [77.889, 9.642], [77.862, 9.649], [77.845, 9.651], [77.842, 9.636], [77.806, 9.642], [77.794, 9.649], [77.79, 9.639]]]}}, {"type": "Feature", "properties": {"id": "TN-207", "ac_no": 207, "name": "Aruppukkottai", "district": "VIRUDHUNAGAR", "pc": "VIRUDHUNAGAR"}, "geometry": {"type": "Polygon", "coordinates": [[[77.982, 9.595], [77.982, 9.574], [77.975, 9.575], [77.975, 9.571], [77.969, 9.574], [77.964, 9.548], [77.954, 9.549], [77.945, 9.541], [77.944, 9.525], [77.966, 9.52], [77.965, 9.512], [77.958, 9.506], [77.96, 9.492], [77.951, 9.487], [77.951, 9.47], [77.946, 9.47], [77.938, 9.462], [77.928, 9.463], [77.924, 9.454], [77.916, 9.456], [77.915, 9.45], [77.891, 9.439], [77.884, 9.428], [77.886, 9.421], [77.896, 9.419], [77.908, 9.403], [77.912, 9.375], [77.924, 9.378], [77.925, 9.394], [77.955, 9.388], [77.95, 9.381], [77.956, 9.38], [77.956, 9.363], [77.972, 9.352], [77.976, 9.339], [77.966, 9.34], [77.97, 9.336], [77.964, 9.315], [77.944, 9.314], [77.937, 9.305], [77.919, 9.31], [77.915, 9.299], [77.909, 9.295], [77.88, 9.29], [77.88, 9.276], [77.859, 9.277], [77.857, 9.271], [77.845, 9.275], [77.843, 9.28], [77.832, 9.28], [77.835, 9.27], [77.852, 9.264], [77.848, 9.26], [77.855, 9.246], [77.88, 9.245], [77.881, 9.234], [77.886, 9.233], [77.875, 9.226], [77.878, 9.208], [77.909, 9.2], [77.92, 9.203], [77.932, 9.223], [77.945, 9.22], [77.948, 9.231], [77.956, 9.231], [77.957, 9.249], [77.984, 9.253], [77.988, 9.269], [78.008, 9.274], [78.009, 9.308], [78.049, 9.306], [78.048, 9.313], [78.036, 9.324], [78.033, 9.333], [78.042, 9.337], [78.045, 9.345], [78.05, 9.345], [78.053, 9.361], [78.072, 9.363], [78.08, 9.358], [78.133, 9.365], [78.148, 9.373], [78.154, 9.371], [78.169, 9.369], [78.16, 9.371], [78.159, 9.387], [78.171, 9.41], [78.168, 9.425], [78.135, 9.427], [78.132, 9.45], [78.123, 9.461], [78.146, 9.493], [78.142, 9.51], [78.16, 9.509], [78.161, 9.52], [78.166, 9.518], [78.183, 9.527], [78.181, 9.533], [78.166, 9.527], [78.141, 9.53], [78.143, 9.551], [78.138, 9.576], [78.12, 9.584], [78.106, 9.583], [78.102, 9.578], [78.083, 9.58], [78.066, 9.552], [78.05, 9.552], [78.003, 9.562], [78.011, 9.592], [77.982, 9.595]]]}}, {"type": "Feature", "properties": {"id": "TN-208", "ac_no": 208, "name": "Tiruchuli", "district": "VIRUDHUNAGAR", "pc": "RAMANATHAPURAM"}, "geometry": {"type": "Polygon", "coordinates": [[[78.084, 9.758], [78.079, 9.748], [78.068, 9.753], [78.062, 9.741], [78.072, 9.735], [78.068, 9.724], [78.08, 9.708], [78.077, 9.696], [78.085, 9.691], [78.083, 9.687], [78.088, 9.683], [78.085, 9.675], [78.08, 9.674], [78.082, 9.663], [78.077, 9.66], [78.059, 9.661], [78.061, 9.671], [78.039, 9.678], [78.03, 9.659], [78.025, 9.66], [78.014, 9.639], [78.01, 9.64], [78.007, 9.62], [77.995, 9.619], [77.983, 9.603], [77.982, 9.595], [78.011, 9.592], [78.003, 9.562], [78.05, 9.552], [78.066, 9.552], [78.083, 9.58], [78.102, 9.578], [78.106, 9.583], [78.12, 9.584], [78.138, 9.576], [78.143, 9.551], [78.141, 9.53], [78.166, 9.527], [78.181, 9.533], [78.183, 9.527], [78.166, 9.518], [78.161, 9.52], [78.16, 9.509], [78.142, 9.51], [78.146, 9.493], [78.123, 9.461], [78.132, 9.45], [78.135, 9.427], [78.168, 9.425], [78.171, 9.41], [78.159, 9.387], [78.16, 9.371], [78.169, 9.369], [78.166, 9.358], [78.171, 9.342], [78.189, 9.332], [78.209, 9.328], [78.216, 9.301], [78.234, 9.295], [78.244, 9.297], [78.271, 9.293], [78.28, 9.29], [78.281, 9.284], [78.317, 9.282], [78.329, 9.275], [78.347, 9.298], [78.346, 9.309], [78.353, 9.308], [78.365, 9.337], [78.363, 9.349], [78.355, 9.358], [78.353, 9.353], [78.333, 9.354], [78.324, 9.332], [78.311, 9.335], [78.305, 9.324], [78.301, 9.324], [78.294, 9.332], [78.295, 9.343], [78.31, 9.345], [78.306, 9.35], [78.308, 9.365], [78.301, 9.367], [78.308, 9.375], [78.304, 9.377], [78.304, 9.384], [78.296, 9.386], [78.295, 9.382], [78.296, 9.389], [78.28, 9.39], [78.279, 9.385], [78.263, 9.386], [78.255, 9.374], [78.243, 9.381], [78.243, 9.407], [78.222, 9.411], [78.221, 9.431], [78.214, 9.434], [78.218, 9.448], [78.272, 9.449], [78.301, 9.442], [78.305, 9.448], [78.298, 9.455], [78.299, 9.462], [78.308, 9.461], [78.311, 9.468], [78.33, 9.463], [78.331, 9.469], [78.339, 9.469], [78.347, 9.46], [78.352, 9.461], [78.347, 9.471], [78.33, 9.473], [78.328, 9.495], [78.342, 9.5], [78.325, 9.514], [78.326, 9.52], [78.332, 9.525], [78.348, 9.516], [78.383, 9.518], [78.386, 9.537], [78.377, 9.539], [78.376, 9.568], [78.367, 9.573], [78.399, 9.583], [78.399, 9.595], [78.411, 9.589], [78.417, 9.597], [78.414, 9.619], [78.388, 9.633], [78.392, 9.651], [78.374, 9.659], [78.357, 9.658], [78.35, 9.666], [78.345, 9.66], [78.338, 9.664], [78.334, 9.669], [78.343, 9.674], [78.341, 9.684], [78.327, 9.697], [78.338, 9.704], [78.294, 9.712], [78.288, 9.72], [78.3, 9.755], [78.296, 9.762], [78.274, 9.754], [78.26, 9.762], [78.239, 9.757], [78.21, 9.783], [78.204, 9.764], [78.197, 9.768], [78.171, 9.749], [78.164, 9.754], [78.165, 9.765], [78.156, 9.766], [78.149, 9.775], [78.15, 9.782], [78.144, 9.784], [78.139, 9.78], [78.137, 9.762], [78.125, 9.766], [78.126, 9.771], [78.107, 9.786], [78.097, 9.779], [78.088, 9.78], [78.088, 9.776], [78.104, 9.768], [78.104, 9.765], [78.101, 9.755], [78.084, 9.758]]]}}, {"type": "Feature", "properties": {"id": "TN-209", "ac_no": 209, "name": "Paramakudi (SC)", "district": "RAMANATHAPURAM", "pc": "RAMANATHAPURAM"}, "geometry": {"type": "Polygon", "coordinates": [[[78.417, 9.597], [78.411, 9.589], [78.399, 9.595], [78.399, 9.583], [78.367, 9.573], [78.376, 9.568], [78.377, 9.539], [78.386, 9.537], [78.383, 9.518], [78.348, 9.516], [78.332, 9.525], [78.326, 9.52], [78.325, 9.514], [78.342, 9.5], [78.328, 9.495], [78.33, 9.473], [78.347, 9.471], [78.352, 9.461], [78.347, 9.46], [78.339, 9.469], [78.331, 9.469], [78.33, 9.463], [78.311, 9.468], [78.308, 9.461], [78.299, 9.462], [78.298, 9.455], [78.305, 9.448], [78.301, 9.442], [78.311, 9.433], [78.346, 9.426], [78.346, 9.418], [78.353, 9.433], [78.364, 9.432], [78.364, 9.442], [78.358, 9.441], [78.367, 9.446], [78.363, 9.455], [78.371, 9.447], [78.399, 9.439], [78.4, 9.435], [78.432, 9.427], [78.449, 9.429], [78.456, 9.462], [78.453, 9.47], [78.463, 9.494], [78.463, 9.49], [78.49, 9.495], [78.5, 9.501], [78.515, 9.5], [78.518, 9.495], [78.518, 9.481], [78.539, 9.483], [78.536, 9.465], [78.551, 9.461], [78.552, 9.456], [78.561, 9.461], [78.575, 9.448], [78.587, 9.451], [78.588, 9.465], [78.596, 9.469], [78.614, 9.452], [78.622, 9.452], [78.624, 9.458], [78.629, 9.455], [78.635, 9.446], [78.635, 9.435], [78.656, 9.429], [78.665, 9.44], [78.664, 9.423], [78.658, 9.42], [78.652, 9.393], [78.655, 9.382], [78.666, 9.377], [78.674, 9.353], [78.684, 9.34], [78.712, 9.352], [78.712, 9.367], [78.719, 9.365], [78.719, 9.359], [78.723, 9.358], [78.728, 9.363], [78.743, 9.367], [78.752, 9.378], [78.758, 9.378], [78.767, 9.393], [78.762, 9.399], [78.777, 9.416], [78.772, 9.419], [78.775, 9.43], [78.788, 9.429], [78.795, 9.439], [78.82, 9.43], [78.821, 9.437], [78.816, 9.439], [78.819, 9.454], [78.84, 9.451], [78.847, 9.473], [78.845, 9.478], [78.827, 9.484], [78.829, 9.492], [78.845, 9.519], [78.853, 9.518], [78.853, 9.535], [78.844, 9.531], [78.845, 9.548], [78.829, 9.565], [78.826, 9.572], [78.83, 9.576], [78.825, 9.58], [78.814, 9.575], [78.805, 9.579], [78.82, 9.591], [78.819, 9.595], [78.744, 9.578], [78.744, 9.585], [78.727, 9.589], [78.716, 9.597], [78.677, 9.6], [78.683, 9.576], [78.68, 9.562], [78.652, 9.545], [78.66, 9.52], [78.616, 9.537], [78.607, 9.553], [78.596, 9.556], [78.563, 9.576], [78.55, 9.578], [78.542, 9.584], [78.526, 9.581], [78.515, 9.583], [78.499, 9.598], [78.502, 9.61], [78.475, 9.613], [78.464, 9.617], [78.463, 9.623], [78.457, 9.616], [78.45, 9.62], [78.441, 9.618], [78.424, 9.596], [78.417, 9.597]]]}}, {"type": "Feature", "properties": {"id": "TN-210", "ac_no": 210, "name": "Tiruvadanai", "district": "RAMANATHAPURAM", "pc": "RAMANATHAPURAM"}, "geometry": {"type": "Polygon", "coordinates": [[[78.99, 9.947], [78.989, 9.947], [78.967, 9.938], [78.956, 9.923], [78.923, 9.923], [78.902, 9.902], [78.903, 9.881], [78.882, 9.883], [78.876, 9.874], [78.872, 9.863], [78.883, 9.819], [78.883, 9.801], [78.898, 9.791], [78.899, 9.785], [78.888, 9.758], [78.857, 9.756], [78.848, 9.742], [78.831, 9.733], [78.828, 9.723], [78.815, 9.742], [78.838, 9.777], [78.796, 9.784], [78.781, 9.801], [78.776, 9.774], [78.772, 9.773], [78.769, 9.779], [78.738, 9.753], [78.747, 9.737], [78.751, 9.715], [78.78, 9.719], [78.783, 9.71], [78.798, 9.703], [78.793, 9.698], [78.799, 9.697], [78.797, 9.686], [78.789, 9.681], [78.795, 9.68], [78.79, 9.672], [78.795, 9.671], [78.795, 9.665], [78.787, 9.662], [78.784, 9.653], [78.794, 9.642], [78.794, 9.636], [78.787, 9.634], [78.794, 9.632], [78.794, 9.624], [78.798, 9.621], [78.822, 9.617], [78.819, 9.595], [78.82, 9.591], [78.805, 9.579], [78.814, 9.575], [78.825, 9.58], [78.83, 9.576], [78.826, 9.572], [78.829, 9.565], [78.845, 9.548], [78.844, 9.531], [78.853, 9.535], [78.853, 9.518], [78.845, 9.519], [78.829, 9.492], [78.827, 9.484], [78.845, 9.478], [78.847, 9.473], [78.84, 9.451], [78.819, 9.454], [78.816, 9.439], [78.821, 9.437], [78.82, 9.43], [78.795, 9.439], [78.788, 9.429], [78.775, 9.43], [78.772, 9.419], [78.777, 9.416], [78.762, 9.399], [78.767, 9.393], [78.758, 9.378], [78.752, 9.378], [78.743, 9.367], [78.728, 9.363], [78.723, 9.358], [78.719, 9.359], [78.719, 9.365], [78.712, 9.367], [78.712, 9.352], [78.708, 9.345], [78.716, 9.338], [78.723, 9.34], [78.722, 9.336], [78.734, 9.328], [78.736, 9.331], [78.746, 9.326], [78.763, 9.335], [78.773, 9.332], [78.774, 9.335], [78.8, 9.35], [78.802, 9.358], [78.811, 9.363], [78.808, 9.365], [78.806, 9.384], [78.81, 9.385], [78.816, 9.38], [78.837, 9.39], [78.844, 9.387], [78.847, 9.381], [78.842, 9.358], [78.832, 9.358], [78.83, 9.337], [78.865, 9.32], [78.882, 9.32], [78.879, 9.328], [78.887, 9.346], [78.887, 9.353], [78.88, 9.359], [78.884, 9.363], [78.906, 9.368], [78.966, 9.338], [78.982, 9.36], [78.924, 9.426], [78.9, 9.469], [78.898, 9.49], [78.904, 9.494], [78.914, 9.493], [78.913, 9.506], [78.92, 9.525], [78.927, 9.585], [78.937, 9.608], [78.96, 9.631], [78.959, 9.642], [78.964, 9.641], [78.971, 9.656], [78.97, 9.665], [78.98, 9.69], [79.037, 9.763], [79.059, 9.773], [79.07, 9.793], [79.079, 9.8], [79.084, 9.818], [79.113, 9.847], [79.099, 9.857], [79.089, 9.858], [79.069, 9.852], [79.061, 9.86], [79.045, 9.861], [79.031, 9.894], [79.022, 9.903], [79.015, 9.904], [78.99, 9.947]]]}}, {"type": "Feature", "properties": {"id": "TN-211", "ac_no": 211, "name": "Ramanathapuram", "district": "RAMANATHAPURAM", "pc": "RAMANATHAPURAM"}, "geometry": {"type": "MultiPolygon", "coordinates": [[[[78.826, 9.159], [78.826, 9.16], [78.824, 9.16], [78.826, 9.159]]], [[[78.82, 9.16], [78.819, 9.16], [78.822, 9.16], [78.82, 9.16]]], [[[78.816, 9.16], [78.816, 9.16], [78.815, 9.161], [78.816, 9.16]]], [[[78.824, 9.166], [78.819, 9.166], [78.817, 9.16], [78.824, 9.166]]], [[[78.826, 9.167], [78.828, 9.174], [78.824, 9.167], [78.826, 9.167]]], [[[78.97, 9.182], [78.969, 9.184], [78.969, 9.183], [78.97, 9.182]]], [[[78.969, 9.186], [78.966, 9.187], [78.967, 9.183], [78.969, 9.186]]], [[[78.91, 9.186], [78.91, 9.187], [78.91, 9.186], [78.91, 9.186]]], [[[78.938, 9.183], [78.943, 9.187], [78.933, 9.182], [78.925, 9.185], [78.908, 9.181], [78.906, 9.185], [78.897, 9.18], [78.903, 9.178], [78.92, 9.183], [78.931, 9.181], [78.938, 9.183]]], [[[79.077, 9.201], [79.069, 9.209], [79.057, 9.197], [79.066, 9.199], [79.086, 9.191], [79.091, 9.195], [79.083, 9.202], [79.077, 9.201]]], [[[79.141, 9.212], [79.141, 9.213], [79.139, 9.212], [79.141, 9.212]]], [[[79.124, 9.214], [79.123, 9.214], [79.123, 9.213], [79.124, 9.214]]], [[[79.123, 9.215], [79.129, 9.213], [79.134, 9.215], [79.123, 9.215]]], [[[79.155, 9.221], [79.145, 9.225], [79.132, 9.22], [79.124, 9.221], [79.124, 9.218], [79.156, 9.218], [79.164, 9.212], [79.156, 9.209], [79.164, 9.209], [79.165, 9.214], [79.155, 9.221]]], [[[79.147, 9.23], [79.146, 9.235], [79.144, 9.231], [79.147, 9.23]]], [[[79.14, 9.234], [79.139, 9.238], [79.138, 9.236], [79.14, 9.234]]], [[[79.16, 9.236], [79.161, 9.238], [79.159, 9.239], [79.16, 9.236]]], [[[79.148, 9.236], [79.151, 9.24], [79.146, 9.243], [79.144, 9.238], [79.148, 9.236]]], [[[79.233, 9.249], [79.229, 9.242], [79.238, 9.236], [79.24, 9.242], [79.233, 9.249]]], [[[79.138, 9.252], [79.137, 9.256], [79.135, 9.254], [79.138, 9.252]]], [[[79.211, 9.251], [79.191, 9.257], [79.18, 9.249], [79.175, 9.24], [79.192, 9.224], [79.205, 9.226], [79.221, 9.241], [79.226, 9.25], [79.211, 9.251]]], [[[79.321, 9.285], [79.321, 9.287], [79.32, 9.285], [79.321, 9.285]]], [[[78.982, 9.36], [78.966, 9.338], [78.906, 9.368], [78.884, 9.363], [78.88, 9.359], [78.887, 9.353], [78.887, 9.346], [78.879, 9.328], [78.882, 9.32], [78.865, 9.32], [78.83, 9.337], [78.832, 9.358], [78.842, 9.358], [78.847, 9.381], [78.844, 9.387], [78.837, 9.39], [78.816, 9.38], [78.81, 9.385], [78.806, 9.384], [78.808, 9.365], [78.811, 9.363], [78.802, 9.358], [78.8, 9.35], [78.774, 9.335], [78.773, 9.332], [78.763, 9.335], [78.746, 9.326], [78.736, 9.331], [78.734, 9.328], [78.722, 9.336], [78.723, 9.34], [78.716, 9.338], [78.708, 9.345], [78.712, 9.352], [78.684, 9.34], [78.688, 9.332], [78.686, 9.324], [78.683, 9.325], [78.683, 9.31], [78.672, 9.307], [78.677, 9.296], [78.669, 9.297], [78.67, 9.268], [78.696, 9.25], [78.711, 9.252], [78.711, 9.248], [78.716, 9.247], [78.714, 9.23], [78.734, 9.234], [78.729, 9.21], [78.822, 9.239], [78.832, 9.246], [78.852, 9.247], [78.861, 9.256], [78.876, 9.257], [78.908, 9.25], [78.916, 9.26], [78.912, 9.264], [78.918, 9.261], [78.926, 9.267], [78.954, 9.273], [78.996, 9.273], [79.064, 9.26], [79.09, 9.26], [79.127, 9.27], [79.145, 9.269], [79.153, 9.276], [79.209, 9.282], [79.204, 9.277], [79.203, 9.268], [79.208, 9.271], [79.206, 9.275], [79.209, 9.269], [79.215, 9.266], [79.218, 9.27], [79.217, 9.255], [79.256, 9.259], [79.3, 9.246], [79.416, 9.177], [79.433, 9.161], [79.423, 9.177], [79.374, 9.215], [79.326, 9.259], [79.316, 9.273], [79.314, 9.284], [79.326, 9.293], [79.335, 9.309], [79.33, 9.32], [79.322, 9.325], [79.312, 9.328], [79.291, 9.32], [79.279, 9.311], [79.266, 9.293], [79.221, 9.291], [79.21, 9.283], [79.16, 9.284], [79.141, 9.292], [79.13, 9.288], [79.066, 9.298], [79.023, 9.326], [78.982, 9.36]]]]}}, {"type": "Feature", "properties": {"id": "TN-212", "ac_no": 212, "name": "Mudhukulathur", "district": "RAMANATHAPURAM", "pc": "RAMANATHAPURAM"}, "geometry": {"type": "MultiPolygon", "coordinates": [[[[78.494, 9.086], [78.496, 9.091], [78.49, 9.094], [78.486, 9.089], [78.494, 9.086]]], [[[78.537, 9.102], [78.539, 9.106], [78.535, 9.103], [78.537, 9.102]]], [[[78.582, 9.111], [78.579, 9.113], [78.571, 9.101], [78.579, 9.1], [78.588, 9.107], [78.586, 9.112], [78.582, 9.111]]], [[[78.755, 9.154], [78.753, 9.153], [78.754, 9.153], [78.755, 9.154]]], [[[78.732, 9.154], [78.728, 9.153], [78.731, 9.152], [78.732, 9.154]]], [[[78.696, 9.151], [78.696, 9.156], [78.694, 9.153], [78.696, 9.151]]], [[[78.752, 9.156], [78.752, 9.157], [78.751, 9.157], [78.752, 9.156]]], [[[78.698, 9.158], [78.699, 9.159], [78.698, 9.158], [78.698, 9.158]]], [[[78.704, 9.184], [78.704, 9.185], [78.702, 9.186], [78.704, 9.184]]], [[[78.684, 9.34], [78.674, 9.353], [78.666, 9.377], [78.655, 9.382], [78.652, 9.393], [78.658, 9.42], [78.664, 9.423], [78.665, 9.44], [78.656, 9.429], [78.635, 9.435], [78.635, 9.446], [78.629, 9.455], [78.624, 9.458], [78.622, 9.452], [78.614, 9.452], [78.596, 9.469], [78.588, 9.465], [78.587, 9.451], [78.575, 9.448], [78.561, 9.461], [78.552, 9.456], [78.551, 9.461], [78.536, 9.465], [78.539, 9.483], [78.518, 9.481], [78.518, 9.495], [78.515, 9.5], [78.5, 9.501], [78.49, 9.495], [78.463, 9.49], [78.463, 9.494], [78.453, 9.47], [78.456, 9.462], [78.449, 9.429], [78.432, 9.427], [78.4, 9.435], [78.399, 9.439], [78.371, 9.447], [78.363, 9.455], [78.367, 9.446], [78.358, 9.441], [78.364, 9.442], [78.364, 9.432], [78.353, 9.433], [78.346, 9.418], [78.346, 9.426], [78.311, 9.433], [78.301, 9.442], [78.272, 9.449], [78.218, 9.448], [78.214, 9.434], [78.221, 9.431], [78.222, 9.411], [78.243, 9.407], [78.243, 9.381], [78.255, 9.374], [78.263, 9.386], [78.279, 9.385], [78.28, 9.39], [78.296, 9.389], [78.295, 9.382], [78.296, 9.386], [78.304, 9.384], [78.304, 9.377], [78.308, 9.375], [78.301, 9.367], [78.308, 9.365], [78.306, 9.35], [78.31, 9.345], [78.295, 9.343], [78.294, 9.332], [78.301, 9.324], [78.305, 9.324], [78.311, 9.335], [78.324, 9.332], [78.333, 9.354], [78.353, 9.353], [78.355, 9.358], [78.363, 9.349], [78.365, 9.337], [78.353, 9.308], [78.346, 9.309], [78.347, 9.298], [78.329, 9.275], [78.317, 9.282], [78.281, 9.284], [78.272, 9.256], [78.269, 9.202], [78.296, 9.205], [78.291, 9.178], [78.274, 9.142], [78.295, 9.134], [78.316, 9.133], [78.356, 9.118], [78.357, 9.099], [78.365, 9.103], [78.383, 9.098], [78.385, 9.094], [78.415, 9.114], [78.455, 9.125], [78.536, 9.138], [78.578, 9.13], [78.606, 9.148], [78.657, 9.158], [78.65, 9.161], [78.642, 9.173], [78.647, 9.184], [78.658, 9.191], [78.679, 9.196], [78.716, 9.189], [78.719, 9.192], [78.717, 9.201], [78.729, 9.21], [78.734, 9.234], [78.714, 9.23], [78.716, 9.247], [78.711, 9.248], [78.711, 9.252], [78.696, 9.25], [78.67, 9.268], [78.669, 9.297], [78.677, 9.296], [78.672, 9.307], [78.683, 9.31], [78.683, 9.325], [78.686, 9.324], [78.688, 9.332], [78.684, 9.34]]]]}}, {"type": "Feature", "properties": {"id": "TN-213", "ac_no": 213, "name": "Vilathikulam", "district": "THOOTHUKKUDI", "pc": "THOOTHUKKUDI"}, "geometry": {"type": "MultiPolygon", "coordinates": [[[[78.272, 8.941], [78.272, 8.942], [78.272, 8.941], [78.272, 8.941]]], [[[78.271, 8.941], [78.267, 8.937], [78.269, 8.937], [78.271, 8.941]]], [[[78.251, 8.951], [78.25, 8.951], [78.25, 8.951], [78.251, 8.951]]], [[[78.253, 8.956], [78.251, 8.95], [78.255, 8.949], [78.253, 8.956]]], [[[78.169, 9.369], [78.154, 9.371], [78.148, 9.373], [78.133, 9.365], [78.08, 9.358], [78.072, 9.363], [78.053, 9.361], [78.05, 9.345], [78.045, 9.345], [78.042, 9.337], [78.033, 9.333], [78.036, 9.324], [78.048, 9.313], [78.049, 9.306], [78.009, 9.308], [78.008, 9.274], [77.988, 9.269], [77.984, 9.253], [77.957, 9.249], [77.956, 9.231], [77.948, 9.231], [77.945, 9.22], [77.932, 9.223], [77.92, 9.203], [77.929, 9.188], [77.946, 9.19], [77.954, 9.178], [77.936, 9.166], [77.923, 9.174], [77.921, 9.18], [77.912, 9.176], [77.909, 9.181], [77.913, 9.146], [77.922, 9.145], [77.924, 9.13], [77.916, 9.113], [77.93, 9.105], [77.932, 9.086], [77.943, 9.091], [77.953, 9.083], [77.961, 9.07], [77.956, 9.064], [77.956, 9.054], [77.971, 9.055], [77.969, 9.035], [77.978, 9.028], [77.968, 9.026], [77.971, 9.024], [77.963, 9.025], [77.965, 9.02], [77.961, 9.019], [77.948, 9.022], [77.936, 9.017], [77.932, 9.002], [77.935, 8.993], [77.92, 8.992], [77.921, 8.987], [77.909, 8.989], [77.905, 8.981], [77.912, 8.974], [77.91, 8.969], [77.854, 8.975], [77.853, 8.97], [77.849, 8.969], [77.851, 8.952], [77.916, 8.963], [77.917, 8.935], [77.934, 8.935], [77.939, 8.931], [77.94, 8.942], [77.948, 8.95], [77.961, 8.945], [77.962, 8.938], [77.984, 8.943], [77.986, 8.932], [77.998, 8.932], [78.009, 8.934], [78.01, 8.943], [78.02, 8.945], [78.026, 8.954], [78.044, 8.956], [78.068, 8.949], [78.067, 8.938], [78.057, 8.929], [78.061, 8.918], [78.083, 8.922], [78.095, 8.94], [78.102, 8.934], [78.109, 8.934], [78.118, 8.919], [78.13, 8.931], [78.185, 8.91], [78.193, 8.929], [78.19, 8.928], [78.219, 8.965], [78.218, 8.968], [78.22, 8.966], [78.246, 8.989], [78.266, 8.998], [78.385, 9.094], [78.383, 9.098], [78.365, 9.103], [78.357, 9.099], [78.356, 9.118], [78.316, 9.133], [78.295, 9.134], [78.274, 9.142], [78.291, 9.178], [78.296, 9.205], [78.269, 9.202], [78.272, 9.256], [78.281, 9.284], [78.28, 9.29], [78.271, 9.293], [78.244, 9.297], [78.234, 9.295], [78.216, 9.301], [78.209, 9.328], [78.189, 9.332], [78.171, 9.342], [78.166, 9.358], [78.169, 9.369]]]]}}, {"type": "Feature", "properties": {"id": "TN-214", "ac_no": 214, "name": "Thoothukkudi", "district": "THOOTHUKKUDI", "pc": "THOOTHUKKUDI"}, "geometry": {"type": "MultiPolygon", "coordinates": [[[[78.166, 8.797], [78.166, 8.798], [78.165, 8.798], [78.166, 8.797]]], [[[78.167, 8.826], [78.161, 8.835], [78.147, 8.822], [78.131, 8.817], [78.129, 8.813], [78.111, 8.818], [78.092, 8.827], [78.092, 8.836], [78.085, 8.843], [78.07, 8.81], [78.086, 8.797], [78.091, 8.785], [78.105, 8.781], [78.105, 8.767], [78.126, 8.761], [78.116, 8.756], [78.123, 8.734], [78.121, 8.727], [78.114, 8.723], [78.097, 8.73], [78.094, 8.713], [78.111, 8.698], [78.118, 8.702], [78.126, 8.7], [78.133, 8.708], [78.16, 8.716], [78.197, 8.757], [78.202, 8.756], [78.203, 8.764], [78.2, 8.793], [78.198, 8.787], [78.202, 8.777], [78.191, 8.767], [78.198, 8.77], [78.197, 8.763], [78.191, 8.763], [78.187, 8.771], [78.178, 8.772], [78.175, 8.768], [78.176, 8.773], [78.172, 8.771], [78.173, 8.774], [78.169, 8.763], [78.17, 8.776], [78.166, 8.764], [78.164, 8.774], [78.16, 8.775], [78.163, 8.795], [78.16, 8.803], [78.168, 8.816], [78.167, 8.826]]]]}}, {"type": "Feature", "properties": {"id": "TN-215", "ac_no": 215, "name": "Tiruchendur", "district": "THOOTHUKKUDI", "pc": "THOOTHUKKUDI"}, "geometry": {"type": "Polygon", "coordinates": [[[78.138, 8.653], [78.131, 8.653], [78.132, 8.657], [78.116, 8.647], [78.104, 8.648], [78.103, 8.636], [78.086, 8.636], [78.079, 8.627], [78.059, 8.62], [78.041, 8.621], [77.991, 8.616], [77.979, 8.602], [77.975, 8.603], [77.978, 8.593], [77.969, 8.593], [77.972, 8.584], [77.967, 8.575], [77.973, 8.575], [77.966, 8.573], [77.963, 8.55], [77.955, 8.55], [77.952, 8.541], [77.971, 8.532], [77.97, 8.521], [77.987, 8.491], [77.984, 8.489], [77.97, 8.507], [77.965, 8.507], [77.971, 8.489], [77.967, 8.465], [77.976, 8.465], [77.975, 8.46], [77.964, 8.456], [77.963, 8.451], [77.984, 8.435], [77.986, 8.432], [77.976, 8.422], [77.987, 8.416], [77.986, 8.409], [77.994, 8.393], [77.999, 8.387], [78.004, 8.393], [78.008, 8.38], [78.001, 8.37], [78.006, 8.369], [78.007, 8.356], [78.066, 8.374], [78.058, 8.378], [78.057, 8.385], [78.064, 8.412], [78.096, 8.449], [78.126, 8.475], [78.143, 8.502], [78.131, 8.548], [78.145, 8.598], [78.135, 8.616], [78.138, 8.653]]]}}, {"type": "Feature", "properties": {"id": "TN-216", "ac_no": 216, "name": "Srivaikuntam", "district": "THOOTHUKKUDI", "pc": "THOOTHUKKUDI"}, "geometry": {"type": "Polygon", "coordinates": [[[78.16, 8.716], [78.133, 8.708], [78.126, 8.7], [78.118, 8.702], [78.111, 8.698], [78.094, 8.713], [78.089, 8.714], [78.083, 8.704], [78.077, 8.707], [78.067, 8.704], [78.06, 8.713], [78.051, 8.698], [78.044, 8.695], [78.043, 8.688], [78.031, 8.685], [78.026, 8.674], [78.012, 8.683], [77.999, 8.699], [77.992, 8.699], [77.993, 8.674], [78.004, 8.667], [77.994, 8.659], [77.991, 8.663], [77.974, 8.66], [77.975, 8.676], [77.98, 8.679], [77.968, 8.688], [77.963, 8.689], [77.96, 8.671], [77.953, 8.676], [77.946, 8.669], [77.94, 8.675], [77.941, 8.688], [77.895, 8.699], [77.892, 8.695], [77.899, 8.689], [77.9, 8.674], [77.892, 8.661], [77.878, 8.667], [77.873, 8.663], [77.867, 8.668], [77.866, 8.663], [77.854, 8.667], [77.853, 8.66], [77.848, 8.658], [77.844, 8.667], [77.814, 8.664], [77.805, 8.652], [77.807, 8.647], [77.819, 8.65], [77.819, 8.633], [77.806, 8.621], [77.805, 8.615], [77.795, 8.614], [77.788, 8.624], [77.781, 8.584], [77.803, 8.577], [77.796, 8.566], [77.807, 8.572], [77.812, 8.57], [77.812, 8.565], [77.815, 8.563], [77.813, 8.554], [77.82, 8.552], [77.82, 8.542], [77.818, 8.535], [77.808, 8.537], [77.808, 8.533], [77.814, 8.53], [77.814, 8.521], [77.827, 8.515], [77.83, 8.489], [77.84, 8.485], [77.842, 8.472], [77.832, 8.456], [77.84, 8.451], [77.833, 8.433], [77.849, 8.422], [77.854, 8.403], [77.86, 8.401], [77.86, 8.393], [77.858, 8.387], [77.835, 8.383], [77.838, 8.38], [77.854, 8.376], [77.855, 8.373], [77.842, 8.365], [77.849, 8.364], [77.848, 8.355], [77.86, 8.358], [77.858, 8.345], [77.862, 8.342], [77.874, 8.352], [77.885, 8.35], [77.891, 8.326], [77.913, 8.324], [77.949, 8.337], [77.965, 8.335], [77.969, 8.34], [77.974, 8.337], [78.007, 8.356], [78.006, 8.369], [78.001, 8.37], [78.008, 8.38], [78.004, 8.393], [77.999, 8.387], [77.994, 8.393], [77.986, 8.409], [77.987, 8.416], [77.976, 8.422], [77.986, 8.432], [77.984, 8.435], [77.963, 8.451], [77.964, 8.456], [77.975, 8.46], [77.976, 8.465], [77.967, 8.465], [77.971, 8.489], [77.965, 8.507], [77.97, 8.507], [77.984, 8.489], [77.987, 8.491], [77.97, 8.521], [77.971, 8.532], [77.952, 8.541], [77.955, 8.55], [77.963, 8.55], [77.966, 8.573], [77.973, 8.575], [77.967, 8.575], [77.972, 8.584], [77.969, 8.593], [77.978, 8.593], [77.975, 8.603], [77.979, 8.602], [77.991, 8.616], [78.041, 8.621], [78.059, 8.62], [78.079, 8.627], [78.086, 8.636], [78.103, 8.636], [78.104, 8.648], [78.116, 8.647], [78.132, 8.657], [78.131, 8.653], [78.138, 8.653], [78.138, 8.68], [78.152, 8.697], [78.16, 8.716]]]}}, {"type": "Feature", "properties": {"id": "TN-217", "ac_no": 217, "name": "Ottapidaram(SC)", "district": "THOOTHUKKUDI", "pc": "THOOTHUKKUDI"}, "geometry": {"type": "MultiPolygon", "coordinates": [[[[78.209, 8.834], [78.204, 8.837], [78.205, 8.832], [78.209, 8.834]]], [[[78.213, 8.835], [78.213, 8.838], [78.208, 8.84], [78.213, 8.835]]], [[[78.226, 8.873], [78.221, 8.873], [78.226, 8.866], [78.226, 8.873]]], [[[78.223, 8.882], [78.218, 8.885], [78.218, 8.88], [78.223, 8.882]]], [[[77.849, 8.969], [77.839, 8.962], [77.837, 8.972], [77.831, 8.971], [77.823, 8.953], [77.836, 8.949], [77.835, 8.938], [77.842, 8.935], [77.841, 8.931], [77.826, 8.934], [77.823, 8.931], [77.828, 8.927], [77.823, 8.923], [77.801, 8.916], [77.792, 8.909], [77.79, 8.902], [77.786, 8.901], [77.789, 8.885], [77.81, 8.873], [77.82, 8.839], [77.831, 8.832], [77.852, 8.803], [77.846, 8.795], [77.847, 8.788], [77.817, 8.773], [77.827, 8.733], [77.812, 8.682], [77.824, 8.681], [77.825, 8.673], [77.817, 8.672], [77.814, 8.664], [77.844, 8.667], [77.848, 8.658], [77.853, 8.66], [77.854, 8.667], [77.866, 8.663], [77.867, 8.668], [77.873, 8.663], [77.878, 8.667], [77.892, 8.661], [77.9, 8.674], [77.899, 8.689], [77.892, 8.695], [77.895, 8.699], [77.941, 8.688], [77.94, 8.675], [77.946, 8.669], [77.953, 8.676], [77.96, 8.671], [77.963, 8.689], [77.968, 8.688], [77.98, 8.679], [77.975, 8.676], [77.974, 8.66], [77.991, 8.663], [77.994, 8.659], [78.004, 8.667], [77.993, 8.674], [77.992, 8.699], [77.999, 8.699], [78.012, 8.683], [78.026, 8.674], [78.031, 8.685], [78.043, 8.688], [78.044, 8.695], [78.051, 8.698], [78.06, 8.713], [78.067, 8.704], [78.077, 8.707], [78.083, 8.704], [78.089, 8.714], [78.094, 8.713], [78.097, 8.73], [78.114, 8.723], [78.121, 8.727], [78.123, 8.734], [78.116, 8.756], [78.126, 8.761], [78.105, 8.767], [78.105, 8.781], [78.091, 8.785], [78.086, 8.797], [78.07, 8.81], [78.085, 8.843], [78.092, 8.836], [78.092, 8.827], [78.111, 8.818], [78.129, 8.813], [78.131, 8.817], [78.147, 8.822], [78.161, 8.835], [78.167, 8.826], [78.171, 8.83], [78.167, 8.841], [78.172, 8.883], [78.182, 8.891], [78.185, 8.91], [78.13, 8.931], [78.118, 8.919], [78.109, 8.934], [78.102, 8.934], [78.095, 8.94], [78.083, 8.922], [78.061, 8.918], [78.057, 8.929], [78.067, 8.938], [78.068, 8.949], [78.044, 8.956], [78.026, 8.954], [78.02, 8.945], [78.01, 8.943], [78.009, 8.934], [77.998, 8.932], [77.986, 8.932], [77.984, 8.943], [77.962, 8.938], [77.961, 8.945], [77.948, 8.95], [77.94, 8.942], [77.939, 8.931], [77.934, 8.935], [77.917, 8.935], [77.916, 8.963], [77.851, 8.952], [77.849, 8.969]]]]}}, {"type": "Feature", "properties": {"id": "TN-218", "ac_no": 218, "name": "Kovilpatti", "district": "THOOTHUKKUDI", "pc": "THOOTHUKKUDI"}, "geometry": {"type": "Polygon", "coordinates": [[[77.847, 9.244], [77.853, 9.217], [77.859, 9.213], [77.86, 9.197], [77.856, 9.195], [77.854, 9.183], [77.842, 9.185], [77.841, 9.169], [77.818, 9.171], [77.805, 9.178], [77.799, 9.171], [77.786, 9.166], [77.744, 9.162], [77.742, 9.173], [77.738, 9.173], [77.737, 9.188], [77.706, 9.188], [77.704, 9.166], [77.69, 9.159], [77.693, 9.145], [77.7, 9.138], [77.688, 9.133], [77.674, 9.138], [77.672, 9.127], [77.676, 9.124], [77.678, 9.106], [77.695, 9.101], [77.722, 9.108], [77.726, 9.104], [77.74, 9.105], [77.745, 9.078], [77.736, 9.072], [77.705, 9.073], [77.702, 9.063], [77.712, 9.045], [77.693, 9.031], [77.696, 9.018], [77.689, 9.015], [77.687, 9.01], [77.692, 9.006], [77.689, 9.002], [77.723, 9.002], [77.729, 8.985], [77.722, 8.98], [77.72, 8.967], [77.703, 8.969], [77.695, 8.981], [77.686, 8.978], [77.681, 8.972], [77.681, 8.965], [77.691, 8.957], [77.692, 8.937], [77.696, 8.927], [77.736, 8.924], [77.737, 8.932], [77.747, 8.934], [77.747, 8.929], [77.762, 8.925], [77.762, 8.889], [77.773, 8.881], [77.789, 8.885], [77.786, 8.901], [77.79, 8.902], [77.792, 8.909], [77.801, 8.916], [77.823, 8.923], [77.828, 8.927], [77.823, 8.931], [77.826, 8.934], [77.841, 8.931], [77.842, 8.935], [77.835, 8.938], [77.836, 8.949], [77.823, 8.953], [77.831, 8.971], [77.837, 8.972], [77.839, 8.962], [77.849, 8.969], [77.853, 8.97], [77.854, 8.975], [77.91, 8.969], [77.912, 8.974], [77.905, 8.981], [77.909, 8.989], [77.921, 8.987], [77.92, 8.992], [77.935, 8.993], [77.932, 9.002], [77.936, 9.017], [77.948, 9.022], [77.961, 9.019], [77.965, 9.02], [77.963, 9.025], [77.971, 9.024], [77.968, 9.026], [77.978, 9.028], [77.969, 9.035], [77.971, 9.055], [77.956, 9.054], [77.956, 9.064], [77.961, 9.07], [77.953, 9.083], [77.943, 9.091], [77.932, 9.086], [77.93, 9.105], [77.916, 9.113], [77.924, 9.13], [77.922, 9.145], [77.913, 9.146], [77.909, 9.181], [77.912, 9.176], [77.921, 9.18], [77.923, 9.174], [77.936, 9.166], [77.954, 9.178], [77.946, 9.19], [77.929, 9.188], [77.92, 9.203], [77.909, 9.2], [77.878, 9.208], [77.875, 9.226], [77.886, 9.233], [77.881, 9.234], [77.88, 9.245], [77.855, 9.246], [77.847, 9.244]]]}}, {"type": "Feature", "properties": {"id": "TN-219", "ac_no": 219, "name": "Sankarankovil(SC)", "district": "TIRUNELVELI", "pc": "TENKASI (SC)"}, "geometry": {"type": "Polygon", "coordinates": [[[77.847, 9.244], [77.808, 9.245], [77.807, 9.252], [77.796, 9.256], [77.796, 9.273], [77.773, 9.276], [77.773, 9.27], [77.79, 9.258], [77.782, 9.239], [77.77, 9.236], [77.769, 9.242], [77.761, 9.249], [77.759, 9.267], [77.741, 9.265], [77.739, 9.281], [77.723, 9.28], [77.712, 9.287], [77.712, 9.292], [77.656, 9.284], [77.642, 9.292], [77.624, 9.293], [77.614, 9.301], [77.603, 9.301], [77.604, 9.307], [77.586, 9.31], [77.582, 9.298], [77.56, 9.305], [77.56, 9.296], [77.555, 9.295], [77.552, 9.285], [77.576, 9.283], [77.57, 9.26], [77.604, 9.261], [77.608, 9.245], [77.603, 9.237], [77.582, 9.231], [77.578, 9.221], [77.571, 9.232], [77.562, 9.219], [77.564, 9.21], [77.553, 9.202], [77.546, 9.211], [77.533, 9.211], [77.532, 9.201], [77.523, 9.2], [77.523, 9.19], [77.518, 9.189], [77.522, 9.177], [77.516, 9.177], [77.518, 9.166], [77.504, 9.163], [77.496, 9.151], [77.479, 9.143], [77.476, 9.12], [77.463, 9.109], [77.467, 9.098], [77.452, 9.094], [77.452, 9.083], [77.436, 9.079], [77.428, 9.088], [77.411, 9.087], [77.404, 9.075], [77.403, 9.05], [77.427, 9.053], [77.423, 9.027], [77.446, 9.026], [77.446, 9.022], [77.477, 9.025], [77.486, 9.045], [77.519, 9.046], [77.524, 9.05], [77.529, 9.063], [77.528, 9.083], [77.534, 9.088], [77.535, 9.08], [77.546, 9.081], [77.546, 9.085], [77.555, 9.083], [77.555, 9.071], [77.562, 9.068], [77.564, 9.06], [77.574, 9.062], [77.587, 9.054], [77.587, 9.043], [77.592, 9.044], [77.6, 9.03], [77.619, 9.033], [77.623, 9.015], [77.601, 9.014], [77.594, 8.985], [77.588, 8.987], [77.585, 8.982], [77.591, 8.966], [77.612, 8.961], [77.612, 8.95], [77.619, 8.948], [77.629, 8.944], [77.631, 8.949], [77.655, 8.953], [77.657, 8.932], [77.687, 8.917], [77.693, 8.917], [77.696, 8.927], [77.692, 8.937], [77.691, 8.957], [77.681, 8.965], [77.681, 8.972], [77.686, 8.978], [77.695, 8.981], [77.703, 8.969], [77.72, 8.967], [77.722, 8.98], [77.729, 8.985], [77.723, 9.002], [77.689, 9.002], [77.692, 9.006], [77.687, 9.01], [77.689, 9.015], [77.696, 9.018], [77.693, 9.031], [77.712, 9.045], [77.702, 9.063], [77.705, 9.073], [77.736, 9.072], [77.745, 9.078], [77.74, 9.105], [77.726, 9.104], [77.722, 9.108], [77.695, 9.101], [77.678, 9.106], [77.676, 9.124], [77.672, 9.127], [77.674, 9.138], [77.688, 9.133], [77.7, 9.138], [77.693, 9.145], [77.69, 9.159], [77.704, 9.166], [77.706, 9.188], [77.737, 9.188], [77.738, 9.173], [77.742, 9.173], [77.744, 9.162], [77.786, 9.166], [77.799, 9.171], [77.805, 9.178], [77.818, 9.171], [77.841, 9.169], [77.842, 9.185], [77.854, 9.183], [77.856, 9.195], [77.86, 9.197], [77.859, 9.213], [77.853, 9.217], [77.847, 9.244]]]}}, {"type": "Feature", "properties": {"id": "TN-220", "ac_no": 220, "name": "Vasudevanallur(SC)", "district": "TIRUNELVELI", "pc": "TENKASI (SC)"}, "geometry": {"type": "Polygon", "coordinates": [[[77.55, 9.371], [77.53, 9.375], [77.529, 9.361], [77.519, 9.359], [77.527, 9.349], [77.522, 9.335], [77.5, 9.333], [77.496, 9.338], [77.474, 9.341], [77.471, 9.329], [77.465, 9.329], [77.459, 9.336], [77.463, 9.346], [77.468, 9.347], [77.441, 9.354], [77.443, 9.362], [77.437, 9.362], [77.438, 9.368], [77.447, 9.366], [77.45, 9.37], [77.434, 9.391], [77.419, 9.399], [77.406, 9.393], [77.397, 9.396], [77.389, 9.392], [77.379, 9.402], [77.339, 9.42], [77.336, 9.412], [77.344, 9.403], [77.341, 9.39], [77.334, 9.381], [77.336, 9.362], [77.326, 9.346], [77.325, 9.337], [77.3, 9.336], [77.301, 9.33], [77.297, 9.329], [77.302, 9.32], [77.293, 9.305], [77.283, 9.302], [77.289, 9.274], [77.282, 9.273], [77.28, 9.241], [77.274, 9.235], [77.282, 9.217], [77.271, 9.202], [77.285, 9.19], [77.3, 9.187], [77.312, 9.177], [77.328, 9.184], [77.353, 9.176], [77.356, 9.169], [77.365, 9.172], [77.372, 9.165], [77.398, 9.164], [77.397, 9.155], [77.427, 9.152], [77.426, 9.134], [77.437, 9.135], [77.438, 9.128], [77.411, 9.122], [77.39, 9.102], [77.389, 9.091], [77.409, 9.091], [77.411, 9.087], [77.428, 9.088], [77.436, 9.079], [77.452, 9.083], [77.452, 9.094], [77.467, 9.098], [77.463, 9.109], [77.476, 9.12], [77.479, 9.143], [77.496, 9.151], [77.504, 9.163], [77.518, 9.166], [77.516, 9.177], [77.522, 9.177], [77.518, 9.189], [77.523, 9.19], [77.523, 9.2], [77.532, 9.201], [77.533, 9.211], [77.546, 9.211], [77.553, 9.202], [77.564, 9.21], [77.562, 9.219], [77.571, 9.232], [77.578, 9.221], [77.582, 9.231], [77.603, 9.237], [77.608, 9.245], [77.604, 9.261], [77.57, 9.26], [77.576, 9.283], [77.552, 9.285], [77.555, 9.295], [77.56, 9.296], [77.56, 9.305], [77.582, 9.298], [77.586, 9.31], [77.591, 9.318], [77.59, 9.348], [77.573, 9.343], [77.574, 9.354], [77.56, 9.354], [77.55, 9.364], [77.554, 9.37], [77.55, 9.371]]]}}, {"type": "Feature", "properties": {"id": "TN-221", "ac_no": 221, "name": "Kadayanallur", "district": "TIRUNELVELI", "pc": "TENKASI (SC)"}, "geometry": {"type": "Polygon", "coordinates": [[[77.411, 9.087], [77.409, 9.091], [77.389, 9.091], [77.39, 9.102], [77.411, 9.122], [77.438, 9.128], [77.437, 9.135], [77.426, 9.134], [77.427, 9.152], [77.397, 9.155], [77.398, 9.164], [77.372, 9.165], [77.365, 9.172], [77.356, 9.169], [77.353, 9.176], [77.328, 9.184], [77.312, 9.177], [77.3, 9.187], [77.285, 9.19], [77.271, 9.202], [77.257, 9.199], [77.253, 9.189], [77.266, 9.182], [77.267, 9.154], [77.253, 9.139], [77.247, 9.125], [77.229, 9.117], [77.226, 9.108], [77.212, 9.1], [77.206, 9.085], [77.208, 9.072], [77.197, 9.057], [77.198, 9.047], [77.191, 9.044], [77.182, 9.048], [77.168, 9.046], [77.16, 9.036], [77.161, 9.029], [77.154, 9.023], [77.147, 9.022], [77.15, 9.01], [77.157, 9.008], [77.162, 8.995], [77.174, 8.992], [77.178, 8.969], [77.188, 8.968], [77.196, 8.954], [77.194, 8.943], [77.197, 8.935], [77.193, 8.926], [77.218, 8.918], [77.224, 8.924], [77.221, 8.927], [77.229, 8.946], [77.242, 8.94], [77.243, 8.946], [77.257, 8.957], [77.245, 8.956], [77.25, 8.963], [77.256, 8.965], [77.27, 8.958], [77.284, 8.969], [77.298, 8.965], [77.294, 8.971], [77.284, 8.972], [77.264, 8.983], [77.262, 8.998], [77.271, 8.997], [77.275, 9.002], [77.299, 8.996], [77.306, 9.002], [77.313, 8.997], [77.312, 8.99], [77.363, 8.984], [77.387, 8.975], [77.395, 8.996], [77.415, 9.016], [77.418, 9.026], [77.423, 9.027], [77.427, 9.053], [77.403, 9.05], [77.404, 9.075], [77.411, 9.087]]]}}, {"type": "Feature", "properties": {"id": "TN-222", "ac_no": 222, "name": "Tenkasi", "district": "TIRUNELVELI", "pc": "TENKASI (SC)"}, "geometry": {"type": "Polygon", "coordinates": [[[77.619, 8.948], [77.612, 8.95], [77.612, 8.961], [77.591, 8.966], [77.585, 8.982], [77.588, 8.987], [77.594, 8.985], [77.601, 9.014], [77.623, 9.015], [77.619, 9.033], [77.6, 9.03], [77.592, 9.044], [77.587, 9.043], [77.587, 9.054], [77.574, 9.062], [77.564, 9.06], [77.562, 9.068], [77.555, 9.071], [77.555, 9.083], [77.546, 9.085], [77.546, 9.081], [77.535, 9.08], [77.534, 9.088], [77.528, 9.083], [77.529, 9.063], [77.524, 9.05], [77.519, 9.046], [77.486, 9.045], [77.477, 9.025], [77.446, 9.022], [77.446, 9.026], [77.423, 9.027], [77.418, 9.026], [77.415, 9.016], [77.395, 8.996], [77.387, 8.975], [77.363, 8.984], [77.312, 8.99], [77.313, 8.997], [77.306, 9.002], [77.299, 8.996], [77.275, 9.002], [77.271, 8.997], [77.262, 8.998], [77.264, 8.983], [77.284, 8.972], [77.294, 8.971], [77.298, 8.965], [77.284, 8.969], [77.27, 8.958], [77.256, 8.965], [77.25, 8.963], [77.245, 8.956], [77.257, 8.957], [77.243, 8.946], [77.242, 8.94], [77.229, 8.946], [77.221, 8.927], [77.224, 8.924], [77.218, 8.918], [77.218, 8.918], [77.222, 8.904], [77.238, 8.898], [77.238, 8.885], [77.256, 8.878], [77.257, 8.878], [77.262, 8.881], [77.276, 8.876], [77.3, 8.88], [77.314, 8.871], [77.328, 8.875], [77.343, 8.869], [77.388, 8.872], [77.387, 8.866], [77.403, 8.862], [77.407, 8.893], [77.394, 8.894], [77.396, 8.91], [77.39, 8.914], [77.393, 8.922], [77.387, 8.939], [77.396, 8.93], [77.412, 8.938], [77.44, 8.921], [77.44, 8.926], [77.456, 8.925], [77.464, 8.919], [77.466, 8.925], [77.479, 8.926], [77.481, 8.921], [77.477, 8.915], [77.498, 8.914], [77.502, 8.908], [77.513, 8.909], [77.514, 8.914], [77.498, 8.922], [77.509, 8.924], [77.514, 8.941], [77.519, 8.926], [77.534, 8.933], [77.538, 8.943], [77.594, 8.941], [77.594, 8.944], [77.609, 8.94], [77.613, 8.923], [77.617, 8.939], [77.621, 8.939], [77.619, 8.948]]]}}, {"type": "Feature", "properties": {"id": "TN-223", "ac_no": 223, "name": "Alangulam", "district": "TIRUNELVELI", "pc": "TIRUNELVELI"}, "geometry": {"type": "Polygon", "coordinates": [[[77.594, 8.941], [77.538, 8.943], [77.534, 8.933], [77.519, 8.926], [77.514, 8.941], [77.509, 8.924], [77.498, 8.922], [77.514, 8.914], [77.513, 8.909], [77.502, 8.908], [77.498, 8.914], [77.477, 8.915], [77.481, 8.921], [77.479, 8.926], [77.466, 8.925], [77.464, 8.919], [77.456, 8.925], [77.44, 8.926], [77.44, 8.921], [77.412, 8.938], [77.396, 8.93], [77.387, 8.939], [77.393, 8.922], [77.39, 8.914], [77.396, 8.91], [77.394, 8.894], [77.407, 8.893], [77.403, 8.862], [77.387, 8.866], [77.388, 8.872], [77.343, 8.869], [77.328, 8.875], [77.314, 8.871], [77.3, 8.88], [77.309, 8.856], [77.308, 8.851], [77.3, 8.85], [77.305, 8.837], [77.293, 8.828], [77.292, 8.815], [77.312, 8.814], [77.314, 8.805], [77.308, 8.807], [77.306, 8.798], [77.301, 8.797], [77.301, 8.774], [77.31, 8.768], [77.313, 8.778], [77.325, 8.775], [77.332, 8.753], [77.339, 8.751], [77.345, 8.742], [77.363, 8.739], [77.366, 8.749], [77.373, 8.752], [77.377, 8.747], [77.385, 8.748], [77.386, 8.744], [77.392, 8.746], [77.402, 8.739], [77.399, 8.748], [77.408, 8.746], [77.408, 8.753], [77.418, 8.75], [77.424, 8.758], [77.439, 8.748], [77.442, 8.74], [77.478, 8.727], [77.487, 8.732], [77.492, 8.729], [77.514, 8.734], [77.528, 8.729], [77.554, 8.706], [77.561, 8.705], [77.566, 8.711], [77.565, 8.718], [77.556, 8.745], [77.561, 8.753], [77.566, 8.754], [77.569, 8.763], [77.567, 8.772], [77.563, 8.773], [77.556, 8.788], [77.571, 8.79], [77.567, 8.8], [77.571, 8.812], [77.575, 8.808], [77.579, 8.82], [77.589, 8.827], [77.594, 8.872], [77.584, 8.875], [77.578, 8.872], [77.575, 8.88], [77.566, 8.879], [77.571, 8.891], [77.565, 8.894], [77.568, 8.897], [77.56, 8.911], [77.584, 8.905], [77.592, 8.907], [77.594, 8.941]]]}}, {"type": "Feature", "properties": {"id": "TN-224", "ac_no": 224, "name": "Tirunelveli", "district": "TIRUNELVELI", "pc": "TIRUNELVELI"}, "geometry": {"type": "Polygon", "coordinates": [[[77.696, 8.927], [77.693, 8.917], [77.687, 8.917], [77.657, 8.932], [77.655, 8.953], [77.631, 8.949], [77.629, 8.944], [77.619, 8.948], [77.621, 8.939], [77.617, 8.939], [77.613, 8.923], [77.609, 8.94], [77.594, 8.944], [77.594, 8.941], [77.592, 8.907], [77.584, 8.905], [77.56, 8.911], [77.568, 8.897], [77.565, 8.894], [77.571, 8.891], [77.566, 8.879], [77.575, 8.88], [77.578, 8.872], [77.584, 8.875], [77.594, 8.872], [77.589, 8.827], [77.579, 8.82], [77.575, 8.808], [77.571, 8.812], [77.567, 8.8], [77.571, 8.79], [77.556, 8.788], [77.563, 8.773], [77.567, 8.772], [77.569, 8.763], [77.566, 8.754], [77.561, 8.753], [77.556, 8.745], [77.565, 8.718], [77.566, 8.711], [77.561, 8.705], [77.578, 8.701], [77.597, 8.689], [77.606, 8.694], [77.635, 8.691], [77.657, 8.682], [77.654, 8.693], [77.659, 8.702], [77.666, 8.71], [77.679, 8.704], [77.684, 8.714], [77.691, 8.715], [77.692, 8.72], [77.709, 8.72], [77.722, 8.737], [77.733, 8.74], [77.734, 8.75], [77.743, 8.759], [77.768, 8.776], [77.804, 8.783], [77.809, 8.8], [77.805, 8.818], [77.806, 8.832], [77.82, 8.839], [77.81, 8.873], [77.789, 8.885], [77.773, 8.881], [77.762, 8.889], [77.762, 8.925], [77.747, 8.929], [77.747, 8.934], [77.737, 8.932], [77.736, 8.924], [77.696, 8.927]]]}}, {"type": "Feature", "properties": {"id": "TN-225", "ac_no": 225, "name": "Ambasamudram", "district": "TIRUNELVELI", "pc": "TIRUNELVELI"}, "geometry": {"type": "Polygon", "coordinates": [[[77.3, 8.88], [77.276, 8.876], [77.262, 8.881], [77.257, 8.878], [77.256, 8.878], [77.258, 8.865], [77.255, 8.861], [77.261, 8.857], [77.258, 8.85], [77.262, 8.842], [77.247, 8.823], [77.247, 8.815], [77.232, 8.808], [77.23, 8.785], [77.213, 8.779], [77.218, 8.768], [77.21, 8.766], [77.2, 8.77], [77.197, 8.768], [77.199, 8.754], [77.192, 8.742], [77.178, 8.744], [77.173, 8.75], [77.171, 8.747], [77.183, 8.717], [77.195, 8.708], [77.207, 8.685], [77.201, 8.669], [77.209, 8.664], [77.215, 8.648], [77.225, 8.639], [77.23, 8.64], [77.234, 8.628], [77.246, 8.621], [77.246, 8.616], [77.246, 8.604], [77.264, 8.589], [77.269, 8.579], [77.287, 8.567], [77.289, 8.57], [77.334, 8.553], [77.348, 8.545], [77.351, 8.546], [77.35, 8.543], [77.357, 8.538], [77.361, 8.541], [77.364, 8.53], [77.385, 8.553], [77.402, 8.553], [77.412, 8.547], [77.431, 8.568], [77.438, 8.592], [77.464, 8.573], [77.48, 8.586], [77.502, 8.587], [77.536, 8.598], [77.548, 8.594], [77.556, 8.597], [77.578, 8.586], [77.603, 8.583], [77.602, 8.575], [77.614, 8.572], [77.609, 8.583], [77.612, 8.589], [77.6, 8.597], [77.6, 8.606], [77.617, 8.609], [77.61, 8.618], [77.612, 8.624], [77.62, 8.62], [77.633, 8.644], [77.655, 8.637], [77.66, 8.654], [77.657, 8.682], [77.635, 8.691], [77.606, 8.694], [77.597, 8.689], [77.578, 8.701], [77.561, 8.705], [77.554, 8.706], [77.528, 8.729], [77.514, 8.734], [77.492, 8.729], [77.487, 8.732], [77.478, 8.727], [77.442, 8.74], [77.439, 8.748], [77.424, 8.758], [77.418, 8.75], [77.408, 8.753], [77.408, 8.746], [77.399, 8.748], [77.402, 8.739], [77.392, 8.746], [77.386, 8.744], [77.385, 8.748], [77.377, 8.747], [77.373, 8.752], [77.366, 8.749], [77.363, 8.739], [77.345, 8.742], [77.339, 8.751], [77.332, 8.753], [77.325, 8.775], [77.313, 8.778], [77.31, 8.768], [77.301, 8.774], [77.301, 8.797], [77.306, 8.798], [77.308, 8.807], [77.314, 8.805], [77.312, 8.814], [77.292, 8.815], [77.293, 8.828], [77.305, 8.837], [77.3, 8.85], [77.308, 8.851], [77.309, 8.856], [77.3, 8.88]]]}}, {"type": "Feature", "properties": {"id": "TN-226", "ac_no": 226, "name": "Palayamkottai", "district": "TIRUNELVELI", "pc": "TIRUNELVELI"}, "geometry": {"type": "Polygon", "coordinates": [[[77.743, 8.759], [77.734, 8.75], [77.733, 8.74], [77.722, 8.737], [77.709, 8.72], [77.692, 8.72], [77.691, 8.715], [77.684, 8.714], [77.685, 8.709], [77.692, 8.708], [77.684, 8.698], [77.696, 8.698], [77.709, 8.67], [77.732, 8.669], [77.735, 8.676], [77.772, 8.672], [77.777, 8.688], [77.789, 8.695], [77.796, 8.709], [77.782, 8.711], [77.792, 8.732], [77.788, 8.734], [77.787, 8.739], [77.777, 8.741], [77.777, 8.744], [77.772, 8.744], [77.762, 8.732], [77.743, 8.749], [77.746, 8.754], [77.743, 8.759]]]}}, {"type": "Feature", "properties": {"id": "TN-227", "ac_no": 227, "name": "Nanguneri", "district": "TIRUNELVELI", "pc": "TIRUNELVELI"}, "geometry": {"type": "Polygon", "coordinates": [[[77.82, 8.839], [77.806, 8.832], [77.805, 8.818], [77.809, 8.8], [77.804, 8.783], [77.768, 8.776], [77.743, 8.759], [77.746, 8.754], [77.743, 8.749], [77.762, 8.732], [77.772, 8.744], [77.777, 8.744], [77.777, 8.741], [77.787, 8.739], [77.788, 8.734], [77.792, 8.732], [77.782, 8.711], [77.796, 8.709], [77.789, 8.695], [77.777, 8.688], [77.772, 8.672], [77.735, 8.676], [77.732, 8.669], [77.709, 8.67], [77.696, 8.698], [77.684, 8.698], [77.692, 8.708], [77.685, 8.709], [77.684, 8.714], [77.679, 8.704], [77.666, 8.71], [77.659, 8.702], [77.654, 8.693], [77.657, 8.682], [77.66, 8.654], [77.655, 8.637], [77.633, 8.644], [77.62, 8.62], [77.612, 8.624], [77.61, 8.618], [77.617, 8.609], [77.6, 8.606], [77.6, 8.597], [77.612, 8.589], [77.609, 8.583], [77.614, 8.572], [77.602, 8.575], [77.603, 8.583], [77.578, 8.586], [77.556, 8.597], [77.548, 8.594], [77.536, 8.598], [77.502, 8.587], [77.48, 8.586], [77.464, 8.573], [77.438, 8.592], [77.431, 8.568], [77.412, 8.547], [77.402, 8.553], [77.385, 8.553], [77.364, 8.53], [77.376, 8.517], [77.378, 8.523], [77.39, 8.523], [77.429, 8.511], [77.434, 8.505], [77.44, 8.506], [77.446, 8.498], [77.449, 8.487], [77.445, 8.485], [77.446, 8.475], [77.458, 8.468], [77.467, 8.469], [77.464, 8.463], [77.472, 8.452], [77.464, 8.442], [77.463, 8.43], [77.469, 8.415], [77.473, 8.416], [77.472, 8.401], [77.489, 8.389], [77.49, 8.381], [77.499, 8.381], [77.508, 8.386], [77.52, 8.382], [77.524, 8.39], [77.531, 8.392], [77.542, 8.379], [77.534, 8.368], [77.535, 8.36], [77.541, 8.36], [77.545, 8.394], [77.556, 8.403], [77.551, 8.411], [77.557, 8.412], [77.561, 8.405], [77.571, 8.416], [77.575, 8.408], [77.583, 8.408], [77.587, 8.42], [77.594, 8.414], [77.611, 8.41], [77.6, 8.427], [77.617, 8.416], [77.621, 8.421], [77.617, 8.427], [77.622, 8.428], [77.625, 8.42], [77.621, 8.406], [77.628, 8.405], [77.632, 8.421], [77.64, 8.39], [77.649, 8.394], [77.651, 8.387], [77.669, 8.4], [77.66, 8.409], [77.667, 8.412], [77.666, 8.416], [77.651, 8.42], [77.646, 8.425], [77.645, 8.439], [77.654, 8.438], [77.659, 8.432], [77.683, 8.43], [77.694, 8.441], [77.706, 8.44], [77.704, 8.433], [77.711, 8.432], [77.717, 8.415], [77.726, 8.409], [77.726, 8.401], [77.742, 8.396], [77.744, 8.411], [77.757, 8.404], [77.777, 8.366], [77.801, 8.372], [77.804, 8.367], [77.828, 8.367], [77.828, 8.372], [77.837, 8.373], [77.838, 8.38], [77.835, 8.383], [77.858, 8.387], [77.86, 8.393], [77.86, 8.401], [77.854, 8.403], [77.849, 8.422], [77.833, 8.433], [77.84, 8.451], [77.832, 8.456], [77.842, 8.472], [77.84, 8.485], [77.83, 8.489], [77.827, 8.515], [77.814, 8.521], [77.814, 8.53], [77.808, 8.533], [77.808, 8.537], [77.818, 8.535], [77.82, 8.542], [77.82, 8.552], [77.813, 8.554], [77.815, 8.563], [77.812, 8.565], [77.812, 8.57], [77.807, 8.572], [77.796, 8.566], [77.803, 8.577], [77.781, 8.584], [77.788, 8.624], [77.795, 8.614], [77.805, 8.615], [77.806, 8.621], [77.819, 8.633], [77.819, 8.65], [77.807, 8.647], [77.805, 8.652], [77.814, 8.664], [77.817, 8.672], [77.825, 8.673], [77.824, 8.681], [77.812, 8.682], [77.827, 8.733], [77.817, 8.773], [77.847, 8.788], [77.846, 8.795], [77.852, 8.803], [77.831, 8.832], [77.82, 8.839]]]}}, {"type": "Feature", "properties": {"id": "TN-228", "ac_no": 228, "name": "Radhapuram", "district": "TIRUNELVELI", "pc": "TIRUNELVELI"}, "geometry": {"type": "Polygon", "coordinates": [[[77.838, 8.38], [77.837, 8.373], [77.828, 8.372], [77.828, 8.367], [77.804, 8.367], [77.801, 8.372], [77.777, 8.366], [77.757, 8.404], [77.744, 8.411], [77.742, 8.396], [77.726, 8.401], [77.726, 8.409], [77.717, 8.415], [77.711, 8.432], [77.704, 8.433], [77.706, 8.44], [77.694, 8.441], [77.683, 8.43], [77.659, 8.432], [77.654, 8.438], [77.645, 8.439], [77.646, 8.425], [77.651, 8.42], [77.666, 8.416], [77.667, 8.412], [77.66, 8.409], [77.669, 8.4], [77.651, 8.387], [77.649, 8.394], [77.64, 8.39], [77.632, 8.421], [77.628, 8.405], [77.621, 8.406], [77.625, 8.42], [77.622, 8.428], [77.617, 8.427], [77.621, 8.421], [77.617, 8.416], [77.6, 8.427], [77.611, 8.41], [77.594, 8.414], [77.587, 8.42], [77.583, 8.408], [77.575, 8.408], [77.571, 8.416], [77.561, 8.405], [77.557, 8.412], [77.551, 8.411], [77.556, 8.403], [77.545, 8.394], [77.541, 8.36], [77.535, 8.36], [77.542, 8.335], [77.532, 8.336], [77.535, 8.325], [77.531, 8.319], [77.542, 8.311], [77.548, 8.296], [77.564, 8.279], [77.553, 8.277], [77.563, 8.275], [77.558, 8.27], [77.563, 8.269], [77.563, 8.26], [77.574, 8.255], [77.577, 8.244], [77.57, 8.249], [77.57, 8.243], [77.548, 8.245], [77.545, 8.24], [77.542, 8.232], [77.546, 8.227], [77.541, 8.222], [77.55, 8.22], [77.544, 8.217], [77.544, 8.206], [77.55, 8.206], [77.546, 8.196], [77.553, 8.192], [77.542, 8.185], [77.547, 8.18], [77.538, 8.174], [77.539, 8.163], [77.571, 8.152], [77.584, 8.155], [77.582, 8.149], [77.588, 8.147], [77.59, 8.14], [77.605, 8.147], [77.621, 8.146], [77.642, 8.154], [77.73, 8.164], [77.758, 8.145], [77.774, 8.156], [77.794, 8.162], [77.806, 8.18], [77.804, 8.203], [77.832, 8.229], [77.841, 8.252], [77.891, 8.271], [77.915, 8.292], [77.949, 8.312], [77.974, 8.337], [77.969, 8.34], [77.965, 8.335], [77.949, 8.337], [77.913, 8.324], [77.891, 8.326], [77.885, 8.35], [77.874, 8.352], [77.862, 8.342], [77.858, 8.345], [77.86, 8.358], [77.848, 8.355], [77.849, 8.364], [77.842, 8.365], [77.855, 8.373], [77.854, 8.376], [77.838, 8.38]]]}}, {"type": "Feature", "properties": {"id": "TN-229", "ac_no": 229, "name": "Kanniyakumari", "district": "KANNIYAKUMARI", "pc": "KANNIYAKUMARI"}, "geometry": {"type": "Polygon", "coordinates": [[[77.535, 8.36], [77.534, 8.368], [77.542, 8.379], [77.531, 8.392], [77.524, 8.39], [77.52, 8.382], [77.508, 8.386], [77.499, 8.381], [77.49, 8.381], [77.489, 8.389], [77.472, 8.401], [77.473, 8.416], [77.469, 8.415], [77.463, 8.43], [77.464, 8.442], [77.472, 8.452], [77.464, 8.463], [77.467, 8.469], [77.458, 8.468], [77.446, 8.475], [77.441, 8.461], [77.442, 8.442], [77.438, 8.433], [77.43, 8.427], [77.419, 8.425], [77.404, 8.411], [77.406, 8.401], [77.391, 8.374], [77.39, 8.366], [77.402, 8.361], [77.405, 8.343], [77.383, 8.314], [77.395, 8.299], [77.381, 8.292], [77.384, 8.277], [77.379, 8.272], [77.395, 8.253], [77.398, 8.234], [77.395, 8.227], [77.415, 8.224], [77.418, 8.219], [77.425, 8.227], [77.436, 8.22], [77.44, 8.233], [77.442, 8.226], [77.441, 8.208], [77.446, 8.2], [77.455, 8.208], [77.462, 8.208], [77.466, 8.203], [77.469, 8.205], [77.468, 8.197], [77.465, 8.184], [77.459, 8.18], [77.459, 8.17], [77.451, 8.166], [77.453, 8.15], [77.425, 8.153], [77.421, 8.129], [77.413, 8.125], [77.412, 8.104], [77.526, 8.081], [77.531, 8.077], [77.556, 8.077], [77.561, 8.088], [77.571, 8.093], [77.566, 8.101], [77.566, 8.117], [77.583, 8.137], [77.59, 8.14], [77.588, 8.147], [77.582, 8.149], [77.584, 8.155], [77.571, 8.152], [77.539, 8.163], [77.538, 8.174], [77.547, 8.18], [77.542, 8.185], [77.553, 8.192], [77.546, 8.196], [77.55, 8.206], [77.544, 8.206], [77.544, 8.217], [77.55, 8.22], [77.541, 8.222], [77.546, 8.227], [77.542, 8.232], [77.545, 8.24], [77.548, 8.245], [77.57, 8.243], [77.57, 8.249], [77.577, 8.244], [77.574, 8.255], [77.563, 8.26], [77.563, 8.269], [77.558, 8.27], [77.563, 8.275], [77.553, 8.277], [77.564, 8.279], [77.548, 8.296], [77.542, 8.311], [77.531, 8.319], [77.535, 8.325], [77.532, 8.336], [77.542, 8.335], [77.535, 8.36]]]}}, {"type": "Feature", "properties": {"id": "TN-230", "ac_no": 230, "name": "Nagercoil", "district": "KANNIYAKUMARI", "pc": "KANNIYAKUMARI"}, "geometry": {"type": "Polygon", "coordinates": [[[77.412, 8.104], [77.413, 8.125], [77.421, 8.129], [77.425, 8.153], [77.453, 8.15], [77.451, 8.166], [77.459, 8.17], [77.459, 8.18], [77.465, 8.184], [77.468, 8.197], [77.469, 8.205], [77.466, 8.203], [77.462, 8.208], [77.455, 8.208], [77.446, 8.2], [77.441, 8.208], [77.442, 8.226], [77.44, 8.233], [77.436, 8.22], [77.425, 8.227], [77.418, 8.219], [77.415, 8.224], [77.395, 8.227], [77.389, 8.215], [77.398, 8.196], [77.393, 8.183], [77.386, 8.175], [77.38, 8.175], [77.378, 8.188], [77.371, 8.183], [77.351, 8.164], [77.354, 8.152], [77.338, 8.146], [77.331, 8.136], [77.337, 8.126], [77.412, 8.104]]]}}, {"type": "Feature", "properties": {"id": "TN-231", "ac_no": 231, "name": "Colachel", "district": "KANNIYAKUMARI", "pc": "KANNIYAKUMARI"}, "geometry": {"type": "MultiPolygon", "coordinates": [[[[77.302, 8.14], [77.302, 8.141], [77.301, 8.141], [77.302, 8.14]]], [[[77.301, 8.141], [77.301, 8.141], [77.301, 8.141], [77.301, 8.141]]], [[[77.302, 8.141], [77.302, 8.142], [77.302, 8.141], [77.302, 8.141]]], [[[77.301, 8.141], [77.301, 8.142], [77.301, 8.141], [77.301, 8.141]]], [[[77.251, 8.168], [77.251, 8.169], [77.25, 8.168], [77.251, 8.168]]], [[[77.246, 8.172], [77.243, 8.171], [77.245, 8.17], [77.246, 8.172]]], [[[77.237, 8.176], [77.236, 8.176], [77.24, 8.174], [77.237, 8.176]]], [[[77.227, 8.187], [77.227, 8.188], [77.227, 8.188], [77.227, 8.187]]], [[[77.395, 8.227], [77.398, 8.234], [77.395, 8.253], [77.364, 8.232], [77.355, 8.233], [77.353, 8.228], [77.332, 8.24], [77.326, 8.228], [77.271, 8.213], [77.239, 8.208], [77.228, 8.19], [77.233, 8.18], [77.248, 8.172], [77.255, 8.172], [77.281, 8.159], [77.3, 8.146], [77.304, 8.137], [77.317, 8.153], [77.316, 8.171], [77.326, 8.169], [77.326, 8.14], [77.331, 8.136], [77.338, 8.146], [77.354, 8.152], [77.351, 8.164], [77.371, 8.183], [77.378, 8.188], [77.38, 8.175], [77.386, 8.175], [77.393, 8.183], [77.398, 8.196], [77.389, 8.215], [77.395, 8.227]], [[77.245, 8.174], [77.244, 8.174], [77.245, 8.174], [77.245, 8.174]]], [[[77.272, 8.231], [77.276, 8.237], [77.296, 8.246], [77.296, 8.263], [77.276, 8.289], [77.253, 8.302], [77.255, 8.296], [77.248, 8.282], [77.25, 8.272], [77.246, 8.268], [77.243, 8.266], [77.248, 8.255], [77.243, 8.249], [77.243, 8.242], [77.253, 8.231], [77.259, 8.234], [77.272, 8.231]]]]}}, {"type": "Feature", "properties": {"id": "TN-232", "ac_no": 232, "name": "Padmanabhapuram", "district": "KANNIYAKUMARI", "pc": "KANNIYAKUMARI"}, "geometry": {"type": "MultiPolygon", "coordinates": [[[[77.317, 8.122], [77.317, 8.122], [77.317, 8.122], [77.317, 8.122]]], [[[77.323, 8.123], [77.322, 8.122], [77.323, 8.122], [77.323, 8.123]]], [[[77.325, 8.123], [77.325, 8.124], [77.325, 8.124], [77.325, 8.123]]], [[[77.311, 8.126], [77.31, 8.125], [77.311, 8.125], [77.311, 8.126]]], [[[77.31, 8.126], [77.31, 8.127], [77.305, 8.129], [77.31, 8.126]]], [[[77.331, 8.136], [77.326, 8.14], [77.326, 8.169], [77.316, 8.171], [77.317, 8.153], [77.304, 8.137], [77.304, 8.132], [77.306, 8.131], [77.307, 8.129], [77.311, 8.127], [77.312, 8.125], [77.316, 8.122], [77.322, 8.123], [77.326, 8.127], [77.337, 8.126], [77.331, 8.136]], [[77.324, 8.125], [77.323, 8.126], [77.325, 8.127], [77.324, 8.125]]], [[[77.364, 8.53], [77.361, 8.541], [77.357, 8.538], [77.35, 8.543], [77.351, 8.546], [77.348, 8.545], [77.334, 8.553], [77.334, 8.541], [77.315, 8.539], [77.312, 8.52], [77.304, 8.511], [77.302, 8.493], [77.308, 8.487], [77.304, 8.473], [77.313, 8.458], [77.305, 8.434], [77.294, 8.429], [77.29, 8.421], [77.286, 8.422], [77.276, 8.403], [77.262, 8.4], [77.26, 8.396], [77.259, 8.355], [77.247, 8.348], [77.254, 8.343], [77.247, 8.334], [77.253, 8.32], [77.249, 8.311], [77.253, 8.302], [77.276, 8.289], [77.296, 8.263], [77.296, 8.246], [77.276, 8.237], [77.272, 8.231], [77.271, 8.213], [77.326, 8.228], [77.332, 8.24], [77.353, 8.228], [77.355, 8.233], [77.364, 8.232], [77.395, 8.253], [77.379, 8.272], [77.384, 8.277], [77.381, 8.292], [77.395, 8.299], [77.383, 8.314], [77.405, 8.343], [77.402, 8.361], [77.39, 8.366], [77.391, 8.374], [77.406, 8.401], [77.404, 8.411], [77.419, 8.425], [77.43, 8.427], [77.438, 8.433], [77.442, 8.442], [77.441, 8.461], [77.446, 8.475], [77.445, 8.485], [77.449, 8.487], [77.446, 8.498], [77.44, 8.506], [77.434, 8.505], [77.429, 8.511], [77.39, 8.523], [77.378, 8.523], [77.376, 8.517], [77.364, 8.53]]]]}}, {"type": "Feature", "properties": {"id": "TN-233", "ac_no": 233, "name": "Vilavancode", "district": "KANNIYAKUMARI", "pc": "KANNIYAKUMARI"}, "geometry": {"type": "Polygon", "coordinates": [[[77.334, 8.553], [77.289, 8.57], [77.287, 8.567], [77.269, 8.579], [77.274, 8.56], [77.284, 8.547], [77.275, 8.538], [77.262, 8.507], [77.251, 8.506], [77.239, 8.497], [77.23, 8.509], [77.214, 8.513], [77.202, 8.502], [77.202, 8.499], [77.211, 8.492], [77.214, 8.471], [77.225, 8.461], [77.227, 8.448], [77.206, 8.445], [77.196, 8.429], [77.197, 8.42], [77.183, 8.404], [77.182, 8.396], [77.168, 8.384], [77.161, 8.39], [77.151, 8.385], [77.152, 8.381], [77.16, 8.381], [77.161, 8.374], [77.152, 8.355], [77.168, 8.364], [77.174, 8.359], [77.175, 8.349], [77.167, 8.343], [77.168, 8.335], [77.177, 8.326], [77.183, 8.325], [77.188, 8.31], [77.177, 8.3], [77.176, 8.294], [77.183, 8.286], [77.183, 8.278], [77.198, 8.276], [77.203, 8.28], [77.219, 8.281], [77.231, 8.27], [77.246, 8.268], [77.25, 8.272], [77.248, 8.282], [77.255, 8.296], [77.253, 8.302], [77.249, 8.311], [77.253, 8.32], [77.247, 8.334], [77.254, 8.343], [77.247, 8.348], [77.259, 8.355], [77.26, 8.396], [77.262, 8.4], [77.276, 8.403], [77.286, 8.422], [77.29, 8.421], [77.294, 8.429], [77.305, 8.434], [77.313, 8.458], [77.304, 8.473], [77.308, 8.487], [77.302, 8.493], [77.304, 8.511], [77.312, 8.52], [77.315, 8.539], [77.334, 8.541], [77.334, 8.553]]]}}, {"type": "Feature", "properties": {"id": "TN-234", "ac_no": 234, "name": "Killiyoor", "district": "KANNIYAKUMARI", "pc": "KANNIYAKUMARI"}, "geometry": {"type": "Polygon", "coordinates": [[[77.177, 8.326], [77.18, 8.323], [77.173, 8.319], [77.168, 8.334], [77.154, 8.328], [77.148, 8.332], [77.129, 8.325], [77.13, 8.322], [77.119, 8.321], [77.122, 8.309], [77.116, 8.31], [77.114, 8.305], [77.103, 8.307], [77.098, 8.293], [77.152, 8.252], [77.186, 8.217], [77.222, 8.197], [77.228, 8.19], [77.239, 8.208], [77.271, 8.213], [77.272, 8.231], [77.259, 8.234], [77.253, 8.231], [77.243, 8.242], [77.243, 8.249], [77.248, 8.255], [77.243, 8.266], [77.246, 8.268], [77.231, 8.27], [77.219, 8.281], [77.203, 8.28], [77.198, 8.276], [77.183, 8.278], [77.183, 8.286], [77.176, 8.294], [77.177, 8.3], [77.188, 8.31], [77.183, 8.325], [77.177, 8.326]]]}}]}